<annotation>
	<folder></folder>
	<filename>053_34e75ccb_jpg.rf.d05e6161e0ba4558679551cf64e295d1.jpg</filename>
	<path>053_34e75ccb_jpg.rf.d05e6161e0ba4558679551cf64e295d1.jpg</path>
	<source>
		<database>roboflow.ai</database>
	</source>
	<size>
		<width>300</width>
		<height>370</height>
		<depth>3</depth>
	</size>
	<segmented>0</segmented>
	<object>
		<name>leopard</name>
		<pose>Unspecified</pose>
		<truncated>0</truncated>
		<difficult>0</difficult>
		<occluded>0</occluded>
		<bndbox>
			<xmin>33</xmin>
			<xmax>299</xmax>
			<ymin>5</ymin>
			<ymax>370</ymax>
		</bndbox>
	</object>
</annotation>
