<annotation>
	<folder></folder>
	<filename>034_jpg.rf.f8e71cdbe9a7213b1b123ee7b0edd59e.jpg</filename>
	<path>034_jpg.rf.f8e71cdbe9a7213b1b123ee7b0edd59e.jpg</path>
	<source>
		<database>roboflow.ai</database>
	</source>
	<size>
		<width>640</width>
		<height>478</height>
		<depth>3</depth>
	</size>
	<segmented>0</segmented>
	<object>
		<name>elephant</name>
		<pose>Unspecified</pose>
		<truncated>0</truncated>
		<difficult>0</difficult>
		<occluded>0</occluded>
		<bndbox>
			<xmin>340</xmin>
			<xmax>640</xmax>
			<ymin>135</ymin>
			<ymax>453</ymax>
		</bndbox>
	</object>
	<object>
		<name>elephant</name>
		<pose>Unspecified</pose>
		<truncated>0</truncated>
		<difficult>0</difficult>
		<occluded>0</occluded>
		<bndbox>
			<xmin>28</xmin>
			<xmax>163</xmax>
			<ymin>141</ymin>
			<ymax>378</ymax>
		</bndbox>
	</object>
</annotation>
