<annotation>
	<folder></folder>
	<filename>088_8ac131e0_jpg.rf.939d8de2e8c5e26f74acf045a1f397ac.jpg</filename>
	<path>088_8ac131e0_jpg.rf.939d8de2e8c5e26f74acf045a1f397ac.jpg</path>
	<source>
		<database>roboflow.ai</database>
	</source>
	<size>
		<width>474</width>
		<height>474</height>
		<depth>3</depth>
	</size>
	<segmented>0</segmented>
	<object>
		<name>lion</name>
		<pose>Unspecified</pose>
		<truncated>0</truncated>
		<difficult>0</difficult>
		<occluded>0</occluded>
		<bndbox>
			<xmin>73</xmin>
			<xmax>474</xmax>
			<ymin>85</ymin>
			<ymax>430</ymax>
		</bndbox>
	</object>
</annotation>
