<annotation>
	<folder></folder>
	<filename>070_jpg.rf.078db868e7339a10b6edb959d09539b7.jpg</filename>
	<path>070_jpg.rf.078db868e7339a10b6edb959d09539b7.jpg</path>
	<source>
		<database>roboflow.ai</database>
	</source>
	<size>
		<width>1125</width>
		<height>750</height>
		<depth>3</depth>
	</size>
	<segmented>0</segmented>
	<object>
		<name>buffalo</name>
		<pose>Unspecified</pose>
		<truncated>0</truncated>
		<difficult>0</difficult>
		<occluded>0</occluded>
		<bndbox>
			<xmin>680</xmin>
			<xmax>1125</xmax>
			<ymin>106</ymin>
			<ymax>689</ymax>
		</bndbox>
	</object>
	<object>
		<name>buffalo</name>
		<pose>Unspecified</pose>
		<truncated>0</truncated>
		<difficult>0</difficult>
		<occluded>0</occluded>
		<bndbox>
			<xmin>41</xmin>
			<xmax>445</xmax>
			<ymin>106</ymin>
			<ymax>701</ymax>
		</bndbox>
	</object>
	<object>
		<name>buffalo</name>
		<pose>Unspecified</pose>
		<truncated>0</truncated>
		<difficult>0</difficult>
		<occluded>0</occluded>
		<bndbox>
			<xmin>416</xmin>
			<xmax>688</xmax>
			<ymin>163</ymin>
			<ymax>650</ymax>
		</bndbox>
	</object>
</annotation>
