<annotation>
	<folder></folder>
	<filename>060_4713732f_jpg.rf.21a6edd88d1be68ba0876b0083c02d0d.jpg</filename>
	<path>060_4713732f_jpg.rf.21a6edd88d1be68ba0876b0083c02d0d.jpg</path>
	<source>
		<database>roboflow.ai</database>
	</source>
	<size>
		<width>474</width>
		<height>474</height>
		<depth>3</depth>
	</size>
	<segmented>0</segmented>
	<object>
		<name>lion</name>
		<pose>Unspecified</pose>
		<truncated>0</truncated>
		<difficult>0</difficult>
		<occluded>0</occluded>
		<bndbox>
			<xmin>46</xmin>
			<xmax>474</xmax>
			<ymin>32</ymin>
			<ymax>463</ymax>
		</bndbox>
	</object>
</annotation>
