<annotation>
	<folder></folder>
	<filename>096_jpg.rf.396107b1ff290bc9c2c6f856aed16caa.jpg</filename>
	<path>096_jpg.rf.396107b1ff290bc9c2c6f856aed16caa.jpg</path>
	<source>
		<database>roboflow.ai</database>
	</source>
	<size>
		<width>1200</width>
		<height>800</height>
		<depth>3</depth>
	</size>
	<segmented>0</segmented>
	<object>
		<name>rhino</name>
		<pose>Unspecified</pose>
		<truncated>0</truncated>
		<difficult>0</difficult>
		<occluded>0</occluded>
		<bndbox>
			<xmin>142</xmin>
			<xmax>1101</xmax>
			<ymin>237</ymin>
			<ymax>757</ymax>
		</bndbox>
	</object>
</annotation>
