<annotation>
	<folder></folder>
	<filename>086_e3ebb1f9_jpg.rf.b6a10460a638d2092ae715eceeb393fc.jpg</filename>
	<path>086_e3ebb1f9_jpg.rf.b6a10460a638d2092ae715eceeb393fc.jpg</path>
	<source>
		<database>roboflow.ai</database>
	</source>
	<size>
		<width>474</width>
		<height>478</height>
		<depth>3</depth>
	</size>
	<segmented>0</segmented>
	<object>
		<name>leopard</name>
		<pose>Unspecified</pose>
		<truncated>0</truncated>
		<difficult>0</difficult>
		<occluded>0</occluded>
		<bndbox>
			<xmin>49</xmin>
			<xmax>439</xmax>
			<ymin>228</ymin>
			<ymax>395</ymax>
		</bndbox>
	</object>
</annotation>
