<annotation>
	<folder></folder>
	<filename>042_37ab7cf2_jpg.rf.0110920140ca6e401393efdc74621623.jpg</filename>
	<path>042_37ab7cf2_jpg.rf.0110920140ca6e401393efdc74621623.jpg</path>
	<source>
		<database>roboflow.ai</database>
	</source>
	<size>
		<width>474</width>
		<height>500</height>
		<depth>3</depth>
	</size>
	<segmented>0</segmented>
	<object>
		<name>leopard</name>
		<pose>Unspecified</pose>
		<truncated>0</truncated>
		<difficult>0</difficult>
		<occluded>0</occluded>
		<bndbox>
			<xmin>105</xmin>
			<xmax>213</xmax>
			<ymin>160</ymin>
			<ymax>397</ymax>
		</bndbox>
	</object>
</annotation>
