<annotation>
	<folder></folder>
	<filename>020_974dfd57_jpg.rf.6a53f0863c5d012fcb17da5f79a406e3.jpg</filename>
	<path>020_974dfd57_jpg.rf.6a53f0863c5d012fcb17da5f79a406e3.jpg</path>
	<source>
		<database>roboflow.ai</database>
	</source>
	<size>
		<width>474</width>
		<height>474</height>
		<depth>3</depth>
	</size>
	<segmented>0</segmented>
	<object>
		<name>leopard</name>
		<pose>Unspecified</pose>
		<truncated>0</truncated>
		<difficult>0</difficult>
		<occluded>0</occluded>
		<bndbox>
			<xmin>1</xmin>
			<xmax>431</xmax>
			<ymin>32</ymin>
			<ymax>474</ymax>
		</bndbox>
	</object>
</annotation>
