<annotation>
	<folder></folder>
	<filename>022_44e38d4a_jpg.rf.bff802fb95ff05832290358280a84373.jpg</filename>
	<path>022_44e38d4a_jpg.rf.bff802fb95ff05832290358280a84373.jpg</path>
	<source>
		<database>roboflow.ai</database>
	</source>
	<size>
		<width>474</width>
		<height>478</height>
		<depth>3</depth>
	</size>
	<segmented>0</segmented>
	<object>
		<name>lion</name>
		<pose>Unspecified</pose>
		<truncated>0</truncated>
		<difficult>0</difficult>
		<occluded>0</occluded>
		<bndbox>
			<xmin>114</xmin>
			<xmax>353</xmax>
			<ymin>64</ymin>
			<ymax>390</ymax>
		</bndbox>
	</object>
</annotation>
