<annotation>
	<folder></folder>
	<filename>082_e60e0159_jpg.rf.1f76fce0b003bdc41d36adb4bb235bf6.jpg</filename>
	<path>082_e60e0159_jpg.rf.1f76fce0b003bdc41d36adb4bb235bf6.jpg</path>
	<source>
		<database>roboflow.ai</database>
	</source>
	<size>
		<width>474</width>
		<height>500</height>
		<depth>3</depth>
	</size>
	<segmented>0</segmented>
	<object>
		<name>lion</name>
		<pose>Unspecified</pose>
		<truncated>0</truncated>
		<difficult>0</difficult>
		<occluded>0</occluded>
		<bndbox>
			<xmin>38</xmin>
			<xmax>474</xmax>
			<ymin>32</ymin>
			<ymax>433</ymax>
		</bndbox>
	</object>
</annotation>
