<annotation>
	<folder></folder>
	<filename>009_jpg.rf.e8e9f52bdae0fec887f1eadc00af1d1e.jpg</filename>
	<path>009_jpg.rf.e8e9f52bdae0fec887f1eadc00af1d1e.jpg</path>
	<source>
		<database>roboflow.ai</database>
	</source>
	<size>
		<width>450</width>
		<height>353</height>
		<depth>3</depth>
	</size>
	<segmented>0</segmented>
	<object>
		<name>buffalo</name>
		<pose>Unspecified</pose>
		<truncated>0</truncated>
		<difficult>0</difficult>
		<occluded>0</occluded>
		<bndbox>
			<xmin>77</xmin>
			<xmax>378</xmax>
			<ymin>89</ymin>
			<ymax>288</ymax>
		</bndbox>
	</object>
</annotation>
