<annotation>
	<folder></folder>
	<filename>053_2972721b_jpg.rf.651ee06f426d8977847c804703203f76.jpg</filename>
	<path>053_2972721b_jpg.rf.651ee06f426d8977847c804703203f76.jpg</path>
	<source>
		<database>roboflow.ai</database>
	</source>
	<size>
		<width>474</width>
		<height>474</height>
		<depth>3</depth>
	</size>
	<segmented>0</segmented>
	<object>
		<name>lion</name>
		<pose>Unspecified</pose>
		<truncated>0</truncated>
		<difficult>0</difficult>
		<occluded>0</occluded>
		<bndbox>
			<xmin>1</xmin>
			<xmax>474</xmax>
			<ymin>33</ymin>
			<ymax>474</ymax>
		</bndbox>
	</object>
</annotation>
