<annotation>
	<folder></folder>
	<filename>017_jpg.rf.0667e71733942f67b7a5c91173f851f7.jpg</filename>
	<path>017_jpg.rf.0667e71733942f67b7a5c91173f851f7.jpg</path>
	<source>
		<database>roboflow.ai</database>
	</source>
	<size>
		<width>540</width>
		<height>360</height>
		<depth>3</depth>
	</size>
	<segmented>0</segmented>
	<object>
		<name>rhino</name>
		<pose>Unspecified</pose>
		<truncated>0</truncated>
		<difficult>0</difficult>
		<occluded>0</occluded>
		<bndbox>
			<xmin>30</xmin>
			<xmax>485</xmax>
			<ymin>108</ymin>
			<ymax>329</ymax>
		</bndbox>
	</object>
</annotation>
