<annotation>
	<folder></folder>
	<filename>043_jpg.rf.b5ab4d3c7d462393cb10035aed76c1b9.jpg</filename>
	<path>043_jpg.rf.b5ab4d3c7d462393cb10035aed76c1b9.jpg</path>
	<source>
		<database>roboflow.ai</database>
	</source>
	<size>
		<width>593</width>
		<height>400</height>
		<depth>3</depth>
	</size>
	<segmented>0</segmented>
	<object>
		<name>rhino</name>
		<pose>Unspecified</pose>
		<truncated>0</truncated>
		<difficult>0</difficult>
		<occluded>0</occluded>
		<bndbox>
			<xmin>26</xmin>
			<xmax>451</xmax>
			<ymin>86</ymin>
			<ymax>313</ymax>
		</bndbox>
	</object>
</annotation>
