<annotation>
	<folder></folder>
	<filename>060_jpg.rf.33fb543ad2b0b5b55e4cd7663125c6e2.jpg</filename>
	<path>060_jpg.rf.33fb543ad2b0b5b55e4cd7663125c6e2.jpg</path>
	<source>
		<database>roboflow.ai</database>
	</source>
	<size>
		<width>231</width>
		<height>150</height>
		<depth>3</depth>
	</size>
	<segmented>0</segmented>
	<object>
		<name>buffalo</name>
		<pose>Unspecified</pose>
		<truncated>0</truncated>
		<difficult>0</difficult>
		<occluded>0</occluded>
		<bndbox>
			<xmin>2</xmin>
			<xmax>211</xmax>
			<ymin>33</ymin>
			<ymax>150</ymax>
		</bndbox>
	</object>
</annotation>
