<annotation>
	<folder></folder>
	<filename>015_24054c18_jpg.rf.97ab5c1bd30c551f52bca082861bc1ac.jpg</filename>
	<path>015_24054c18_jpg.rf.97ab5c1bd30c551f52bca082861bc1ac.jpg</path>
	<source>
		<database>roboflow.ai</database>
	</source>
	<size>
		<width>474</width>
		<height>417</height>
		<depth>3</depth>
	</size>
	<segmented>0</segmented>
	<object>
		<name>leopard</name>
		<pose>Unspecified</pose>
		<truncated>0</truncated>
		<difficult>0</difficult>
		<occluded>0</occluded>
		<bndbox>
			<xmin>1</xmin>
			<xmax>281</xmax>
			<ymin>52</ymin>
			<ymax>417</ymax>
		</bndbox>
	</object>
</annotation>
