<annotation>
	<folder></folder>
	<filename>100_jpg.rf.37c80107c5ae85f618c60381725268c2.jpg</filename>
	<path>100_jpg.rf.37c80107c5ae85f618c60381725268c2.jpg</path>
	<source>
		<database>roboflow.ai</database>
	</source>
	<size>
		<width>640</width>
		<height>429</height>
		<depth>3</depth>
	</size>
	<segmented>0</segmented>
	<object>
		<name>elephant</name>
		<pose>Unspecified</pose>
		<truncated>0</truncated>
		<difficult>0</difficult>
		<occluded>0</occluded>
		<bndbox>
			<xmin>2</xmin>
			<xmax>367</xmax>
			<ymin>2</ymin>
			<ymax>429</ymax>
		</bndbox>
	</object>
	<object>
		<name>elephant</name>
		<pose>Unspecified</pose>
		<truncated>0</truncated>
		<difficult>0</difficult>
		<occluded>0</occluded>
		<bndbox>
			<xmin>335</xmin>
			<xmax>569</xmax>
			<ymin>29</ymin>
			<ymax>423</ymax>
		</bndbox>
	</object>
</annotation>
