<annotation>
	<folder></folder>
	<filename>093_55d7cc32_jpg.rf.d2243f3b80abd1920722fc7edb4146e4.jpg</filename>
	<path>093_55d7cc32_jpg.rf.d2243f3b80abd1920722fc7edb4146e4.jpg</path>
	<source>
		<database>roboflow.ai</database>
	</source>
	<size>
		<width>474</width>
		<height>505</height>
		<depth>3</depth>
	</size>
	<segmented>0</segmented>
	<object>
		<name>leopard</name>
		<pose>Unspecified</pose>
		<truncated>0</truncated>
		<difficult>0</difficult>
		<occluded>0</occluded>
		<bndbox>
			<xmin>33</xmin>
			<xmax>433</xmax>
			<ymin>173</ymin>
			<ymax>316</ymax>
		</bndbox>
	</object>
</annotation>
