<annotation>
	<folder></folder>
	<filename>013_bcb6572c_jpg.rf.7db4d000d75eb6997432df3d44e595d9.jpg</filename>
	<path>013_bcb6572c_jpg.rf.7db4d000d75eb6997432df3d44e595d9.jpg</path>
	<source>
		<database>roboflow.ai</database>
	</source>
	<size>
		<width>474</width>
		<height>592</height>
		<depth>3</depth>
	</size>
	<segmented>0</segmented>
	<object>
		<name>leopard</name>
		<pose>Unspecified</pose>
		<truncated>0</truncated>
		<difficult>0</difficult>
		<occluded>0</occluded>
		<bndbox>
			<xmin>26</xmin>
			<xmax>393</xmax>
			<ymin>144</ymin>
			<ymax>592</ymax>
		</bndbox>
	</object>
</annotation>
