<annotation>
	<folder></folder>
	<filename>021_c7d00e11_jpg.rf.e8eae5a294a3e1b6e3a3a8588755b4a8.jpg</filename>
	<path>021_c7d00e11_jpg.rf.e8eae5a294a3e1b6e3a3a8588755b4a8.jpg</path>
	<source>
		<database>roboflow.ai</database>
	</source>
	<size>
		<width>474</width>
		<height>498</height>
		<depth>3</depth>
	</size>
	<segmented>0</segmented>
	<object>
		<name>leopard</name>
		<pose>Unspecified</pose>
		<truncated>0</truncated>
		<difficult>0</difficult>
		<occluded>0</occluded>
		<bndbox>
			<xmin>54</xmin>
			<xmax>439</xmax>
			<ymin>45</ymin>
			<ymax>475</ymax>
		</bndbox>
	</object>
</annotation>
