<annotation>
	<folder></folder>
	<filename>096_28e02e21_jpg.rf.6fdc8daf04cde915c6335585749887fc.jpg</filename>
	<path>096_28e02e21_jpg.rf.6fdc8daf04cde915c6335585749887fc.jpg</path>
	<source>
		<database>roboflow.ai</database>
	</source>
	<size>
		<width>474</width>
		<height>500</height>
		<depth>3</depth>
	</size>
	<segmented>0</segmented>
	<object>
		<name>leopard</name>
		<pose>Unspecified</pose>
		<truncated>0</truncated>
		<difficult>0</difficult>
		<occluded>0</occluded>
		<bndbox>
			<xmin>92</xmin>
			<xmax>246</xmax>
			<ymin>130</ymin>
			<ymax>348</ymax>
		</bndbox>
	</object>
</annotation>
