<annotation>
	<folder></folder>
	<filename>050_8a564e49_jpg.rf.7b4632b49e8ebe20bcbd742340e72b24.jpg</filename>
	<path>050_8a564e49_jpg.rf.7b4632b49e8ebe20bcbd742340e72b24.jpg</path>
	<source>
		<database>roboflow.ai</database>
	</source>
	<size>
		<width>474</width>
		<height>395</height>
		<depth>3</depth>
	</size>
	<segmented>0</segmented>
	<object>
		<name>lion</name>
		<pose>Unspecified</pose>
		<truncated>0</truncated>
		<difficult>0</difficult>
		<occluded>0</occluded>
		<bndbox>
			<xmin>28</xmin>
			<xmax>387</xmax>
			<ymin>96</ymin>
			<ymax>328</ymax>
		</bndbox>
	</object>
</annotation>
