<annotation>
	<folder></folder>
	<filename>015_jpg.rf.decbfbe54b1e51c3177a045274a0a9bf.jpg</filename>
	<path>015_jpg.rf.decbfbe54b1e51c3177a045274a0a9bf.jpg</path>
	<source>
		<database>roboflow.ai</database>
	</source>
	<size>
		<width>410</width>
		<height>297</height>
		<depth>3</depth>
	</size>
	<segmented>0</segmented>
	<object>
		<name>rhino</name>
		<pose>Unspecified</pose>
		<truncated>0</truncated>
		<difficult>0</difficult>
		<occluded>0</occluded>
		<bndbox>
			<xmin>2</xmin>
			<xmax>263</xmax>
			<ymin>4</ymin>
			<ymax>296</ymax>
		</bndbox>
	</object>
	<object>
		<name>rhino</name>
		<pose>Unspecified</pose>
		<truncated>0</truncated>
		<difficult>0</difficult>
		<occluded>0</occluded>
		<bndbox>
			<xmin>103</xmin>
			<xmax>411</xmax>
			<ymin>2</ymin>
			<ymax>297</ymax>
		</bndbox>
	</object>
</annotation>
