<annotation>
	<folder></folder>
	<filename>070_aa30db34_jpg.rf.0113c24dc382e473993e44e2759d701b.jpg</filename>
	<path>070_aa30db34_jpg.rf.0113c24dc382e473993e44e2759d701b.jpg</path>
	<source>
		<database>roboflow.ai</database>
	</source>
	<size>
		<width>474</width>
		<height>474</height>
		<depth>3</depth>
	</size>
	<segmented>0</segmented>
	<object>
		<name>lion</name>
		<pose>Unspecified</pose>
		<truncated>0</truncated>
		<difficult>0</difficult>
		<occluded>0</occluded>
		<bndbox>
			<xmin>1</xmin>
			<xmax>433</xmax>
			<ymin>1</ymin>
			<ymax>474</ymax>
		</bndbox>
	</object>
</annotation>
