<annotation>
	<folder></folder>
	<filename>072_jpg.rf.6f788e5a7e61f263b42bae7f35a82e1c.jpg</filename>
	<path>072_jpg.rf.6f788e5a7e61f263b42bae7f35a82e1c.jpg</path>
	<source>
		<database>roboflow.ai</database>
	</source>
	<size>
		<width>600</width>
		<height>398</height>
		<depth>3</depth>
	</size>
	<segmented>0</segmented>
	<object>
		<name>buffalo</name>
		<pose>Unspecified</pose>
		<truncated>0</truncated>
		<difficult>0</difficult>
		<occluded>0</occluded>
		<bndbox>
			<xmin>34</xmin>
			<xmax>521</xmax>
			<ymin>159</ymin>
			<ymax>369</ymax>
		</bndbox>
	</object>
</annotation>
