<annotation>
	<folder></folder>
	<filename>002_f6c51a93_jpg.rf.04edf769341f82247d4c8b08ed063263.jpg</filename>
	<path>002_f6c51a93_jpg.rf.04edf769341f82247d4c8b08ed063263.jpg</path>
	<source>
		<database>roboflow.ai</database>
	</source>
	<size>
		<width>474</width>
		<height>398</height>
		<depth>3</depth>
	</size>
	<segmented>0</segmented>
	<object>
		<name>lion</name>
		<pose>Unspecified</pose>
		<truncated>0</truncated>
		<difficult>0</difficult>
		<occluded>0</occluded>
		<bndbox>
			<xmin>1</xmin>
			<xmax>458</xmax>
			<ymin>1</ymin>
			<ymax>386</ymax>
		</bndbox>
	</object>
</annotation>
