<annotation>
	<folder></folder>
	<filename>025_jpg.rf.f8cebbcc6b8db4166eec2290cd929ce0.jpg</filename>
	<path>025_jpg.rf.f8cebbcc6b8db4166eec2290cd929ce0.jpg</path>
	<source>
		<database>roboflow.ai</database>
	</source>
	<size>
		<width>600</width>
		<height>380</height>
		<depth>3</depth>
	</size>
	<segmented>0</segmented>
	<object>
		<name>buffalo</name>
		<pose>Unspecified</pose>
		<truncated>0</truncated>
		<difficult>0</difficult>
		<occluded>0</occluded>
		<bndbox>
			<xmin>68</xmin>
			<xmax>485</xmax>
			<ymin>3</ymin>
			<ymax>362</ymax>
		</bndbox>
	</object>
</annotation>
