<annotation>
	<folder></folder>
	<filename>067_7c6d8372_jpg.rf.6b69a9ca0ebdf767401319e7b5bc6835.jpg</filename>
	<path>067_7c6d8372_jpg.rf.6b69a9ca0ebdf767401319e7b5bc6835.jpg</path>
	<source>
		<database>roboflow.ai</database>
	</source>
	<size>
		<width>474</width>
		<height>500</height>
		<depth>3</depth>
	</size>
	<segmented>0</segmented>
	<object>
		<name>leopard</name>
		<pose>Unspecified</pose>
		<truncated>0</truncated>
		<difficult>0</difficult>
		<occluded>0</occluded>
		<bndbox>
			<xmin>108</xmin>
			<xmax>366</xmax>
			<ymin>117</ymin>
			<ymax>360</ymax>
		</bndbox>
	</object>
</annotation>
