<annotation>
	<folder></folder>
	<filename>068_jpg.rf.fc7345bd8f7eb0b06a7d81d2e90aade9.jpg</filename>
	<path>068_jpg.rf.fc7345bd8f7eb0b06a7d81d2e90aade9.jpg</path>
	<source>
		<database>roboflow.ai</database>
	</source>
	<size>
		<width>1200</width>
		<height>720</height>
		<depth>3</depth>
	</size>
	<segmented>0</segmented>
	<object>
		<name>rhino</name>
		<pose>Unspecified</pose>
		<truncated>0</truncated>
		<difficult>0</difficult>
		<occluded>0</occluded>
		<bndbox>
			<xmin>87</xmin>
			<xmax>359</xmax>
			<ymin>334</ymin>
			<ymax>610</ymax>
		</bndbox>
	</object>
	<object>
		<name>rhino</name>
		<pose>Unspecified</pose>
		<truncated>0</truncated>
		<difficult>0</difficult>
		<occluded>0</occluded>
		<bndbox>
			<xmin>453</xmin>
			<xmax>1113</xmax>
			<ymin>230</ymin>
			<ymax>597</ymax>
		</bndbox>
	</object>
</annotation>
