<annotation>
	<folder></folder>
	<filename>008_5a2dce99_jpg.rf.693f2e7ac8ddb1167c9f1754f246e880.jpg</filename>
	<path>008_5a2dce99_jpg.rf.693f2e7ac8ddb1167c9f1754f246e880.jpg</path>
	<source>
		<database>roboflow.ai</database>
	</source>
	<size>
		<width>474</width>
		<height>474</height>
		<depth>3</depth>
	</size>
	<segmented>0</segmented>
	<object>
		<name>leopard</name>
		<pose>Unspecified</pose>
		<truncated>0</truncated>
		<difficult>0</difficult>
		<occluded>0</occluded>
		<bndbox>
			<xmin>19</xmin>
			<xmax>474</xmax>
			<ymin>27</ymin>
			<ymax>474</ymax>
		</bndbox>
	</object>
</annotation>
