<annotation>
	<folder></folder>
	<filename>089_ec622c54_jpg.rf.60e1b37f223f47cb3db89c9b458ffb14.jpg</filename>
	<path>089_ec622c54_jpg.rf.60e1b37f223f47cb3db89c9b458ffb14.jpg</path>
	<source>
		<database>roboflow.ai</database>
	</source>
	<size>
		<width>474</width>
		<height>500</height>
		<depth>3</depth>
	</size>
	<segmented>0</segmented>
	<object>
		<name>lion</name>
		<pose>Unspecified</pose>
		<truncated>0</truncated>
		<difficult>0</difficult>
		<occluded>0</occluded>
		<bndbox>
			<xmin>1</xmin>
			<xmax>474</xmax>
			<ymin>39</ymin>
			<ymax>475</ymax>
		</bndbox>
	</object>
</annotation>
