<annotation>
	<folder></folder>
	<filename>087_jpg.rf.b4e5776d44903b619090f25c5540895d.jpg</filename>
	<path>087_jpg.rf.b4e5776d44903b619090f25c5540895d.jpg</path>
	<source>
		<database>roboflow.ai</database>
	</source>
	<size>
		<width>3264</width>
		<height>2448</height>
		<depth>3</depth>
	</size>
	<segmented>0</segmented>
	<object>
		<name>buffalo</name>
		<pose>Unspecified</pose>
		<truncated>0</truncated>
		<difficult>0</difficult>
		<occluded>0</occluded>
		<bndbox>
			<xmin>492</xmin>
			<xmax>2233</xmax>
			<ymin>818</ymin>
			<ymax>2165</ymax>
		</bndbox>
	</object>
	<object>
		<name>buffalo</name>
		<pose>Unspecified</pose>
		<truncated>0</truncated>
		<difficult>0</difficult>
		<occluded>0</occluded>
		<bndbox>
			<xmin>1515</xmin>
			<xmax>2545</xmax>
			<ymin>707</ymin>
			<ymax>1407</ymax>
		</bndbox>
	</object>
</annotation>
