<annotation>
	<folder></folder>
	<filename>097_jpg.rf.2644ca632510cdc55b942dc99742a9e0.jpg</filename>
	<path>097_jpg.rf.2644ca632510cdc55b942dc99742a9e0.jpg</path>
	<source>
		<database>roboflow.ai</database>
	</source>
	<size>
		<width>640</width>
		<height>426</height>
		<depth>3</depth>
	</size>
	<segmented>0</segmented>
	<object>
		<name>elephant</name>
		<pose>Unspecified</pose>
		<truncated>0</truncated>
		<difficult>0</difficult>
		<occluded>0</occluded>
		<bndbox>
			<xmin>231</xmin>
			<xmax>619</xmax>
			<ymin>77</ymin>
			<ymax>336</ymax>
		</bndbox>
	</object>
	<object>
		<name>elephant</name>
		<pose>Unspecified</pose>
		<truncated>0</truncated>
		<difficult>0</difficult>
		<occluded>0</occluded>
		<bndbox>
			<xmin>71</xmin>
			<xmax>197</xmax>
			<ymin>251</ymin>
			<ymax>344</ymax>
		</bndbox>
	</object>
	<object>
		<name>elephant</name>
		<pose>Unspecified</pose>
		<truncated>0</truncated>
		<difficult>0</difficult>
		<occluded>0</occluded>
		<bndbox>
			<xmin>135</xmin>
			<xmax>443</xmax>
			<ymin>129</ymin>
			<ymax>324</ymax>
		</bndbox>
	</object>
</annotation>
