<annotation>
	<folder></folder>
	<filename>059_jpg.rf.99888029b7df9f383d0b44c0e84fb65e.jpg</filename>
	<path>059_jpg.rf.99888029b7df9f383d0b44c0e84fb65e.jpg</path>
	<source>
		<database>roboflow.ai</database>
	</source>
	<size>
		<width>500</width>
		<height>331</height>
		<depth>3</depth>
	</size>
	<segmented>0</segmented>
	<object>
		<name>buffalo</name>
		<pose>Unspecified</pose>
		<truncated>0</truncated>
		<difficult>0</difficult>
		<occluded>0</occluded>
		<bndbox>
			<xmin>108</xmin>
			<xmax>404</xmax>
			<ymin>45</ymin>
			<ymax>319</ymax>
		</bndbox>
	</object>
</annotation>
