<annotation>
	<folder></folder>
	<filename>078_49171c62_jpg.rf.8b2a2c0d5b6eef9a57e8de8a0980f42e.jpg</filename>
	<path>078_49171c62_jpg.rf.8b2a2c0d5b6eef9a57e8de8a0980f42e.jpg</path>
	<source>
		<database>roboflow.ai</database>
	</source>
	<size>
		<width>474</width>
		<height>474</height>
		<depth>3</depth>
	</size>
	<segmented>0</segmented>
	<object>
		<name>leopard</name>
		<pose>Unspecified</pose>
		<truncated>0</truncated>
		<difficult>0</difficult>
		<occluded>0</occluded>
		<bndbox>
			<xmin>1</xmin>
			<xmax>296</xmax>
			<ymin>1</ymin>
			<ymax>398</ymax>
		</bndbox>
	</object>
	<object>
		<name>leopard</name>
		<pose>Unspecified</pose>
		<truncated>0</truncated>
		<difficult>0</difficult>
		<occluded>0</occluded>
		<bndbox>
			<xmin>66</xmin>
			<xmax>424</xmax>
			<ymin>190</ymin>
			<ymax>422</ymax>
		</bndbox>
	</object>
</annotation>
