<annotation>
	<folder></folder>
	<filename>085_fed1186b_jpg.rf.c414600276a34812fa2ef0170086fd67.jpg</filename>
	<path>085_fed1186b_jpg.rf.c414600276a34812fa2ef0170086fd67.jpg</path>
	<source>
		<database>roboflow.ai</database>
	</source>
	<size>
		<width>474</width>
		<height>505</height>
		<depth>3</depth>
	</size>
	<segmented>0</segmented>
	<object>
		<name>leopard</name>
		<pose>Unspecified</pose>
		<truncated>0</truncated>
		<difficult>0</difficult>
		<occluded>0</occluded>
		<bndbox>
			<xmin>58</xmin>
			<xmax>358</xmax>
			<ymin>88</ymin>
			<ymax>487</ymax>
		</bndbox>
	</object>
</annotation>
