<annotation>
	<folder></folder>
	<filename>006_jpg.rf.706e9dbf4ade197d704951e5b33ac986.jpg</filename>
	<path>006_jpg.rf.706e9dbf4ade197d704951e5b33ac986.jpg</path>
	<source>
		<database>roboflow.ai</database>
	</source>
	<size>
		<width>640</width>
		<height>424</height>
		<depth>3</depth>
	</size>
	<segmented>0</segmented>
	<object>
		<name>elephant</name>
		<pose>Unspecified</pose>
		<truncated>0</truncated>
		<difficult>0</difficult>
		<occluded>0</occluded>
		<bndbox>
			<xmin>297</xmin>
			<xmax>513</xmax>
			<ymin>145</ymin>
			<ymax>312</ymax>
		</bndbox>
	</object>
	<object>
		<name>elephant</name>
		<pose>Unspecified</pose>
		<truncated>0</truncated>
		<difficult>0</difficult>
		<occluded>0</occluded>
		<bndbox>
			<xmin>381</xmin>
			<xmax>640</xmax>
			<ymin>2</ymin>
			<ymax>325</ymax>
		</bndbox>
	</object>
	<object>
		<name>elephant</name>
		<pose>Unspecified</pose>
		<truncated>0</truncated>
		<difficult>0</difficult>
		<occluded>0</occluded>
		<bndbox>
			<xmin>2</xmin>
			<xmax>181</xmax>
			<ymin>8</ymin>
			<ymax>339</ymax>
		</bndbox>
	</object>
</annotation>
