<annotation>
	<folder></folder>
	<filename>018_jpg.rf.28413672de2ff981e597aa92ef705315.jpg</filename>
	<path>018_jpg.rf.28413672de2ff981e597aa92ef705315.jpg</path>
	<source>
		<database>roboflow.ai</database>
	</source>
	<size>
		<width>427</width>
		<height>640</height>
		<depth>3</depth>
	</size>
	<segmented>0</segmented>
	<object>
		<name>elephant</name>
		<pose>Unspecified</pose>
		<truncated>0</truncated>
		<difficult>0</difficult>
		<occluded>0</occluded>
		<bndbox>
			<xmin>181</xmin>
			<xmax>349</xmax>
			<ymin>228</ymin>
			<ymax>528</ymax>
		</bndbox>
	</object>
</annotation>
