<annotation>
	<folder></folder>
	<filename>078_jpg.rf.a4cf8f1442e226d44842417edebedbb7.jpg</filename>
	<path>078_jpg.rf.a4cf8f1442e226d44842417edebedbb7.jpg</path>
	<source>
		<database>roboflow.ai</database>
	</source>
	<size>
		<width>640</width>
		<height>480</height>
		<depth>3</depth>
	</size>
	<segmented>0</segmented>
	<object>
		<name>elephant</name>
		<pose>Unspecified</pose>
		<truncated>0</truncated>
		<difficult>0</difficult>
		<occluded>0</occluded>
		<bndbox>
			<xmin>204</xmin>
			<xmax>397</xmax>
			<ymin>151</ymin>
			<ymax>383</ymax>
		</bndbox>
	</object>
</annotation>
