<annotation>
	<folder></folder>
	<filename>062_jpg.rf.6858e6e6223ee192b2923a2f5d8b2865.jpg</filename>
	<path>062_jpg.rf.6858e6e6223ee192b2923a2f5d8b2865.jpg</path>
	<source>
		<database>roboflow.ai</database>
	</source>
	<size>
		<width>1600</width>
		<height>917</height>
		<depth>3</depth>
	</size>
	<segmented>0</segmented>
	<object>
		<name>rhino</name>
		<pose>Unspecified</pose>
		<truncated>0</truncated>
		<difficult>0</difficult>
		<occluded>0</occluded>
		<bndbox>
			<xmin>210</xmin>
			<xmax>802</xmax>
			<ymin>417</ymin>
			<ymax>827</ymax>
		</bndbox>
	</object>
	<object>
		<name>rhino</name>
		<pose>Unspecified</pose>
		<truncated>0</truncated>
		<difficult>0</difficult>
		<occluded>0</occluded>
		<bndbox>
			<xmin>905</xmin>
			<xmax>1242</xmax>
			<ymin>365</ymin>
			<ymax>807</ymax>
		</bndbox>
	</object>
</annotation>
