<annotation>
	<folder></folder>
	<filename>004_jpg.rf.35c4c4be32361c12498bf83fd400e5e8.jpg</filename>
	<path>004_jpg.rf.35c4c4be32361c12498bf83fd400e5e8.jpg</path>
	<source>
		<database>roboflow.ai</database>
	</source>
	<size>
		<width>590</width>
		<height>300</height>
		<depth>3</depth>
	</size>
	<segmented>0</segmented>
	<object>
		<name>rhino</name>
		<pose>Unspecified</pose>
		<truncated>0</truncated>
		<difficult>0</difficult>
		<occluded>0</occluded>
		<bndbox>
			<xmin>80</xmin>
			<xmax>541</xmax>
			<ymin>30</ymin>
			<ymax>277</ymax>
		</bndbox>
	</object>
</annotation>
