<annotation>
	<folder></folder>
	<filename>036_jpg.rf.5c70252309b9ec42145d077db0ba1e90.jpg</filename>
	<path>036_jpg.rf.5c70252309b9ec42145d077db0ba1e90.jpg</path>
	<source>
		<database>roboflow.ai</database>
	</source>
	<size>
		<width>640</width>
		<height>426</height>
		<depth>3</depth>
	</size>
	<segmented>0</segmented>
	<object>
		<name>elephant</name>
		<pose>Unspecified</pose>
		<truncated>0</truncated>
		<difficult>0</difficult>
		<occluded>0</occluded>
		<bndbox>
			<xmin>329</xmin>
			<xmax>577</xmax>
			<ymin>81</ymin>
			<ymax>338</ymax>
		</bndbox>
	</object>
	<object>
		<name>elephant</name>
		<pose>Unspecified</pose>
		<truncated>0</truncated>
		<difficult>0</difficult>
		<occluded>0</occluded>
		<bndbox>
			<xmin>20</xmin>
			<xmax>274</xmax>
			<ymin>69</ymin>
			<ymax>351</ymax>
		</bndbox>
	</object>
</annotation>
