<annotation>
	<folder></folder>
	<filename>073_jpg.rf.1b33a0e5dd248b28933af4699b968fa3.jpg</filename>
	<path>073_jpg.rf.1b33a0e5dd248b28933af4699b968fa3.jpg</path>
	<source>
		<database>roboflow.ai</database>
	</source>
	<size>
		<width>576</width>
		<height>420</height>
		<depth>3</depth>
	</size>
	<segmented>0</segmented>
	<object>
		<name>buffalo</name>
		<pose>Unspecified</pose>
		<truncated>0</truncated>
		<difficult>0</difficult>
		<occluded>0</occluded>
		<bndbox>
			<xmin>34</xmin>
			<xmax>534</xmax>
			<ymin>26</ymin>
			<ymax>420</ymax>
		</bndbox>
	</object>
</annotation>
