<annotation>
	<folder></folder>
	<filename>015_jpg.rf.f8919cb3b9a3e7c0f79426db2c4ef941.jpg</filename>
	<path>015_jpg.rf.f8919cb3b9a3e7c0f79426db2c4ef941.jpg</path>
	<source>
		<database>roboflow.ai</database>
	</source>
	<size>
		<width>640</width>
		<height>480</height>
		<depth>3</depth>
	</size>
	<segmented>0</segmented>
	<object>
		<name>elephant</name>
		<pose>Unspecified</pose>
		<truncated>0</truncated>
		<difficult>0</difficult>
		<occluded>0</occluded>
		<bndbox>
			<xmin>2</xmin>
			<xmax>462</xmax>
			<ymin>97</ymin>
			<ymax>479</ymax>
		</bndbox>
	</object>
</annotation>
