<annotation>
	<folder></folder>
	<filename>075_jpg.rf.8b136a73047d1414bf3fefa737f9f3ff.jpg</filename>
	<path>075_jpg.rf.8b136a73047d1414bf3fefa737f9f3ff.jpg</path>
	<source>
		<database>roboflow.ai</database>
	</source>
	<size>
		<width>640</width>
		<height>401</height>
		<depth>3</depth>
	</size>
	<segmented>0</segmented>
	<object>
		<name>elephant</name>
		<pose>Unspecified</pose>
		<truncated>0</truncated>
		<difficult>0</difficult>
		<occluded>0</occluded>
		<bndbox>
			<xmin>96</xmin>
			<xmax>348</xmax>
			<ymin>76</ymin>
			<ymax>327</ymax>
		</bndbox>
	</object>
</annotation>
