<annotation>
	<folder></folder>
	<filename>050_jpg.rf.fbc66dac5c00f7729917b51f0beeb770.jpg</filename>
	<path>050_jpg.rf.fbc66dac5c00f7729917b51f0beeb770.jpg</path>
	<source>
		<database>roboflow.ai</database>
	</source>
	<size>
		<width>4288</width>
		<height>2848</height>
		<depth>3</depth>
	</size>
	<segmented>0</segmented>
	<object>
		<name>buffalo</name>
		<pose>Unspecified</pose>
		<truncated>0</truncated>
		<difficult>0</difficult>
		<occluded>0</occluded>
		<bndbox>
			<xmin>1021</xmin>
			<xmax>4272</xmax>
			<ymin>2</ymin>
			<ymax>2709</ymax>
		</bndbox>
	</object>
</annotation>
