<annotation>
	<folder></folder>
	<filename>092_561be4b0_jpg.rf.e0919551e024f33b7740d24a1b1e0734.jpg</filename>
	<path>092_561be4b0_jpg.rf.e0919551e024f33b7740d24a1b1e0734.jpg</path>
	<source>
		<database>roboflow.ai</database>
	</source>
	<size>
		<width>474</width>
		<height>527</height>
		<depth>3</depth>
	</size>
	<segmented>0</segmented>
	<object>
		<name>lion</name>
		<pose>Unspecified</pose>
		<truncated>0</truncated>
		<difficult>0</difficult>
		<occluded>0</occluded>
		<bndbox>
			<xmin>83</xmin>
			<xmax>457</xmax>
			<ymin>25</ymin>
			<ymax>491</ymax>
		</bndbox>
	</object>
</annotation>
