<annotation>
	<folder></folder>
	<filename>064_jpg.rf.6a6000b003d36fb6fe1821f2a81310e8.jpg</filename>
	<path>064_jpg.rf.6a6000b003d36fb6fe1821f2a81310e8.jpg</path>
	<source>
		<database>roboflow.ai</database>
	</source>
	<size>
		<width>640</width>
		<height>480</height>
		<depth>3</depth>
	</size>
	<segmented>0</segmented>
	<object>
		<name>elephant</name>
		<pose>Unspecified</pose>
		<truncated>0</truncated>
		<difficult>0</difficult>
		<occluded>0</occluded>
		<bndbox>
			<xmin>312</xmin>
			<xmax>582</xmax>
			<ymin>145</ymin>
			<ymax>422</ymax>
		</bndbox>
	</object>
</annotation>
