<annotation>
	<folder></folder>
	<filename>011_jpg.rf.b4f4501586cfc84e4fecde9489cbe0c0.jpg</filename>
	<path>011_jpg.rf.b4f4501586cfc84e4fecde9489cbe0c0.jpg</path>
	<source>
		<database>roboflow.ai</database>
	</source>
	<size>
		<width>640</width>
		<height>480</height>
		<depth>3</depth>
	</size>
	<segmented>0</segmented>
	<object>
		<name>elephant</name>
		<pose>Unspecified</pose>
		<truncated>0</truncated>
		<difficult>0</difficult>
		<occluded>0</occluded>
		<bndbox>
			<xmin>278</xmin>
			<xmax>530</xmax>
			<ymin>59</ymin>
			<ymax>441</ymax>
		</bndbox>
	</object>
</annotation>
