<annotation>
	<folder></folder>
	<filename>090_0021884d_jpg.rf.cfdf1b702e36ef704353010ca53b384e.jpg</filename>
	<path>090_0021884d_jpg.rf.cfdf1b702e36ef704353010ca53b384e.jpg</path>
	<source>
		<database>roboflow.ai</database>
	</source>
	<size>
		<width>474</width>
		<height>474</height>
		<depth>3</depth>
	</size>
	<segmented>0</segmented>
	<object>
		<name>leopard</name>
		<pose>Unspecified</pose>
		<truncated>0</truncated>
		<difficult>0</difficult>
		<occluded>0</occluded>
		<bndbox>
			<xmin>50</xmin>
			<xmax>447</xmax>
			<ymin>221</ymin>
			<ymax>394</ymax>
		</bndbox>
	</object>
</annotation>
