<annotation>
	<folder></folder>
	<filename>022_681994fa_jpg.rf.c6540823ca4e8252a076b1536a8e69cb.jpg</filename>
	<path>022_681994fa_jpg.rf.c6540823ca4e8252a076b1536a8e69cb.jpg</path>
	<source>
		<database>roboflow.ai</database>
	</source>
	<size>
		<width>474</width>
		<height>491</height>
		<depth>3</depth>
	</size>
	<segmented>0</segmented>
	<object>
		<name>leopard</name>
		<pose>Unspecified</pose>
		<truncated>0</truncated>
		<difficult>0</difficult>
		<occluded>0</occluded>
		<bndbox>
			<xmin>1</xmin>
			<xmax>413</xmax>
			<ymin>97</ymin>
			<ymax>444</ymax>
		</bndbox>
	</object>
</annotation>
