<annotation>
	<folder></folder>
	<filename>030_jpg.rf.32e98abdefc45a99906f9b5a927d1413.jpg</filename>
	<path>030_jpg.rf.32e98abdefc45a99906f9b5a927d1413.jpg</path>
	<source>
		<database>roboflow.ai</database>
	</source>
	<size>
		<width>786</width>
		<height>416</height>
		<depth>3</depth>
	</size>
	<segmented>0</segmented>
	<object>
		<name>buffalo</name>
		<pose>Unspecified</pose>
		<truncated>0</truncated>
		<difficult>0</difficult>
		<occluded>0</occluded>
		<bndbox>
			<xmin>169</xmin>
			<xmax>728</xmax>
			<ymin>20</ymin>
			<ymax>416</ymax>
		</bndbox>
	</object>
</annotation>
