<annotation>
	<folder></folder>
	<filename>093_jpg.rf.6fd2f01eb868b4981baa013c366464fa.jpg</filename>
	<path>093_jpg.rf.6fd2f01eb868b4981baa013c366464fa.jpg</path>
	<source>
		<database>roboflow.ai</database>
	</source>
	<size>
		<width>2487</width>
		<height>1709</height>
		<depth>3</depth>
	</size>
	<segmented>0</segmented>
	<object>
		<name>buffalo</name>
		<pose>Unspecified</pose>
		<truncated>0</truncated>
		<difficult>0</difficult>
		<occluded>0</occluded>
		<bndbox>
			<xmin>2</xmin>
			<xmax>2209</xmax>
			<ymin>3</ymin>
			<ymax>1708</ymax>
		</bndbox>
	</object>
</annotation>
