<annotation>
	<folder></folder>
	<filename>064_3d36f27d_jpg.rf.3108b4374f58be72688e988a0ec9add7.jpg</filename>
	<path>064_3d36f27d_jpg.rf.3108b4374f58be72688e988a0ec9add7.jpg</path>
	<source>
		<database>roboflow.ai</database>
	</source>
	<size>
		<width>474</width>
		<height>474</height>
		<depth>3</depth>
	</size>
	<segmented>0</segmented>
	<object>
		<name>leopard</name>
		<pose>Unspecified</pose>
		<truncated>0</truncated>
		<difficult>0</difficult>
		<occluded>0</occluded>
		<bndbox>
			<xmin>8</xmin>
			<xmax>474</xmax>
			<ymin>74</ymin>
			<ymax>458</ymax>
		</bndbox>
	</object>
</annotation>
