<annotation>
	<folder></folder>
	<filename>066_8e7edc72_jpg.rf.0cb4ab4b1c35bb511f06355713369e80.jpg</filename>
	<path>066_8e7edc72_jpg.rf.0cb4ab4b1c35bb511f06355713369e80.jpg</path>
	<source>
		<database>roboflow.ai</database>
	</source>
	<size>
		<width>474</width>
		<height>500</height>
		<depth>3</depth>
	</size>
	<segmented>0</segmented>
	<object>
		<name>leopard</name>
		<pose>Unspecified</pose>
		<truncated>0</truncated>
		<difficult>0</difficult>
		<occluded>0</occluded>
		<bndbox>
			<xmin>126</xmin>
			<xmax>241</xmax>
			<ymin>131</ymin>
			<ymax>418</ymax>
		</bndbox>
	</object>
</annotation>
