<annotation>
	<folder></folder>
	<filename>050_ee7aca38_jpg.rf.56e2ef7345e8b1539ef925f803ef8d7d.jpg</filename>
	<path>050_ee7aca38_jpg.rf.56e2ef7345e8b1539ef925f803ef8d7d.jpg</path>
	<source>
		<database>roboflow.ai</database>
	</source>
	<size>
		<width>474</width>
		<height>474</height>
		<depth>3</depth>
	</size>
	<segmented>0</segmented>
	<object>
		<name>leopard</name>
		<pose>Unspecified</pose>
		<truncated>0</truncated>
		<difficult>0</difficult>
		<occluded>0</occluded>
		<bndbox>
			<xmin>51</xmin>
			<xmax>428</xmax>
			<ymin>23</ymin>
			<ymax>453</ymax>
		</bndbox>
	</object>
</annotation>
