<annotation>
	<folder></folder>
	<filename>032_c3644da2_jpg.rf.1d0e7ea7d9c2340ca9ba4585c1591883.jpg</filename>
	<path>032_c3644da2_jpg.rf.1d0e7ea7d9c2340ca9ba4585c1591883.jpg</path>
	<source>
		<database>roboflow.ai</database>
	</source>
	<size>
		<width>474</width>
		<height>474</height>
		<depth>3</depth>
	</size>
	<segmented>0</segmented>
	<object>
		<name>lion</name>
		<pose>Unspecified</pose>
		<truncated>0</truncated>
		<difficult>0</difficult>
		<occluded>0</occluded>
		<bndbox>
			<xmin>1</xmin>
			<xmax>474</xmax>
			<ymin>1</ymin>
			<ymax>474</ymax>
		</bndbox>
	</object>
</annotation>
