<annotation>
	<folder></folder>
	<filename>085_jpg.rf.57fa8019b1851916ba9aac511aa8175b.jpg</filename>
	<path>085_jpg.rf.57fa8019b1851916ba9aac511aa8175b.jpg</path>
	<source>
		<database>roboflow.ai</database>
	</source>
	<size>
		<width>590</width>
		<height>280</height>
		<depth>3</depth>
	</size>
	<segmented>0</segmented>
	<object>
		<name>rhino</name>
		<pose>Unspecified</pose>
		<truncated>0</truncated>
		<difficult>0</difficult>
		<occluded>0</occluded>
		<bndbox>
			<xmin>82</xmin>
			<xmax>590</xmax>
			<ymin>3</ymin>
			<ymax>269</ymax>
		</bndbox>
	</object>
</annotation>
