<annotation>
	<folder></folder>
	<filename>094_jpg.rf.d831884c0af7a9fc9e7549b57cc30ae0.jpg</filename>
	<path>094_jpg.rf.d831884c0af7a9fc9e7549b57cc30ae0.jpg</path>
	<source>
		<database>roboflow.ai</database>
	</source>
	<size>
		<width>640</width>
		<height>480</height>
		<depth>3</depth>
	</size>
	<segmented>0</segmented>
	<object>
		<name>elephant</name>
		<pose>Unspecified</pose>
		<truncated>0</truncated>
		<difficult>0</difficult>
		<occluded>0</occluded>
		<bndbox>
			<xmin>127</xmin>
			<xmax>544</xmax>
			<ymin>105</ymin>
			<ymax>456</ymax>
		</bndbox>
	</object>
</annotation>
