<annotation>
	<folder></folder>
	<filename>055_jpg.rf.7335cb886e457a7fee4a8c56728b9bfa.jpg</filename>
	<path>055_jpg.rf.7335cb886e457a7fee4a8c56728b9bfa.jpg</path>
	<source>
		<database>roboflow.ai</database>
	</source>
	<size>
		<width>900</width>
		<height>675</height>
		<depth>3</depth>
	</size>
	<segmented>0</segmented>
	<object>
		<name>buffalo</name>
		<pose>Unspecified</pose>
		<truncated>0</truncated>
		<difficult>0</difficult>
		<occluded>0</occluded>
		<bndbox>
			<xmin>91</xmin>
			<xmax>900</xmax>
			<ymin>52</ymin>
			<ymax>628</ymax>
		</bndbox>
	</object>
</annotation>
