<annotation>
	<folder></folder>
	<filename>027_jpg.rf.fffa914dd63b55dfd9d1858b89ec8542.jpg</filename>
	<path>027_jpg.rf.fffa914dd63b55dfd9d1858b89ec8542.jpg</path>
	<source>
		<database>roboflow.ai</database>
	</source>
	<size>
		<width>660</width>
		<height>371</height>
		<depth>3</depth>
	</size>
	<segmented>0</segmented>
	<object>
		<name>rhino</name>
		<pose>Unspecified</pose>
		<truncated>0</truncated>
		<difficult>0</difficult>
		<occluded>0</occluded>
		<bndbox>
			<xmin>237</xmin>
			<xmax>587</xmax>
			<ymin>7</ymin>
			<ymax>366</ymax>
		</bndbox>
	</object>
</annotation>
