<annotation>
	<folder></folder>
	<filename>082_jpg.rf.33a0e9a06f876dcb94bc8a22b0731fd8.jpg</filename>
	<path>082_jpg.rf.33a0e9a06f876dcb94bc8a22b0731fd8.jpg</path>
	<source>
		<database>roboflow.ai</database>
	</source>
	<size>
		<width>640</width>
		<height>480</height>
		<depth>3</depth>
	</size>
	<segmented>0</segmented>
	<object>
		<name>elephant</name>
		<pose>Unspecified</pose>
		<truncated>0</truncated>
		<difficult>0</difficult>
		<occluded>0</occluded>
		<bndbox>
			<xmin>180</xmin>
			<xmax>344</xmax>
			<ymin>273</ymin>
			<ymax>423</ymax>
		</bndbox>
	</object>
	<object>
		<name>elephant</name>
		<pose>Unspecified</pose>
		<truncated>0</truncated>
		<difficult>0</difficult>
		<occluded>0</occluded>
		<bndbox>
			<xmin>44</xmin>
			<xmax>640</xmax>
			<ymin>2</ymin>
			<ymax>428</ymax>
		</bndbox>
	</object>
</annotation>
