<annotation>
	<folder></folder>
	<filename>083_jpg.rf.2dfd79b740f3d8f1f7a17cf12c049d79.jpg</filename>
	<path>083_jpg.rf.2dfd79b740f3d8f1f7a17cf12c049d79.jpg</path>
	<source>
		<database>roboflow.ai</database>
	</source>
	<size>
		<width>1711</width>
		<height>1140</height>
		<depth>3</depth>
	</size>
	<segmented>0</segmented>
	<object>
		<name>rhino</name>
		<pose>Unspecified</pose>
		<truncated>0</truncated>
		<difficult>0</difficult>
		<occluded>0</occluded>
		<bndbox>
			<xmin>599</xmin>
			<xmax>1711</xmax>
			<ymin>381</ymin>
			<ymax>1135</ymax>
		</bndbox>
	</object>
</annotation>
