<annotation>
	<folder></folder>
	<filename>090_jpg.rf.18ef353cfbeba76a84f018a320859d06.jpg</filename>
	<path>090_jpg.rf.18ef353cfbeba76a84f018a320859d06.jpg</path>
	<source>
		<database>roboflow.ai</database>
	</source>
	<size>
		<width>1920</width>
		<height>785</height>
		<depth>3</depth>
	</size>
	<segmented>0</segmented>
	<object>
		<name>rhino</name>
		<pose>Unspecified</pose>
		<truncated>0</truncated>
		<difficult>0</difficult>
		<occluded>0</occluded>
		<bndbox>
			<xmin>256</xmin>
			<xmax>682</xmax>
			<ymin>322</ymin>
			<ymax>663</ymax>
		</bndbox>
	</object>
	<object>
		<name>rhino</name>
		<pose>Unspecified</pose>
		<truncated>0</truncated>
		<difficult>0</difficult>
		<occluded>0</occluded>
		<bndbox>
			<xmin>894</xmin>
			<xmax>1185</xmax>
			<ymin>354</ymin>
			<ymax>704</ymax>
		</bndbox>
	</object>
</annotation>
