<annotation>
	<folder></folder>
	<filename>017_jpg.rf.36a88791260906081bf4a0b512532121.jpg</filename>
	<path>017_jpg.rf.36a88791260906081bf4a0b512532121.jpg</path>
	<source>
		<database>roboflow.ai</database>
	</source>
	<size>
		<width>427</width>
		<height>640</height>
		<depth>3</depth>
	</size>
	<segmented>0</segmented>
	<object>
		<name>elephant</name>
		<pose>Unspecified</pose>
		<truncated>0</truncated>
		<difficult>0</difficult>
		<occluded>0</occluded>
		<bndbox>
			<xmin>4</xmin>
			<xmax>282</xmax>
			<ymin>48</ymin>
			<ymax>624</ymax>
		</bndbox>
	</object>
</annotation>
