<annotation>
	<folder></folder>
	<filename>051_jpg.rf.7c3a36e7cdc7aa1c8c1e4d48f2a62a8d.jpg</filename>
	<path>051_jpg.rf.7c3a36e7cdc7aa1c8c1e4d48f2a62a8d.jpg</path>
	<source>
		<database>roboflow.ai</database>
	</source>
	<size>
		<width>640</width>
		<height>350</height>
		<depth>3</depth>
	</size>
	<segmented>0</segmented>
	<object>
		<name>elephant</name>
		<pose>Unspecified</pose>
		<truncated>0</truncated>
		<difficult>0</difficult>
		<occluded>0</occluded>
		<bndbox>
			<xmin>288</xmin>
			<xmax>557</xmax>
			<ymin>95</ymin>
			<ymax>275</ymax>
		</bndbox>
	</object>
	<object>
		<name>elephant</name>
		<pose>Unspecified</pose>
		<truncated>0</truncated>
		<difficult>0</difficult>
		<occluded>0</occluded>
		<bndbox>
			<xmin>69</xmin>
			<xmax>291</xmax>
			<ymin>124</ymin>
			<ymax>280</ymax>
		</bndbox>
	</object>
</annotation>
