<annotation>
	<folder></folder>
	<filename>033_jpg.rf.eb4b34fcd2d774a998bad8d08833f0d3.jpg</filename>
	<path>033_jpg.rf.eb4b34fcd2d774a998bad8d08833f0d3.jpg</path>
	<source>
		<database>roboflow.ai</database>
	</source>
	<size>
		<width>700</width>
		<height>453</height>
		<depth>3</depth>
	</size>
	<segmented>0</segmented>
	<object>
		<name>rhino</name>
		<pose>Unspecified</pose>
		<truncated>0</truncated>
		<difficult>0</difficult>
		<occluded>0</occluded>
		<bndbox>
			<xmin>2</xmin>
			<xmax>349</xmax>
			<ymin>2</ymin>
			<ymax>418</ymax>
		</bndbox>
	</object>
	<object>
		<name>rhino</name>
		<pose>Unspecified</pose>
		<truncated>0</truncated>
		<difficult>0</difficult>
		<occluded>0</occluded>
		<bndbox>
			<xmin>355</xmin>
			<xmax>657</xmax>
			<ymin>110</ymin>
			<ymax>364</ymax>
		</bndbox>
	</object>
</annotation>
