<annotation>
	<folder></folder>
	<filename>052_13be4067_jpg.rf.8eae400af41d1c678250379cd8dcdc54.jpg</filename>
	<path>052_13be4067_jpg.rf.8eae400af41d1c678250379cd8dcdc54.jpg</path>
	<source>
		<database>roboflow.ai</database>
	</source>
	<size>
		<width>474</width>
		<height>576</height>
		<depth>3</depth>
	</size>
	<segmented>0</segmented>
	<object>
		<name>lion</name>
		<pose>Unspecified</pose>
		<truncated>0</truncated>
		<difficult>0</difficult>
		<occluded>0</occluded>
		<bndbox>
			<xmin>1</xmin>
			<xmax>322</xmax>
			<ymin>1</ymin>
			<ymax>576</ymax>
		</bndbox>
	</object>
	<object>
		<name>lion</name>
		<pose>Unspecified</pose>
		<truncated>0</truncated>
		<difficult>0</difficult>
		<occluded>0</occluded>
		<bndbox>
			<xmin>209</xmin>
			<xmax>474</xmax>
			<ymin>234</ymin>
			<ymax>576</ymax>
		</bndbox>
	</object>
</annotation>
