<annotation>
	<folder></folder>
	<filename>081_jpg.rf.0dd1cd62c30e8903436c8360cf52c90a.jpg</filename>
	<path>081_jpg.rf.0dd1cd62c30e8903436c8360cf52c90a.jpg</path>
	<source>
		<database>roboflow.ai</database>
	</source>
	<size>
		<width>1024</width>
		<height>640</height>
		<depth>3</depth>
	</size>
	<segmented>0</segmented>
	<object>
		<name>buffalo</name>
		<pose>Unspecified</pose>
		<truncated>0</truncated>
		<difficult>0</difficult>
		<occluded>0</occluded>
		<bndbox>
			<xmin>57</xmin>
			<xmax>1001</xmax>
			<ymin>76</ymin>
			<ymax>640</ymax>
		</bndbox>
	</object>
</annotation>
