<annotation>
	<folder></folder>
	<filename>041_jpg.rf.f93402e1c760f50ca8ee9ccca6791871.jpg</filename>
	<path>041_jpg.rf.f93402e1c760f50ca8ee9ccca6791871.jpg</path>
	<source>
		<database>roboflow.ai</database>
	</source>
	<size>
		<width>550</width>
		<height>413</height>
		<depth>3</depth>
	</size>
	<segmented>0</segmented>
	<object>
		<name>rhino</name>
		<pose>Unspecified</pose>
		<truncated>0</truncated>
		<difficult>0</difficult>
		<occluded>0</occluded>
		<bndbox>
			<xmin>45</xmin>
			<xmax>483</xmax>
			<ymin>147</ymin>
			<ymax>367</ymax>
		</bndbox>
	</object>
</annotation>
