<annotation>
	<folder></folder>
	<filename>005_e8c608f0_jpg.rf.a81d2c88dbccd294d70c32b5a4d93366.jpg</filename>
	<path>005_e8c608f0_jpg.rf.a81d2c88dbccd294d70c32b5a4d93366.jpg</path>
	<source>
		<database>roboflow.ai</database>
	</source>
	<size>
		<width>474</width>
		<height>435</height>
		<depth>3</depth>
	</size>
	<segmented>0</segmented>
	<object>
		<name>leopard</name>
		<pose>Unspecified</pose>
		<truncated>0</truncated>
		<difficult>0</difficult>
		<occluded>0</occluded>
		<bndbox>
			<xmin>1</xmin>
			<xmax>454</xmax>
			<ymin>40</ymin>
			<ymax>435</ymax>
		</bndbox>
	</object>
</annotation>
