<annotation>
	<folder></folder>
	<filename>015_jpg.rf.30a8f52dd4d81b6a2f8654bd946b9e50.jpg</filename>
	<path>015_jpg.rf.30a8f52dd4d81b6a2f8654bd946b9e50.jpg</path>
	<source>
		<database>roboflow.ai</database>
	</source>
	<size>
		<width>900</width>
		<height>600</height>
		<depth>3</depth>
	</size>
	<segmented>0</segmented>
	<object>
		<name>buffalo</name>
		<pose>Unspecified</pose>
		<truncated>0</truncated>
		<difficult>0</difficult>
		<occluded>0</occluded>
		<bndbox>
			<xmin>205</xmin>
			<xmax>657</xmax>
			<ymin>41</ymin>
			<ymax>593</ymax>
		</bndbox>
	</object>
</annotation>
