<annotation>
	<folder></folder>
	<filename>031_jpg.rf.5f48599aa0a22b7bd4bb000a504866aa.jpg</filename>
	<path>031_jpg.rf.5f48599aa0a22b7bd4bb000a504866aa.jpg</path>
	<source>
		<database>roboflow.ai</database>
	</source>
	<size>
		<width>1800</width>
		<height>1200</height>
		<depth>3</depth>
	</size>
	<segmented>0</segmented>
	<object>
		<name>rhino</name>
		<pose>Unspecified</pose>
		<truncated>0</truncated>
		<difficult>0</difficult>
		<occluded>0</occluded>
		<bndbox>
			<xmin>163</xmin>
			<xmax>1516</xmax>
			<ymin>126</ymin>
			<ymax>1067</ymax>
		</bndbox>
	</object>
</annotation>
