<annotation>
	<folder></folder>
	<filename>026_jpg.rf.67285d99cbec147eb64777082ddb14b3.jpg</filename>
	<path>026_jpg.rf.67285d99cbec147eb64777082ddb14b3.jpg</path>
	<source>
		<database>roboflow.ai</database>
	</source>
	<size>
		<width>750</width>
		<height>428</height>
		<depth>3</depth>
	</size>
	<segmented>0</segmented>
	<object>
		<name>rhino</name>
		<pose>Unspecified</pose>
		<truncated>0</truncated>
		<difficult>0</difficult>
		<occluded>0</occluded>
		<bndbox>
			<xmin>106</xmin>
			<xmax>637</xmax>
			<ymin>163</ymin>
			<ymax>417</ymax>
		</bndbox>
	</object>
</annotation>
