<annotation>
	<folder></folder>
	<filename>089_jpg.rf.9887b36d290c1cbb2359f629274bdf86.jpg</filename>
	<path>089_jpg.rf.9887b36d290c1cbb2359f629274bdf86.jpg</path>
	<source>
		<database>roboflow.ai</database>
	</source>
	<size>
		<width>640</width>
		<height>480</height>
		<depth>3</depth>
	</size>
	<segmented>0</segmented>
	<object>
		<name>elephant</name>
		<pose>Unspecified</pose>
		<truncated>0</truncated>
		<difficult>0</difficult>
		<occluded>0</occluded>
		<bndbox>
			<xmin>2</xmin>
			<xmax>235</xmax>
			<ymin>72</ymin>
			<ymax>413</ymax>
		</bndbox>
	</object>
	<object>
		<name>elephant</name>
		<pose>Unspecified</pose>
		<truncated>0</truncated>
		<difficult>0</difficult>
		<occluded>0</occluded>
		<bndbox>
			<xmin>168</xmin>
			<xmax>410</xmax>
			<ymin>85</ymin>
			<ymax>379</ymax>
		</bndbox>
	</object>
	<object>
		<name>elephant</name>
		<pose>Unspecified</pose>
		<truncated>0</truncated>
		<difficult>0</difficult>
		<occluded>0</occluded>
		<bndbox>
			<xmin>374</xmin>
			<xmax>542</xmax>
			<ymin>199</ymin>
			<ymax>371</ymax>
		</bndbox>
	</object>
</annotation>
