<annotation>
	<folder></folder>
	<filename>006_f565e8ac_jpg.rf.99037220f4a3f33a01d0c697c4f42b8e.jpg</filename>
	<path>006_f565e8ac_jpg.rf.99037220f4a3f33a01d0c697c4f42b8e.jpg</path>
	<source>
		<database>roboflow.ai</database>
	</source>
	<size>
		<width>474</width>
		<height>592</height>
		<depth>3</depth>
	</size>
	<segmented>0</segmented>
	<object>
		<name>lion</name>
		<pose>Unspecified</pose>
		<truncated>0</truncated>
		<difficult>0</difficult>
		<occluded>0</occluded>
		<bndbox>
			<xmin>84</xmin>
			<xmax>474</xmax>
			<ymin>1</ymin>
			<ymax>592</ymax>
		</bndbox>
	</object>
</annotation>
