<annotation>
	<folder></folder>
	<filename>016_jpg.rf.be6343df42678bd18b168f445078e5cb.jpg</filename>
	<path>016_jpg.rf.be6343df42678bd18b168f445078e5cb.jpg</path>
	<source>
		<database>roboflow.ai</database>
	</source>
	<size>
		<width>480</width>
		<height>640</height>
		<depth>3</depth>
	</size>
	<segmented>0</segmented>
	<object>
		<name>elephant</name>
		<pose>Unspecified</pose>
		<truncated>0</truncated>
		<difficult>0</difficult>
		<occluded>0</occluded>
		<bndbox>
			<xmin>141</xmin>
			<xmax>286</xmax>
			<ymin>274</ymin>
			<ymax>491</ymax>
		</bndbox>
	</object>
</annotation>
