<annotation>
	<folder></folder>
	<filename>088_e46b6ce3_jpg.rf.58782c03770a1d875204069102315eac.jpg</filename>
	<path>088_e46b6ce3_jpg.rf.58782c03770a1d875204069102315eac.jpg</path>
	<source>
		<database>roboflow.ai</database>
	</source>
	<size>
		<width>474</width>
		<height>395</height>
		<depth>3</depth>
	</size>
	<segmented>0</segmented>
	<object>
		<name>leopard</name>
		<pose>Unspecified</pose>
		<truncated>0</truncated>
		<difficult>0</difficult>
		<occluded>0</occluded>
		<bndbox>
			<xmin>222</xmin>
			<xmax>434</xmax>
			<ymin>52</ymin>
			<ymax>356</ymax>
		</bndbox>
	</object>
	<object>
		<name>leopard</name>
		<pose>Unspecified</pose>
		<truncated>0</truncated>
		<difficult>0</difficult>
		<occluded>0</occluded>
		<bndbox>
			<xmin>42</xmin>
			<xmax>258</xmax>
			<ymin>122</ymin>
			<ymax>357</ymax>
		</bndbox>
	</object>
</annotation>
