<annotation>
	<folder></folder>
	<filename>071_jpg.rf.a94d9e6be493cc96a8fb80faf93754a5.jpg</filename>
	<path>071_jpg.rf.a94d9e6be493cc96a8fb80faf93754a5.jpg</path>
	<source>
		<database>roboflow.ai</database>
	</source>
	<size>
		<width>144</width>
		<height>103</height>
		<depth>3</depth>
	</size>
	<segmented>0</segmented>
	<object>
		<name>buffalo</name>
		<pose>Unspecified</pose>
		<truncated>0</truncated>
		<difficult>0</difficult>
		<occluded>0</occluded>
		<bndbox>
			<xmin>12</xmin>
			<xmax>135</xmax>
			<ymin>7</ymin>
			<ymax>103</ymax>
		</bndbox>
	</object>
</annotation>
