<annotation>
	<folder></folder>
	<filename>049_jpg.rf.734adb090a92a9437879489c43e449e1.jpg</filename>
	<path>049_jpg.rf.734adb090a92a9437879489c43e449e1.jpg</path>
	<source>
		<database>roboflow.ai</database>
	</source>
	<size>
		<width>968</width>
		<height>681</height>
		<depth>3</depth>
	</size>
	<segmented>0</segmented>
	<object>
		<name>rhino</name>
		<pose>Unspecified</pose>
		<truncated>0</truncated>
		<difficult>0</difficult>
		<occluded>0</occluded>
		<bndbox>
			<xmin>212</xmin>
			<xmax>941</xmax>
			<ymin>87</ymin>
			<ymax>620</ymax>
		</bndbox>
	</object>
</annotation>
