<annotation>
	<folder></folder>
	<filename>071_78b4f641_jpg.rf.38095ab9e883c5fd25e706270b1e9960.jpg</filename>
	<path>071_78b4f641_jpg.rf.38095ab9e883c5fd25e706270b1e9960.jpg</path>
	<source>
		<database>roboflow.ai</database>
	</source>
	<size>
		<width>474</width>
		<height>580</height>
		<depth>3</depth>
	</size>
	<segmented>0</segmented>
	<object>
		<name>leopard</name>
		<pose>Unspecified</pose>
		<truncated>0</truncated>
		<difficult>0</difficult>
		<occluded>0</occluded>
		<bndbox>
			<xmin>32</xmin>
			<xmax>437</xmax>
			<ymin>44</ymin>
			<ymax>580</ymax>
		</bndbox>
	</object>
</annotation>
