<annotation>
	<folder></folder>
	<filename>053_jpg.rf.c0ab6985809c4359d9393ad8e41aec53.jpg</filename>
	<path>053_jpg.rf.c0ab6985809c4359d9393ad8e41aec53.jpg</path>
	<source>
		<database>roboflow.ai</database>
	</source>
	<size>
		<width>428</width>
		<height>640</height>
		<depth>3</depth>
	</size>
	<segmented>0</segmented>
	<object>
		<name>elephant</name>
		<pose>Unspecified</pose>
		<truncated>0</truncated>
		<difficult>0</difficult>
		<occluded>0</occluded>
		<bndbox>
			<xmin>98</xmin>
			<xmax>349</xmax>
			<ymin>174</ymin>
			<ymax>594</ymax>
		</bndbox>
	</object>
</annotation>
