<annotation>
	<folder></folder>
	<filename>027_jpg.rf.3955244936647eecd9bd3b3010f9d21f.jpg</filename>
	<path>027_jpg.rf.3955244936647eecd9bd3b3010f9d21f.jpg</path>
	<source>
		<database>roboflow.ai</database>
	</source>
	<size>
		<width>640</width>
		<height>553</height>
		<depth>3</depth>
	</size>
	<segmented>0</segmented>
	<object>
		<name>elephant</name>
		<pose>Unspecified</pose>
		<truncated>0</truncated>
		<difficult>0</difficult>
		<occluded>0</occluded>
		<bndbox>
			<xmin>201</xmin>
			<xmax>454</xmax>
			<ymin>72</ymin>
			<ymax>499</ymax>
		</bndbox>
	</object>
</annotation>
