<annotation>
	<folder></folder>
	<filename>029_b6ac8650_jpg.rf.28708cfa36649ad91380f0ff121c297c.jpg</filename>
	<path>029_b6ac8650_jpg.rf.28708cfa36649ad91380f0ff121c297c.jpg</path>
	<source>
		<database>roboflow.ai</database>
	</source>
	<size>
		<width>474</width>
		<height>406</height>
		<depth>3</depth>
	</size>
	<segmented>0</segmented>
	<object>
		<name>lion</name>
		<pose>Unspecified</pose>
		<truncated>0</truncated>
		<difficult>0</difficult>
		<occluded>0</occluded>
		<bndbox>
			<xmin>95</xmin>
			<xmax>340</xmax>
			<ymin>31</ymin>
			<ymax>371</ymax>
		</bndbox>
	</object>
</annotation>
