<annotation>
	<folder></folder>
	<filename>091_jpg.rf.23d4ab1c40626dd43680d16a2e979d6c.jpg</filename>
	<path>091_jpg.rf.23d4ab1c40626dd43680d16a2e979d6c.jpg</path>
	<source>
		<database>roboflow.ai</database>
	</source>
	<size>
		<width>526</width>
		<height>349</height>
		<depth>3</depth>
	</size>
	<segmented>0</segmented>
	<object>
		<name>rhino</name>
		<pose>Unspecified</pose>
		<truncated>0</truncated>
		<difficult>0</difficult>
		<occluded>0</occluded>
		<bndbox>
			<xmin>9</xmin>
			<xmax>382</xmax>
			<ymin>102</ymin>
			<ymax>285</ymax>
		</bndbox>
	</object>
	<object>
		<name>rhino</name>
		<pose>Unspecified</pose>
		<truncated>0</truncated>
		<difficult>0</difficult>
		<occluded>0</occluded>
		<bndbox>
			<xmin>274</xmin>
			<xmax>509</xmax>
			<ymin>104</ymin>
			<ymax>257</ymax>
		</bndbox>
	</object>
</annotation>
