<annotation>
	<folder></folder>
	<filename>058_jpg.rf.2896354bd8bbbb73b1b2ca44b50be553.jpg</filename>
	<path>058_jpg.rf.2896354bd8bbbb73b1b2ca44b50be553.jpg</path>
	<source>
		<database>roboflow.ai</database>
	</source>
	<size>
		<width>2048</width>
		<height>1270</height>
		<depth>3</depth>
	</size>
	<segmented>0</segmented>
	<object>
		<name>rhino</name>
		<pose>Unspecified</pose>
		<truncated>0</truncated>
		<difficult>0</difficult>
		<occluded>0</occluded>
		<bndbox>
			<xmin>433</xmin>
			<xmax>1552</xmax>
			<ymin>584</ymin>
			<ymax>1177</ymax>
		</bndbox>
	</object>
</annotation>
