<annotation>
	<folder></folder>
	<filename>049_6a6f9b92_jpg.rf.024e1930fb5190e26703cc7534d03670.jpg</filename>
	<path>049_6a6f9b92_jpg.rf.024e1930fb5190e26703cc7534d03670.jpg</path>
	<source>
		<database>roboflow.ai</database>
	</source>
	<size>
		<width>474</width>
		<height>402</height>
		<depth>3</depth>
	</size>
	<segmented>0</segmented>
	<object>
		<name>lion</name>
		<pose>Unspecified</pose>
		<truncated>0</truncated>
		<difficult>0</difficult>
		<occluded>0</occluded>
		<bndbox>
			<xmin>37</xmin>
			<xmax>474</xmax>
			<ymin>130</ymin>
			<ymax>402</ymax>
		</bndbox>
	</object>
</annotation>
