<annotation>
	<folder></folder>
	<filename>026_jpg.rf.ca0127c95200d6ecb02bc35f8e5b414f.jpg</filename>
	<path>026_jpg.rf.ca0127c95200d6ecb02bc35f8e5b414f.jpg</path>
	<source>
		<database>roboflow.ai</database>
	</source>
	<size>
		<width>640</width>
		<height>426</height>
		<depth>3</depth>
	</size>
	<segmented>0</segmented>
	<object>
		<name>elephant</name>
		<pose>Unspecified</pose>
		<truncated>0</truncated>
		<difficult>0</difficult>
		<occluded>0</occluded>
		<bndbox>
			<xmin>341</xmin>
			<xmax>502</xmax>
			<ymin>139</ymin>
			<ymax>381</ymax>
		</bndbox>
	</object>
	<object>
		<name>elephant</name>
		<pose>Unspecified</pose>
		<truncated>0</truncated>
		<difficult>0</difficult>
		<occluded>0</occluded>
		<bndbox>
			<xmin>136</xmin>
			<xmax>363</xmax>
			<ymin>35</ymin>
			<ymax>366</ymax>
		</bndbox>
	</object>
</annotation>
