<annotation>
	<folder></folder>
	<filename>049_jpg.rf.59e001c85667a49f84488203a88cd7e4.jpg</filename>
	<path>049_jpg.rf.59e001c85667a49f84488203a88cd7e4.jpg</path>
	<source>
		<database>roboflow.ai</database>
	</source>
	<size>
		<width>1024</width>
		<height>683</height>
		<depth>3</depth>
	</size>
	<segmented>0</segmented>
	<object>
		<name>buffalo</name>
		<pose>Unspecified</pose>
		<truncated>0</truncated>
		<difficult>0</difficult>
		<occluded>0</occluded>
		<bndbox>
			<xmin>101</xmin>
			<xmax>910</xmax>
			<ymin>124</ymin>
			<ymax>655</ymax>
		</bndbox>
	</object>
</annotation>
