<annotation>
	<folder></folder>
	<filename>074_jpg.rf.20c298003796de9ccb8fd254697e6608.jpg</filename>
	<path>074_jpg.rf.20c298003796de9ccb8fd254697e6608.jpg</path>
	<source>
		<database>roboflow.ai</database>
	</source>
	<size>
		<width>640</width>
		<height>480</height>
		<depth>3</depth>
	</size>
	<segmented>0</segmented>
	<object>
		<name>elephant</name>
		<pose>Unspecified</pose>
		<truncated>0</truncated>
		<difficult>0</difficult>
		<occluded>0</occluded>
		<bndbox>
			<xmin>339</xmin>
			<xmax>462</xmax>
			<ymin>210</ymin>
			<ymax>317</ymax>
		</bndbox>
	</object>
	<object>
		<name>elephant</name>
		<pose>Unspecified</pose>
		<truncated>0</truncated>
		<difficult>0</difficult>
		<occluded>0</occluded>
		<bndbox>
			<xmin>269</xmin>
			<xmax>330</xmax>
			<ymin>229</ymin>
			<ymax>311</ymax>
		</bndbox>
	</object>
	<object>
		<name>elephant</name>
		<pose>Unspecified</pose>
		<truncated>0</truncated>
		<difficult>0</difficult>
		<occluded>0</occluded>
		<bndbox>
			<xmin>238</xmin>
			<xmax>305</xmax>
			<ymin>205</ymin>
			<ymax>298</ymax>
		</bndbox>
	</object>
</annotation>
