<annotation>
	<folder></folder>
	<filename>079_b586f911_jpg.rf.05b0459b0d8ab0b535b808a081de21ce.jpg</filename>
	<path>079_b586f911_jpg.rf.05b0459b0d8ab0b535b808a081de21ce.jpg</path>
	<source>
		<database>roboflow.ai</database>
	</source>
	<size>
		<width>474</width>
		<height>483</height>
		<depth>3</depth>
	</size>
	<segmented>0</segmented>
	<object>
		<name>lion</name>
		<pose>Unspecified</pose>
		<truncated>0</truncated>
		<difficult>0</difficult>
		<occluded>0</occluded>
		<bndbox>
			<xmin>1</xmin>
			<xmax>344</xmax>
			<ymin>88</ymin>
			<ymax>483</ymax>
		</bndbox>
	</object>
</annotation>
