<annotation>
	<folder></folder>
	<filename>055_f3c37175_jpg.rf.9d4662c28efeb6ce565fc03cb7d9479c.jpg</filename>
	<path>055_f3c37175_jpg.rf.9d4662c28efeb6ce565fc03cb7d9479c.jpg</path>
	<source>
		<database>roboflow.ai</database>
	</source>
	<size>
		<width>474</width>
		<height>571</height>
		<depth>3</depth>
	</size>
	<segmented>0</segmented>
	<object>
		<name>lion</name>
		<pose>Unspecified</pose>
		<truncated>0</truncated>
		<difficult>0</difficult>
		<occluded>0</occluded>
		<bndbox>
			<xmin>1</xmin>
			<xmax>438</xmax>
			<ymin>1</ymin>
			<ymax>571</ymax>
		</bndbox>
	</object>
</annotation>
