<annotation>
	<folder></folder>
	<filename>055_a144416c_jpg.rf.2571cf642a75c44534d452cba3370bb7.jpg</filename>
	<path>055_a144416c_jpg.rf.2571cf642a75c44534d452cba3370bb7.jpg</path>
	<source>
		<database>roboflow.ai</database>
	</source>
	<size>
		<width>474</width>
		<height>416</height>
		<depth>3</depth>
	</size>
	<segmented>0</segmented>
	<object>
		<name>leopard</name>
		<pose>Unspecified</pose>
		<truncated>0</truncated>
		<difficult>0</difficult>
		<occluded>0</occluded>
		<bndbox>
			<xmin>27</xmin>
			<xmax>468</xmax>
			<ymin>164</ymin>
			<ymax>316</ymax>
		</bndbox>
	</object>
</annotation>
