<annotation>
	<folder></folder>
	<filename>075_jpg.rf.0945e9e645be24301fab682776b1af25.jpg</filename>
	<path>075_jpg.rf.0945e9e645be24301fab682776b1af25.jpg</path>
	<source>
		<database>roboflow.ai</database>
	</source>
	<size>
		<width>690</width>
		<height>517</height>
		<depth>3</depth>
	</size>
	<segmented>0</segmented>
	<object>
		<name>rhino</name>
		<pose>Unspecified</pose>
		<truncated>0</truncated>
		<difficult>0</difficult>
		<occluded>0</occluded>
		<bndbox>
			<xmin>30</xmin>
			<xmax>643</xmax>
			<ymin>2</ymin>
			<ymax>451</ymax>
		</bndbox>
	</object>
</annotation>
