<annotation>
	<folder></folder>
	<filename>081_jpg.rf.67a7bb00e39602b7bc95eb85132a15b6.jpg</filename>
	<path>081_jpg.rf.67a7bb00e39602b7bc95eb85132a15b6.jpg</path>
	<source>
		<database>roboflow.ai</database>
	</source>
	<size>
		<width>130</width>
		<height>86</height>
		<depth>3</depth>
	</size>
	<segmented>0</segmented>
	<object>
		<name>rhino</name>
		<pose>Unspecified</pose>
		<truncated>0</truncated>
		<difficult>0</difficult>
		<occluded>0</occluded>
		<bndbox>
			<xmin>9</xmin>
			<xmax>121</xmax>
			<ymin>25</ymin>
			<ymax>86</ymax>
		</bndbox>
	</object>
</annotation>
