<annotation>
	<folder></folder>
	<filename>089_jpg.rf.dbbc528f70cff43aad69b2bc9981e575.jpg</filename>
	<path>089_jpg.rf.dbbc528f70cff43aad69b2bc9981e575.jpg</path>
	<source>
		<database>roboflow.ai</database>
	</source>
	<size>
		<width>640</width>
		<height>395</height>
		<depth>3</depth>
	</size>
	<segmented>0</segmented>
	<object>
		<name>buffalo</name>
		<pose>Unspecified</pose>
		<truncated>0</truncated>
		<difficult>0</difficult>
		<occluded>0</occluded>
		<bndbox>
			<xmin>2</xmin>
			<xmax>396</xmax>
			<ymin>63</ymin>
			<ymax>366</ymax>
		</bndbox>
	</object>
</annotation>
