<annotation>
	<folder></folder>
	<filename>048_c81aca92_jpg.rf.ba8b57b9a835fef9eeeda4a4f104bd32.jpg</filename>
	<path>048_c81aca92_jpg.rf.ba8b57b9a835fef9eeeda4a4f104bd32.jpg</path>
	<source>
		<database>roboflow.ai</database>
	</source>
	<size>
		<width>474</width>
		<height>474</height>
		<depth>3</depth>
	</size>
	<segmented>0</segmented>
	<object>
		<name>leopard</name>
		<pose>Unspecified</pose>
		<truncated>0</truncated>
		<difficult>0</difficult>
		<occluded>0</occluded>
		<bndbox>
			<xmin>1</xmin>
			<xmax>474</xmax>
			<ymin>52</ymin>
			<ymax>419</ymax>
		</bndbox>
	</object>
</annotation>
