<annotation>
	<folder></folder>
	<filename>010_f0d9a298_jpg.rf.25190fd6210f73836fd6d808ca48d943.jpg</filename>
	<path>010_f0d9a298_jpg.rf.25190fd6210f73836fd6d808ca48d943.jpg</path>
	<source>
		<database>roboflow.ai</database>
	</source>
	<size>
		<width>474</width>
		<height>585</height>
		<depth>3</depth>
	</size>
	<segmented>0</segmented>
	<object>
		<name>lion</name>
		<pose>Unspecified</pose>
		<truncated>0</truncated>
		<difficult>0</difficult>
		<occluded>0</occluded>
		<bndbox>
			<xmin>90</xmin>
			<xmax>474</xmax>
			<ymin>70</ymin>
			<ymax>585</ymax>
		</bndbox>
	</object>
	<object>
		<name>lion</name>
		<pose>Unspecified</pose>
		<truncated>0</truncated>
		<difficult>0</difficult>
		<occluded>0</occluded>
		<bndbox>
			<xmin>47</xmin>
			<xmax>244</xmax>
			<ymin>299</ymin>
			<ymax>583</ymax>
		</bndbox>
	</object>
</annotation>
