<annotation>
	<folder></folder>
	<filename>019_3bd654df_jpg.rf.f0d7c0b3245ca8c8978e136cca53a48c.jpg</filename>
	<path>019_3bd654df_jpg.rf.f0d7c0b3245ca8c8978e136cca53a48c.jpg</path>
	<source>
		<database>roboflow.ai</database>
	</source>
	<size>
		<width>474</width>
		<height>474</height>
		<depth>3</depth>
	</size>
	<segmented>0</segmented>
	<object>
		<name>lion</name>
		<pose>Unspecified</pose>
		<truncated>0</truncated>
		<difficult>0</difficult>
		<occluded>0</occluded>
		<bndbox>
			<xmin>1</xmin>
			<xmax>474</xmax>
			<ymin>20</ymin>
			<ymax>474</ymax>
		</bndbox>
	</object>
</annotation>
