<annotation>
	<folder></folder>
	<filename>097_jpg.rf.7b8b099fcdfcebfb12867d54a86d66a0.jpg</filename>
	<path>097_jpg.rf.7b8b099fcdfcebfb12867d54a86d66a0.jpg</path>
	<source>
		<database>roboflow.ai</database>
	</source>
	<size>
		<width>3648</width>
		<height>2736</height>
		<depth>3</depth>
	</size>
	<segmented>0</segmented>
	<object>
		<name>buffalo</name>
		<pose>Unspecified</pose>
		<truncated>0</truncated>
		<difficult>0</difficult>
		<occluded>0</occluded>
		<bndbox>
			<xmin>511</xmin>
			<xmax>3345</xmax>
			<ymin>408</ymin>
			<ymax>1888</ymax>
		</bndbox>
	</object>
</annotation>
