<annotation>
	<folder></folder>
	<filename>005_jpg.rf.0debdf135a9dd98266a4aaa8a5014e5a.jpg</filename>
	<path>005_jpg.rf.0debdf135a9dd98266a4aaa8a5014e5a.jpg</path>
	<source>
		<database>roboflow.ai</database>
	</source>
	<size>
		<width>590</width>
		<height>390</height>
		<depth>3</depth>
	</size>
	<segmented>0</segmented>
	<object>
		<name>rhino</name>
		<pose>Unspecified</pose>
		<truncated>0</truncated>
		<difficult>0</difficult>
		<occluded>0</occluded>
		<bndbox>
			<xmin>352</xmin>
			<xmax>571</xmax>
			<ymin>169</ymin>
			<ymax>312</ymax>
		</bndbox>
	</object>
	<object>
		<name>rhino</name>
		<pose>Unspecified</pose>
		<truncated>0</truncated>
		<difficult>0</difficult>
		<occluded>0</occluded>
		<bndbox>
			<xmin>3</xmin>
			<xmax>305</xmax>
			<ymin>54</ymin>
			<ymax>318</ymax>
		</bndbox>
	</object>
</annotation>
