<annotation>
	<folder></folder>
	<filename>099_7c69883f_jpg.rf.5d5a719015c8dc4c17f6781b724debfc.jpg</filename>
	<path>099_7c69883f_jpg.rf.5d5a719015c8dc4c17f6781b724debfc.jpg</path>
	<source>
		<database>roboflow.ai</database>
	</source>
	<size>
		<width>474</width>
		<height>555</height>
		<depth>3</depth>
	</size>
	<segmented>0</segmented>
	<object>
		<name>leopard</name>
		<pose>Unspecified</pose>
		<truncated>0</truncated>
		<difficult>0</difficult>
		<occluded>0</occluded>
		<bndbox>
			<xmin>1</xmin>
			<xmax>255</xmax>
			<ymin>53</ymin>
			<ymax>316</ymax>
		</bndbox>
	</object>
	<object>
		<name>leopard</name>
		<pose>Unspecified</pose>
		<truncated>0</truncated>
		<difficult>0</difficult>
		<occluded>0</occluded>
		<bndbox>
			<xmin>1</xmin>
			<xmax>211</xmax>
			<ymin>337</ymin>
			<ymax>555</ymax>
		</bndbox>
	</object>
	<object>
		<name>leopard</name>
		<pose>Unspecified</pose>
		<truncated>0</truncated>
		<difficult>0</difficult>
		<occluded>0</occluded>
		<bndbox>
			<xmin>285</xmin>
			<xmax>474</xmax>
			<ymin>346</ymin>
			<ymax>555</ymax>
		</bndbox>
	</object>
</annotation>
