<annotation>
	<folder></folder>
	<filename>008_jpg.rf.6b1c4b8d2b790d4991b4ef907e0f0c9a.jpg</filename>
	<path>008_jpg.rf.6b1c4b8d2b790d4991b4ef907e0f0c9a.jpg</path>
	<source>
		<database>roboflow.ai</database>
	</source>
	<size>
		<width>600</width>
		<height>407</height>
		<depth>3</depth>
	</size>
	<segmented>0</segmented>
	<object>
		<name>rhino</name>
		<pose>Unspecified</pose>
		<truncated>0</truncated>
		<difficult>0</difficult>
		<occluded>0</occluded>
		<bndbox>
			<xmin>108</xmin>
			<xmax>425</xmax>
			<ymin>135</ymin>
			<ymax>404</ymax>
		</bndbox>
	</object>
</annotation>
