<annotation>
	<folder></folder>
	<filename>067_9f5e9dc2_jpg.rf.66df251cb7abd251df5b88b600daee2b.jpg</filename>
	<path>067_9f5e9dc2_jpg.rf.66df251cb7abd251df5b88b600daee2b.jpg</path>
	<source>
		<database>roboflow.ai</database>
	</source>
	<size>
		<width>474</width>
		<height>481</height>
		<depth>3</depth>
	</size>
	<segmented>0</segmented>
	<object>
		<name>lion</name>
		<pose>Unspecified</pose>
		<truncated>0</truncated>
		<difficult>0</difficult>
		<occluded>0</occluded>
		<bndbox>
			<xmin>38</xmin>
			<xmax>474</xmax>
			<ymin>34</ymin>
			<ymax>481</ymax>
		</bndbox>
	</object>
</annotation>
