<annotation>
	<folder></folder>
	<filename>037_28519ec5_jpg.rf.06931697c3a8e983442a32d902f11917.jpg</filename>
	<path>037_28519ec5_jpg.rf.06931697c3a8e983442a32d902f11917.jpg</path>
	<source>
		<database>roboflow.ai</database>
	</source>
	<size>
		<width>474</width>
		<height>571</height>
		<depth>3</depth>
	</size>
	<segmented>0</segmented>
	<object>
		<name>leopard</name>
		<pose>Unspecified</pose>
		<truncated>0</truncated>
		<difficult>0</difficult>
		<occluded>0</occluded>
		<bndbox>
			<xmin>45</xmin>
			<xmax>417</xmax>
			<ymin>98</ymin>
			<ymax>571</ymax>
		</bndbox>
	</object>
</annotation>
