<annotation>
	<folder></folder>
	<filename>095_6987c33d_jpg.rf.8e418caaf6f54fa4defcdeb62aed1bcd.jpg</filename>
	<path>095_6987c33d_jpg.rf.8e418caaf6f54fa4defcdeb62aed1bcd.jpg</path>
	<source>
		<database>roboflow.ai</database>
	</source>
	<size>
		<width>474</width>
		<height>440</height>
		<depth>3</depth>
	</size>
	<segmented>0</segmented>
	<object>
		<name>leopard</name>
		<pose>Unspecified</pose>
		<truncated>0</truncated>
		<difficult>0</difficult>
		<occluded>0</occluded>
		<bndbox>
			<xmin>72</xmin>
			<xmax>378</xmax>
			<ymin>59</ymin>
			<ymax>372</ymax>
		</bndbox>
	</object>
</annotation>
