<annotation>
	<folder></folder>
	<filename>035_d014c11f_jpg.rf.03c044e9a6287693a771865f3e077ed7.jpg</filename>
	<path>035_d014c11f_jpg.rf.03c044e9a6287693a771865f3e077ed7.jpg</path>
	<source>
		<database>roboflow.ai</database>
	</source>
	<size>
		<width>474</width>
		<height>469</height>
		<depth>3</depth>
	</size>
	<segmented>0</segmented>
	<object>
		<name>lion</name>
		<pose>Unspecified</pose>
		<truncated>0</truncated>
		<difficult>0</difficult>
		<occluded>0</occluded>
		<bndbox>
			<xmin>58</xmin>
			<xmax>464</xmax>
			<ymin>55</ymin>
			<ymax>469</ymax>
		</bndbox>
	</object>
</annotation>
