<annotation>
	<folder></folder>
	<filename>060_jpg.rf.74027b31b37c0b47498fe9dcd44ace31.jpg</filename>
	<path>060_jpg.rf.74027b31b37c0b47498fe9dcd44ace31.jpg</path>
	<source>
		<database>roboflow.ai</database>
	</source>
	<size>
		<width>500</width>
		<height>333</height>
		<depth>3</depth>
	</size>
	<segmented>0</segmented>
	<object>
		<name>elephant</name>
		<pose>Unspecified</pose>
		<truncated>0</truncated>
		<difficult>0</difficult>
		<occluded>0</occluded>
		<bndbox>
			<xmin>173</xmin>
			<xmax>425</xmax>
			<ymin>37</ymin>
			<ymax>306</ymax>
		</bndbox>
	</object>
	<object>
		<name>elephant</name>
		<pose>Unspecified</pose>
		<truncated>0</truncated>
		<difficult>0</difficult>
		<occluded>0</occluded>
		<bndbox>
			<xmin>41</xmin>
			<xmax>167</xmax>
			<ymin>139</ymin>
			<ymax>304</ymax>
		</bndbox>
	</object>
</annotation>
