<annotation>
	<folder></folder>
	<filename>054_9c82df1c_jpg.rf.ce8d82656279f1f621074665de486d69.jpg</filename>
	<path>054_9c82df1c_jpg.rf.ce8d82656279f1f621074665de486d69.jpg</path>
	<source>
		<database>roboflow.ai</database>
	</source>
	<size>
		<width>474</width>
		<height>500</height>
		<depth>3</depth>
	</size>
	<segmented>0</segmented>
	<object>
		<name>leopard</name>
		<pose>Unspecified</pose>
		<truncated>0</truncated>
		<difficult>0</difficult>
		<occluded>0</occluded>
		<bndbox>
			<xmin>253</xmin>
			<xmax>408</xmax>
			<ymin>200</ymin>
			<ymax>448</ymax>
		</bndbox>
	</object>
</annotation>
