<annotation>
	<folder></folder>
	<filename>076_jpg.rf.664a945a15f51962e13860a9456659b6.jpg</filename>
	<path>076_jpg.rf.664a945a15f51962e13860a9456659b6.jpg</path>
	<source>
		<database>roboflow.ai</database>
	</source>
	<size>
		<width>225</width>
		<height>150</height>
		<depth>3</depth>
	</size>
	<segmented>0</segmented>
	<object>
		<name>buffalo</name>
		<pose>Unspecified</pose>
		<truncated>0</truncated>
		<difficult>0</difficult>
		<occluded>0</occluded>
		<bndbox>
			<xmin>37</xmin>
			<xmax>193</xmax>
			<ymin>25</ymin>
			<ymax>150</ymax>
		</bndbox>
	</object>
</annotation>
