<annotation>
	<folder></folder>
	<filename>094_cc685c5d_jpg.rf.134112febb770ee61a2421fd338ad9bd.jpg</filename>
	<path>094_cc685c5d_jpg.rf.134112febb770ee61a2421fd338ad9bd.jpg</path>
	<source>
		<database>roboflow.ai</database>
	</source>
	<size>
		<width>474</width>
		<height>557</height>
		<depth>3</depth>
	</size>
	<segmented>0</segmented>
	<object>
		<name>lion</name>
		<pose>Unspecified</pose>
		<truncated>0</truncated>
		<difficult>0</difficult>
		<occluded>0</occluded>
		<bndbox>
			<xmin>35</xmin>
			<xmax>474</xmax>
			<ymin>29</ymin>
			<ymax>438</ymax>
		</bndbox>
	</object>
	<object>
		<name>lion</name>
		<pose>Unspecified</pose>
		<truncated>0</truncated>
		<difficult>0</difficult>
		<occluded>0</occluded>
		<bndbox>
			<xmin>1</xmin>
			<xmax>474</xmax>
			<ymin>387</ymin>
			<ymax>557</ymax>
		</bndbox>
	</object>
</annotation>
