<annotation>
	<folder></folder>
	<filename>086_jpg.rf.21893da3ade340b2491c0e064752bdb9.jpg</filename>
	<path>086_jpg.rf.21893da3ade340b2491c0e064752bdb9.jpg</path>
	<source>
		<database>roboflow.ai</database>
	</source>
	<size>
		<width>800</width>
		<height>518</height>
		<depth>3</depth>
	</size>
	<segmented>0</segmented>
	<object>
		<name>buffalo</name>
		<pose>Unspecified</pose>
		<truncated>0</truncated>
		<difficult>0</difficult>
		<occluded>0</occluded>
		<bndbox>
			<xmin>32</xmin>
			<xmax>724</xmax>
			<ymin>94</ymin>
			<ymax>443</ymax>
		</bndbox>
	</object>
</annotation>
