<annotation>
	<folder></folder>
	<filename>003_261da84c_jpg.rf.589333e3b8ef1d4ae4be54ce3ef915ad.jpg</filename>
	<path>003_261da84c_jpg.rf.589333e3b8ef1d4ae4be54ce3ef915ad.jpg</path>
	<source>
		<database>roboflow.ai</database>
	</source>
	<size>
		<width>474</width>
		<height>465</height>
		<depth>3</depth>
	</size>
	<segmented>0</segmented>
	<object>
		<name>leopard</name>
		<pose>Unspecified</pose>
		<truncated>0</truncated>
		<difficult>0</difficult>
		<occluded>0</occluded>
		<bndbox>
			<xmin>154</xmin>
			<xmax>412</xmax>
			<ymin>39</ymin>
			<ymax>385</ymax>
		</bndbox>
	</object>
</annotation>
