<annotation>
	<folder></folder>
	<filename>040_jpg.rf.617ab9fbc1519d65542cc453ae23469a.jpg</filename>
	<path>040_jpg.rf.617ab9fbc1519d65542cc453ae23469a.jpg</path>
	<source>
		<database>roboflow.ai</database>
	</source>
	<size>
		<width>300</width>
		<height>300</height>
		<depth>3</depth>
	</size>
	<segmented>0</segmented>
	<object>
		<name>rhino</name>
		<pose>Unspecified</pose>
		<truncated>0</truncated>
		<difficult>0</difficult>
		<occluded>0</occluded>
		<bndbox>
			<xmin>28</xmin>
			<xmax>265</xmax>
			<ymin>79</ymin>
			<ymax>232</ymax>
		</bndbox>
	</object>
</annotation>
