<annotation>
	<folder></folder>
	<filename>016_846d3334_jpg.rf.3e689a8bca54c0aaa560276f4d8de2fa.jpg</filename>
	<path>016_846d3334_jpg.rf.3e689a8bca54c0aaa560276f4d8de2fa.jpg</path>
	<source>
		<database>roboflow.ai</database>
	</source>
	<size>
		<width>474</width>
		<height>465</height>
		<depth>3</depth>
	</size>
	<segmented>0</segmented>
	<object>
		<name>lion</name>
		<pose>Unspecified</pose>
		<truncated>0</truncated>
		<difficult>0</difficult>
		<occluded>0</occluded>
		<bndbox>
			<xmin>4</xmin>
			<xmax>473</xmax>
			<ymin>4</ymin>
			<ymax>463</ymax>
		</bndbox>
	</object>
</annotation>
