<annotation>
	<folder></folder>
	<filename>068_jpg.rf.2d001b094591a47112a3860316403e58.jpg</filename>
	<path>068_jpg.rf.2d001b094591a47112a3860316403e58.jpg</path>
	<source>
		<database>roboflow.ai</database>
	</source>
	<size>
		<width>640</width>
		<height>449</height>
		<depth>3</depth>
	</size>
	<segmented>0</segmented>
	<object>
		<name>elephant</name>
		<pose>Unspecified</pose>
		<truncated>0</truncated>
		<difficult>0</difficult>
		<occluded>0</occluded>
		<bndbox>
			<xmin>252</xmin>
			<xmax>640</xmax>
			<ymin>181</ymin>
			<ymax>449</ymax>
		</bndbox>
	</object>
	<object>
		<name>elephant</name>
		<pose>Unspecified</pose>
		<truncated>0</truncated>
		<difficult>0</difficult>
		<occluded>0</occluded>
		<bndbox>
			<xmin>39</xmin>
			<xmax>359</xmax>
			<ymin>42</ymin>
			<ymax>439</ymax>
		</bndbox>
	</object>
</annotation>
