<annotation>
	<folder></folder>
	<filename>101_jpg.rf.a19797c0027998f321027cad6bd46562.jpg</filename>
	<path>101_jpg.rf.a19797c0027998f321027cad6bd46562.jpg</path>
	<source>
		<database>roboflow.ai</database>
	</source>
	<size>
		<width>640</width>
		<height>436</height>
		<depth>3</depth>
	</size>
	<segmented>0</segmented>
	<object>
		<name>elephant</name>
		<pose>Unspecified</pose>
		<truncated>0</truncated>
		<difficult>0</difficult>
		<occluded>0</occluded>
		<bndbox>
			<xmin>286</xmin>
			<xmax>581</xmax>
			<ymin>197</ymin>
			<ymax>380</ymax>
		</bndbox>
	</object>
	<object>
		<name>elephant</name>
		<pose>Unspecified</pose>
		<truncated>0</truncated>
		<difficult>0</difficult>
		<occluded>0</occluded>
		<bndbox>
			<xmin>100</xmin>
			<xmax>204</xmax>
			<ymin>299</ymin>
			<ymax>381</ymax>
		</bndbox>
	</object>
</annotation>
