<annotation>
	<folder></folder>
	<filename>017_4feea9cd_jpg.rf.e61f6559a788e34ae34c51eacb7f7daa.jpg</filename>
	<path>017_4feea9cd_jpg.rf.e61f6559a788e34ae34c51eacb7f7daa.jpg</path>
	<source>
		<database>roboflow.ai</database>
	</source>
	<size>
		<width>474</width>
		<height>475</height>
		<depth>3</depth>
	</size>
	<segmented>0</segmented>
	<object>
		<name>leopard</name>
		<pose>Unspecified</pose>
		<truncated>0</truncated>
		<difficult>0</difficult>
		<occluded>0</occluded>
		<bndbox>
			<xmin>33</xmin>
			<xmax>442</xmax>
			<ymin>80</ymin>
			<ymax>475</ymax>
		</bndbox>
	</object>
</annotation>
