<annotation>
	<folder></folder>
	<filename>038_jpg.rf.7f2d9ff7565416434f98ce03fe2e1688.jpg</filename>
	<path>038_jpg.rf.7f2d9ff7565416434f98ce03fe2e1688.jpg</path>
	<source>
		<database>roboflow.ai</database>
	</source>
	<size>
		<width>1024</width>
		<height>668</height>
		<depth>3</depth>
	</size>
	<segmented>0</segmented>
	<object>
		<name>buffalo</name>
		<pose>Unspecified</pose>
		<truncated>0</truncated>
		<difficult>0</difficult>
		<occluded>0</occluded>
		<bndbox>
			<xmin>110</xmin>
			<xmax>917</xmax>
			<ymin>70</ymin>
			<ymax>600</ymax>
		</bndbox>
	</object>
</annotation>
