<annotation>
	<folder></folder>
	<filename>007_jpg.rf.e29714f73eac09ff5a97ae48ff97e996.jpg</filename>
	<path>007_jpg.rf.e29714f73eac09ff5a97ae48ff97e996.jpg</path>
	<source>
		<database>roboflow.ai</database>
	</source>
	<size>
		<width>1024</width>
		<height>768</height>
		<depth>3</depth>
	</size>
	<segmented>0</segmented>
	<object>
		<name>buffalo</name>
		<pose>Unspecified</pose>
		<truncated>0</truncated>
		<difficult>0</difficult>
		<occluded>0</occluded>
		<bndbox>
			<xmin>160</xmin>
			<xmax>923</xmax>
			<ymin>22</ymin>
			<ymax>715</ymax>
		</bndbox>
	</object>
</annotation>
