<annotation>
	<folder></folder>
	<filename>029_jpg.rf.7f9a77b5ab9bbc98849e5d3ab0939441.jpg</filename>
	<path>029_jpg.rf.7f9a77b5ab9bbc98849e5d3ab0939441.jpg</path>
	<source>
		<database>roboflow.ai</database>
	</source>
	<size>
		<width>624</width>
		<height>351</height>
		<depth>3</depth>
	</size>
	<segmented>0</segmented>
	<object>
		<name>rhino</name>
		<pose>Unspecified</pose>
		<truncated>0</truncated>
		<difficult>0</difficult>
		<occluded>0</occluded>
		<bndbox>
			<xmin>171</xmin>
			<xmax>601</xmax>
			<ymin>18</ymin>
			<ymax>351</ymax>
		</bndbox>
	</object>
</annotation>
