<annotation>
	<folder></folder>
	<filename>025_3dc2c567_jpg.rf.e46fd8bb2e926c84f716b71a6f30087c.jpg</filename>
	<path>025_3dc2c567_jpg.rf.e46fd8bb2e926c84f716b71a6f30087c.jpg</path>
	<source>
		<database>roboflow.ai</database>
	</source>
	<size>
		<width>474</width>
		<height>542</height>
		<depth>3</depth>
	</size>
	<segmented>0</segmented>
	<object>
		<name>lion</name>
		<pose>Unspecified</pose>
		<truncated>0</truncated>
		<difficult>0</difficult>
		<occluded>0</occluded>
		<bndbox>
			<xmin>1</xmin>
			<xmax>474</xmax>
			<ymin>25</ymin>
			<ymax>534</ymax>
		</bndbox>
	</object>
</annotation>
