<annotation>
	<folder></folder>
	<filename>099_jpg.rf.4be38df399b402ee0520d28d9e8105ef.jpg</filename>
	<path>099_jpg.rf.4be38df399b402ee0520d28d9e8105ef.jpg</path>
	<source>
		<database>roboflow.ai</database>
	</source>
	<size>
		<width>640</width>
		<height>427</height>
		<depth>3</depth>
	</size>
	<segmented>0</segmented>
	<object>
		<name>elephant</name>
		<pose>Unspecified</pose>
		<truncated>0</truncated>
		<difficult>0</difficult>
		<occluded>0</occluded>
		<bndbox>
			<xmin>266</xmin>
			<xmax>396</xmax>
			<ymin>169</ymin>
			<ymax>272</ymax>
		</bndbox>
	</object>
</annotation>
