<annotation>
	<folder></folder>
	<filename>044_jpg.rf.1fede84b0c15b9b79de84dea323c2ad2.jpg</filename>
	<path>044_jpg.rf.1fede84b0c15b9b79de84dea323c2ad2.jpg</path>
	<source>
		<database>roboflow.ai</database>
	</source>
	<size>
		<width>496</width>
		<height>640</height>
		<depth>3</depth>
	</size>
	<segmented>0</segmented>
	<object>
		<name>elephant</name>
		<pose>Unspecified</pose>
		<truncated>0</truncated>
		<difficult>0</difficult>
		<occluded>0</occluded>
		<bndbox>
			<xmin>170</xmin>
			<xmax>496</xmax>
			<ymin>17</ymin>
			<ymax>503</ymax>
		</bndbox>
	</object>
</annotation>
