<annotation>
	<folder></folder>
	<filename>030_jpg.rf.7f0d73d79ca9535bf81006b43702f35d.jpg</filename>
	<path>030_jpg.rf.7f0d73d79ca9535bf81006b43702f35d.jpg</path>
	<source>
		<database>roboflow.ai</database>
	</source>
	<size>
		<width>1024</width>
		<height>537</height>
		<depth>3</depth>
	</size>
	<segmented>0</segmented>
	<object>
		<name>rhino</name>
		<pose>Unspecified</pose>
		<truncated>0</truncated>
		<difficult>0</difficult>
		<occluded>0</occluded>
		<bndbox>
			<xmin>117</xmin>
			<xmax>885</xmax>
			<ymin>185</ymin>
			<ymax>503</ymax>
		</bndbox>
	</object>
</annotation>
