<annotation>
	<folder></folder>
	<filename>057_jpg.rf.080d3c2ab777ccb1b5ef6b9e18410f40.jpg</filename>
	<path>057_jpg.rf.080d3c2ab777ccb1b5ef6b9e18410f40.jpg</path>
	<source>
		<database>roboflow.ai</database>
	</source>
	<size>
		<width>1024</width>
		<height>696</height>
		<depth>3</depth>
	</size>
	<segmented>0</segmented>
	<object>
		<name>buffalo</name>
		<pose>Unspecified</pose>
		<truncated>0</truncated>
		<difficult>0</difficult>
		<occluded>0</occluded>
		<bndbox>
			<xmin>2</xmin>
			<xmax>973</xmax>
			<ymin>130</ymin>
			<ymax>644</ymax>
		</bndbox>
	</object>
</annotation>
