<annotation>
	<folder></folder>
	<filename>060_d686939f_jpg.rf.f8481044e383fdb2b31b779fceaa4194.jpg</filename>
	<path>060_d686939f_jpg.rf.f8481044e383fdb2b31b779fceaa4194.jpg</path>
	<source>
		<database>roboflow.ai</database>
	</source>
	<size>
		<width>474</width>
		<height>395</height>
		<depth>3</depth>
	</size>
	<segmented>0</segmented>
	<object>
		<name>leopard</name>
		<pose>Unspecified</pose>
		<truncated>0</truncated>
		<difficult>0</difficult>
		<occluded>0</occluded>
		<bndbox>
			<xmin>25</xmin>
			<xmax>358</xmax>
			<ymin>49</ymin>
			<ymax>395</ymax>
		</bndbox>
	</object>
</annotation>
