<annotation>
	<folder></folder>
	<filename>021_jpg.rf.3ad83d0459df33c5352f68cd7140e907.jpg</filename>
	<path>021_jpg.rf.3ad83d0459df33c5352f68cd7140e907.jpg</path>
	<source>
		<database>roboflow.ai</database>
	</source>
	<size>
		<width>375</width>
		<height>500</height>
		<depth>3</depth>
	</size>
	<segmented>0</segmented>
	<object>
		<name>elephant</name>
		<pose>Unspecified</pose>
		<truncated>0</truncated>
		<difficult>0</difficult>
		<occluded>0</occluded>
		<bndbox>
			<xmin>26</xmin>
			<xmax>250</xmax>
			<ymin>192</ymin>
			<ymax>466</ymax>
		</bndbox>
	</object>
</annotation>
