<annotation>
	<folder></folder>
	<filename>024_4943ada2_jpg.rf.161d43b36feb50625365ea74951dfe52.jpg</filename>
	<path>024_4943ada2_jpg.rf.161d43b36feb50625365ea74951dfe52.jpg</path>
	<source>
		<database>roboflow.ai</database>
	</source>
	<size>
		<width>474</width>
		<height>474</height>
		<depth>3</depth>
	</size>
	<segmented>0</segmented>
	<object>
		<name>lion</name>
		<pose>Unspecified</pose>
		<truncated>0</truncated>
		<difficult>0</difficult>
		<occluded>0</occluded>
		<bndbox>
			<xmin>1</xmin>
			<xmax>458</xmax>
			<ymin>16</ymin>
			<ymax>474</ymax>
		</bndbox>
	</object>
</annotation>
