<annotation>
	<folder></folder>
	<filename>075_0e3001ef_jpg.rf.e9758dfe788fcf0dc7155d67ce31eb52.jpg</filename>
	<path>075_0e3001ef_jpg.rf.e9758dfe788fcf0dc7155d67ce31eb52.jpg</path>
	<source>
		<database>roboflow.ai</database>
	</source>
	<size>
		<width>474</width>
		<height>474</height>
		<depth>3</depth>
	</size>
	<segmented>0</segmented>
	<object>
		<name>lion</name>
		<pose>Unspecified</pose>
		<truncated>0</truncated>
		<difficult>0</difficult>
		<occluded>0</occluded>
		<bndbox>
			<xmin>1</xmin>
			<xmax>417</xmax>
			<ymin>49</ymin>
			<ymax>474</ymax>
		</bndbox>
	</object>
</annotation>
