<annotation>
	<folder></folder>
	<filename>074_jpg.rf.81014681b60d4100a277ad08c9058387.jpg</filename>
	<path>074_jpg.rf.81014681b60d4100a277ad08c9058387.jpg</path>
	<source>
		<database>roboflow.ai</database>
	</source>
	<size>
		<width>800</width>
		<height>533</height>
		<depth>3</depth>
	</size>
	<segmented>0</segmented>
	<object>
		<name>buffalo</name>
		<pose>Unspecified</pose>
		<truncated>0</truncated>
		<difficult>0</difficult>
		<occluded>0</occluded>
		<bndbox>
			<xmin>481</xmin>
			<xmax>800</xmax>
			<ymin>73</ymin>
			<ymax>492</ymax>
		</bndbox>
	</object>
	<object>
		<name>buffalo</name>
		<pose>Unspecified</pose>
		<truncated>0</truncated>
		<difficult>0</difficult>
		<occluded>0</occluded>
		<bndbox>
			<xmin>32</xmin>
			<xmax>314</xmax>
			<ymin>77</ymin>
			<ymax>516</ymax>
		</bndbox>
	</object>
	<object>
		<name>buffalo</name>
		<pose>Unspecified</pose>
		<truncated>0</truncated>
		<difficult>0</difficult>
		<occluded>0</occluded>
		<bndbox>
			<xmin>293</xmin>
			<xmax>489</xmax>
			<ymin>120</ymin>
			<ymax>453</ymax>
		</bndbox>
	</object>
</annotation>
