<annotation>
	<folder></folder>
	<filename>065_jpg.rf.636d928791546e32c083a13564c29375.jpg</filename>
	<path>065_jpg.rf.636d928791546e32c083a13564c29375.jpg</path>
	<source>
		<database>roboflow.ai</database>
	</source>
	<size>
		<width>1200</width>
		<height>880</height>
		<depth>3</depth>
	</size>
	<segmented>0</segmented>
	<object>
		<name>buffalo</name>
		<pose>Unspecified</pose>
		<truncated>0</truncated>
		<difficult>0</difficult>
		<occluded>0</occluded>
		<bndbox>
			<xmin>267</xmin>
			<xmax>1086</xmax>
			<ymin>268</ymin>
			<ymax>699</ymax>
		</bndbox>
	</object>
</annotation>
