<annotation>
	<folder></folder>
	<filename>047_jpg.rf.36139891944574096d615055c06ccfda.jpg</filename>
	<path>047_jpg.rf.36139891944574096d615055c06ccfda.jpg</path>
	<source>
		<database>roboflow.ai</database>
	</source>
	<size>
		<width>333</width>
		<height>500</height>
		<depth>3</depth>
	</size>
	<segmented>0</segmented>
	<object>
		<name>elephant</name>
		<pose>Unspecified</pose>
		<truncated>0</truncated>
		<difficult>0</difficult>
		<occluded>0</occluded>
		<bndbox>
			<xmin>36</xmin>
			<xmax>333</xmax>
			<ymin>64</ymin>
			<ymax>500</ymax>
		</bndbox>
	</object>
</annotation>
