<annotation>
	<folder></folder>
	<filename>038_6eb8718c_jpg.rf.f902b7115d467aa744afedb78b71dd87.jpg</filename>
	<path>038_6eb8718c_jpg.rf.f902b7115d467aa744afedb78b71dd87.jpg</path>
	<source>
		<database>roboflow.ai</database>
	</source>
	<size>
		<width>474</width>
		<height>474</height>
		<depth>3</depth>
	</size>
	<segmented>0</segmented>
	<object>
		<name>leopard</name>
		<pose>Unspecified</pose>
		<truncated>0</truncated>
		<difficult>0</difficult>
		<occluded>0</occluded>
		<bndbox>
			<xmin>136</xmin>
			<xmax>436</xmax>
			<ymin>176</ymin>
			<ymax>368</ymax>
		</bndbox>
	</object>
</annotation>
