<annotation>
	<folder></folder>
	<filename>005_jpg.rf.c122be4c931649446f83970f8b8f2100.jpg</filename>
	<path>005_jpg.rf.c122be4c931649446f83970f8b8f2100.jpg</path>
	<source>
		<database>roboflow.ai</database>
	</source>
	<size>
		<width>500</width>
		<height>343</height>
		<depth>3</depth>
	</size>
	<segmented>0</segmented>
	<object>
		<name>buffalo</name>
		<pose>Unspecified</pose>
		<truncated>0</truncated>
		<difficult>0</difficult>
		<occluded>0</occluded>
		<bndbox>
			<xmin>64</xmin>
			<xmax>176</xmax>
			<ymin>154</ymin>
			<ymax>238</ymax>
		</bndbox>
	</object>
	<object>
		<name>buffalo</name>
		<pose>Unspecified</pose>
		<truncated>0</truncated>
		<difficult>0</difficult>
		<occluded>0</occluded>
		<bndbox>
			<xmin>187</xmin>
			<xmax>345</xmax>
			<ymin>157</ymin>
			<ymax>289</ymax>
		</bndbox>
	</object>
	<object>
		<name>buffalo</name>
		<pose>Unspecified</pose>
		<truncated>0</truncated>
		<difficult>0</difficult>
		<occluded>0</occluded>
		<bndbox>
			<xmin>391</xmin>
			<xmax>500</xmax>
			<ymin>173</ymin>
			<ymax>253</ymax>
		</bndbox>
	</object>
</annotation>
