<annotation>
	<folder></folder>
	<filename>031_jpg.rf.51cec0fbdd1a69da9792e5ac79b6f170.jpg</filename>
	<path>031_jpg.rf.51cec0fbdd1a69da9792e5ac79b6f170.jpg</path>
	<source>
		<database>roboflow.ai</database>
	</source>
	<size>
		<width>795</width>
		<height>797</height>
		<depth>3</depth>
	</size>
	<segmented>0</segmented>
	<object>
		<name>buffalo</name>
		<pose>Unspecified</pose>
		<truncated>0</truncated>
		<difficult>0</difficult>
		<occluded>0</occluded>
		<bndbox>
			<xmin>77</xmin>
			<xmax>611</xmax>
			<ymin>121</ymin>
			<ymax>744</ymax>
		</bndbox>
	</object>
</annotation>
