<annotation>
	<folder></folder>
	<filename>065_jpg.rf.9c49b42fffc6dddfe3292eb2ed4f97a2.jpg</filename>
	<path>065_jpg.rf.9c49b42fffc6dddfe3292eb2ed4f97a2.jpg</path>
	<source>
		<database>roboflow.ai</database>
	</source>
	<size>
		<width>567</width>
		<height>640</height>
		<depth>3</depth>
	</size>
	<segmented>0</segmented>
	<object>
		<name>elephant</name>
		<pose>Unspecified</pose>
		<truncated>0</truncated>
		<difficult>0</difficult>
		<occluded>0</occluded>
		<bndbox>
			<xmin>52</xmin>
			<xmax>501</xmax>
			<ymin>102</ymin>
			<ymax>568</ymax>
		</bndbox>
	</object>
</annotation>
