<annotation>
	<folder></folder>
	<filename>027_jpg.rf.2e2cd4dc6ed68e6bf1e6bbffff670fdd.jpg</filename>
	<path>027_jpg.rf.2e2cd4dc6ed68e6bf1e6bbffff670fdd.jpg</path>
	<source>
		<database>roboflow.ai</database>
	</source>
	<size>
		<width>600</width>
		<height>450</height>
		<depth>3</depth>
	</size>
	<segmented>0</segmented>
	<object>
		<name>buffalo</name>
		<pose>Unspecified</pose>
		<truncated>0</truncated>
		<difficult>0</difficult>
		<occluded>0</occluded>
		<bndbox>
			<xmin>67</xmin>
			<xmax>529</xmax>
			<ymin>11</ymin>
			<ymax>450</ymax>
		</bndbox>
	</object>
</annotation>
