<annotation>
	<folder></folder>
	<filename>091_81f51131_jpg.rf.a9f2d06b0fc9bc50e9ccfb68857f69ed.jpg</filename>
	<path>091_81f51131_jpg.rf.a9f2d06b0fc9bc50e9ccfb68857f69ed.jpg</path>
	<source>
		<database>roboflow.ai</database>
	</source>
	<size>
		<width>474</width>
		<height>474</height>
		<depth>3</depth>
	</size>
	<segmented>0</segmented>
	<object>
		<name>lion</name>
		<pose>Unspecified</pose>
		<truncated>0</truncated>
		<difficult>0</difficult>
		<occluded>0</occluded>
		<bndbox>
			<xmin>148</xmin>
			<xmax>472</xmax>
			<ymin>50</ymin>
			<ymax>352</ymax>
		</bndbox>
	</object>
	<object>
		<name>lion</name>
		<pose>Unspecified</pose>
		<truncated>0</truncated>
		<difficult>0</difficult>
		<occluded>0</occluded>
		<bndbox>
			<xmin>5</xmin>
			<xmax>246</xmax>
			<ymin>90</ymin>
			<ymax>383</ymax>
		</bndbox>
	</object>
	<object>
		<name>lion</name>
		<pose>Unspecified</pose>
		<truncated>0</truncated>
		<difficult>0</difficult>
		<occluded>0</occluded>
		<bndbox>
			<xmin>165</xmin>
			<xmax>472</xmax>
			<ymin>302</ymin>
			<ymax>409</ymax>
		</bndbox>
	</object>
</annotation>
