<annotation>
	<folder></folder>
	<filename>055_jpg.rf.6fdaa40b117edd3fa5a221ce0870b087.jpg</filename>
	<path>055_jpg.rf.6fdaa40b117edd3fa5a221ce0870b087.jpg</path>
	<source>
		<database>roboflow.ai</database>
	</source>
	<size>
		<width>640</width>
		<height>521</height>
		<depth>3</depth>
	</size>
	<segmented>0</segmented>
	<object>
		<name>elephant</name>
		<pose>Unspecified</pose>
		<truncated>0</truncated>
		<difficult>0</difficult>
		<occluded>0</occluded>
		<bndbox>
			<xmin>52</xmin>
			<xmax>450</xmax>
			<ymin>273</ymin>
			<ymax>521</ymax>
		</bndbox>
	</object>
</annotation>
