<annotation>
	<folder></folder>
	<filename>037_14ef4c0d_jpg.rf.0e9cb6e1180da494f49f189bbbf40244.jpg</filename>
	<path>037_14ef4c0d_jpg.rf.0e9cb6e1180da494f49f189bbbf40244.jpg</path>
	<source>
		<database>roboflow.ai</database>
	</source>
	<size>
		<width>474</width>
		<height>501</height>
		<depth>3</depth>
	</size>
	<segmented>0</segmented>
	<object>
		<name>lion</name>
		<pose>Unspecified</pose>
		<truncated>0</truncated>
		<difficult>0</difficult>
		<occluded>0</occluded>
		<bndbox>
			<xmin>14</xmin>
			<xmax>281</xmax>
			<ymin>1</ymin>
			<ymax>312</ymax>
		</bndbox>
	</object>
	<object>
		<name>lion</name>
		<pose>Unspecified</pose>
		<truncated>0</truncated>
		<difficult>0</difficult>
		<occluded>0</occluded>
		<bndbox>
			<xmin>1</xmin>
			<xmax>456</xmax>
			<ymin>263</ymin>
			<ymax>501</ymax>
		</bndbox>
	</object>
</annotation>
