<annotation>
	<folder></folder>
	<filename>087_jpg.rf.53586254fa016dab537ef767ead58d5c.jpg</filename>
	<path>087_jpg.rf.53586254fa016dab537ef767ead58d5c.jpg</path>
	<source>
		<database>roboflow.ai</database>
	</source>
	<size>
		<width>427</width>
		<height>640</height>
		<depth>3</depth>
	</size>
	<segmented>0</segmented>
	<object>
		<name>elephant</name>
		<pose>Unspecified</pose>
		<truncated>0</truncated>
		<difficult>0</difficult>
		<occluded>0</occluded>
		<bndbox>
			<xmin>87</xmin>
			<xmax>382</xmax>
			<ymin>126</ymin>
			<ymax>524</ymax>
		</bndbox>
	</object>
</annotation>
