<annotation>
	<folder></folder>
	<filename>086_d9df96b8_jpg.rf.4622d12f1ae19f08435d551b3a177673.jpg</filename>
	<path>086_d9df96b8_jpg.rf.4622d12f1ae19f08435d551b3a177673.jpg</path>
	<source>
		<database>roboflow.ai</database>
	</source>
	<size>
		<width>474</width>
		<height>405</height>
		<depth>3</depth>
	</size>
	<segmented>0</segmented>
	<object>
		<name>lion</name>
		<pose>Unspecified</pose>
		<truncated>0</truncated>
		<difficult>0</difficult>
		<occluded>0</occluded>
		<bndbox>
			<xmin>61</xmin>
			<xmax>474</xmax>
			<ymin>40</ymin>
			<ymax>380</ymax>
		</bndbox>
	</object>
</annotation>
