<annotation>
	<folder></folder>
	<filename>098_jpg.rf.0398d95e4e3ad89bd09214025084f1fd.jpg</filename>
	<path>098_jpg.rf.0398d95e4e3ad89bd09214025084f1fd.jpg</path>
	<source>
		<database>roboflow.ai</database>
	</source>
	<size>
		<width>3648</width>
		<height>2736</height>
		<depth>3</depth>
	</size>
	<segmented>0</segmented>
	<object>
		<name>buffalo</name>
		<pose>Unspecified</pose>
		<truncated>0</truncated>
		<difficult>0</difficult>
		<occluded>0</occluded>
		<bndbox>
			<xmin>318</xmin>
			<xmax>2651</xmax>
			<ymin>208</ymin>
			<ymax>2736</ymax>
		</bndbox>
	</object>
</annotation>
