<annotation>
	<folder></folder>
	<filename>093_jpg.rf.dc907a4c5c999ff1abcbacc04eef7831.jpg</filename>
	<path>093_jpg.rf.dc907a4c5c999ff1abcbacc04eef7831.jpg</path>
	<source>
		<database>roboflow.ai</database>
	</source>
	<size>
		<width>890</width>
		<height>501</height>
		<depth>3</depth>
	</size>
	<segmented>0</segmented>
	<object>
		<name>rhino</name>
		<pose>Unspecified</pose>
		<truncated>0</truncated>
		<difficult>0</difficult>
		<occluded>0</occluded>
		<bndbox>
			<xmin>137</xmin>
			<xmax>733</xmax>
			<ymin>10</ymin>
			<ymax>501</ymax>
		</bndbox>
	</object>
</annotation>
