<annotation>
	<folder></folder>
	<filename>059_7251edb9_jpg.rf.8b3259932b6a1677a1aaa05676a63dcd.jpg</filename>
	<path>059_7251edb9_jpg.rf.8b3259932b6a1677a1aaa05676a63dcd.jpg</path>
	<source>
		<database>roboflow.ai</database>
	</source>
	<size>
		<width>474</width>
		<height>474</height>
		<depth>3</depth>
	</size>
	<segmented>0</segmented>
	<object>
		<name>lion</name>
		<pose>Unspecified</pose>
		<truncated>0</truncated>
		<difficult>0</difficult>
		<occluded>0</occluded>
		<bndbox>
			<xmin>66</xmin>
			<xmax>474</xmax>
			<ymin>17</ymin>
			<ymax>474</ymax>
		</bndbox>
	</object>
</annotation>
