<annotation>
	<folder></folder>
	<filename>099_jpg.rf.28439e0fdea3809717f75eecbecb85f8.jpg</filename>
	<path>099_jpg.rf.28439e0fdea3809717f75eecbecb85f8.jpg</path>
	<source>
		<database>roboflow.ai</database>
	</source>
	<size>
		<width>2816</width>
		<height>2112</height>
		<depth>3</depth>
	</size>
	<segmented>0</segmented>
	<object>
		<name>buffalo</name>
		<pose>Unspecified</pose>
		<truncated>0</truncated>
		<difficult>0</difficult>
		<occluded>0</occluded>
		<bndbox>
			<xmin>71</xmin>
			<xmax>2735</xmax>
			<ymin>212</ymin>
			<ymax>2112</ymax>
		</bndbox>
	</object>
</annotation>
