<annotation>
	<folder></folder>
	<filename>080_973b5ab0_jpg.rf.f9ecd89f8005b1d16514f9c18055d56a.jpg</filename>
	<path>080_973b5ab0_jpg.rf.f9ecd89f8005b1d16514f9c18055d56a.jpg</path>
	<source>
		<database>roboflow.ai</database>
	</source>
	<size>
		<width>474</width>
		<height>592</height>
		<depth>3</depth>
	</size>
	<segmented>0</segmented>
	<object>
		<name>lion</name>
		<pose>Unspecified</pose>
		<truncated>0</truncated>
		<difficult>0</difficult>
		<occluded>0</occluded>
		<bndbox>
			<xmin>1</xmin>
			<xmax>397</xmax>
			<ymin>4</ymin>
			<ymax>592</ymax>
		</bndbox>
	</object>
</annotation>
