<annotation>
	<folder></folder>
	<filename>041_d43c31e1_jpg.rf.f673b671550f919505f8c825d5d12d23.jpg</filename>
	<path>041_d43c31e1_jpg.rf.f673b671550f919505f8c825d5d12d23.jpg</path>
	<source>
		<database>roboflow.ai</database>
	</source>
	<size>
		<width>474</width>
		<height>474</height>
		<depth>3</depth>
	</size>
	<segmented>0</segmented>
	<object>
		<name>leopard</name>
		<pose>Unspecified</pose>
		<truncated>0</truncated>
		<difficult>0</difficult>
		<occluded>0</occluded>
		<bndbox>
			<xmin>53</xmin>
			<xmax>474</xmax>
			<ymin>27</ymin>
			<ymax>474</ymax>
		</bndbox>
	</object>
</annotation>
