<annotation>
	<folder></folder>
	<filename>095_jpg.rf.cdb8af04bcd1cae13c68e9a086de5f0a.jpg</filename>
	<path>095_jpg.rf.cdb8af04bcd1cae13c68e9a086de5f0a.jpg</path>
	<source>
		<database>roboflow.ai</database>
	</source>
	<size>
		<width>2511</width>
		<height>2424</height>
		<depth>3</depth>
	</size>
	<segmented>0</segmented>
	<object>
		<name>buffalo</name>
		<pose>Unspecified</pose>
		<truncated>0</truncated>
		<difficult>0</difficult>
		<occluded>0</occluded>
		<bndbox>
			<xmin>244</xmin>
			<xmax>1989</xmax>
			<ymin>945</ymin>
			<ymax>1807</ymax>
		</bndbox>
	</object>
	<object>
		<name>buffalo</name>
		<pose>Unspecified</pose>
		<truncated>0</truncated>
		<difficult>0</difficult>
		<occluded>0</occluded>
		<bndbox>
			<xmin>2</xmin>
			<xmax>633</xmax>
			<ymin>945</ymin>
			<ymax>1335</ymax>
		</bndbox>
	</object>
</annotation>
