<annotation>
	<folder></folder>
	<filename>097_5655b682_jpg.rf.ae580347b540b006bfc056e15cbd778a.jpg</filename>
	<path>097_5655b682_jpg.rf.ae580347b540b006bfc056e15cbd778a.jpg</path>
	<source>
		<database>roboflow.ai</database>
	</source>
	<size>
		<width>474</width>
		<height>452</height>
		<depth>3</depth>
	</size>
	<segmented>0</segmented>
	<object>
		<name>leopard</name>
		<pose>Unspecified</pose>
		<truncated>0</truncated>
		<difficult>0</difficult>
		<occluded>0</occluded>
		<bndbox>
			<xmin>26</xmin>
			<xmax>387</xmax>
			<ymin>105</ymin>
			<ymax>452</ymax>
		</bndbox>
	</object>
</annotation>
