<annotation>
	<folder></folder>
	<filename>086_jpg.rf.d16ad3a5e3899cf1cf4c457249503189.jpg</filename>
	<path>086_jpg.rf.d16ad3a5e3899cf1cf4c457249503189.jpg</path>
	<source>
		<database>roboflow.ai</database>
	</source>
	<size>
		<width>1008</width>
		<height>435</height>
		<depth>3</depth>
	</size>
	<segmented>0</segmented>
	<object>
		<name>rhino</name>
		<pose>Unspecified</pose>
		<truncated>0</truncated>
		<difficult>0</difficult>
		<occluded>0</occluded>
		<bndbox>
			<xmin>2</xmin>
			<xmax>835</xmax>
			<ymin>2</ymin>
			<ymax>434</ymax>
		</bndbox>
	</object>
</annotation>
