<annotation>
	<folder></folder>
	<filename>008_jpg.rf.33cd34c84a9750028de8da8d0add622e.jpg</filename>
	<path>008_jpg.rf.33cd34c84a9750028de8da8d0add622e.jpg</path>
	<source>
		<database>roboflow.ai</database>
	</source>
	<size>
		<width>640</width>
		<height>480</height>
		<depth>3</depth>
	</size>
	<segmented>0</segmented>
	<object>
		<name>elephant</name>
		<pose>Unspecified</pose>
		<truncated>0</truncated>
		<difficult>0</difficult>
		<occluded>0</occluded>
		<bndbox>
			<xmin>151</xmin>
			<xmax>574</xmax>
			<ymin>86</ymin>
			<ymax>409</ymax>
		</bndbox>
	</object>
</annotation>
