<annotation>
	<folder></folder>
	<filename>087_56ae1768_jpg.rf.487a1e3cd5bca9915cfd9765018a4c6c.jpg</filename>
	<path>087_56ae1768_jpg.rf.487a1e3cd5bca9915cfd9765018a4c6c.jpg</path>
	<source>
		<database>roboflow.ai</database>
	</source>
	<size>
		<width>474</width>
		<height>498</height>
		<depth>3</depth>
	</size>
	<segmented>0</segmented>
	<object>
		<name>leopard</name>
		<pose>Unspecified</pose>
		<truncated>0</truncated>
		<difficult>0</difficult>
		<occluded>0</occluded>
		<bndbox>
			<xmin>1</xmin>
			<xmax>366</xmax>
			<ymin>1</ymin>
			<ymax>498</ymax>
		</bndbox>
	</object>
</annotation>
