<annotation>
	<folder></folder>
	<filename>041_jpg.rf.1df90da4bcdd891582ffc223b2b79c53.jpg</filename>
	<path>041_jpg.rf.1df90da4bcdd891582ffc223b2b79c53.jpg</path>
	<source>
		<database>roboflow.ai</database>
	</source>
	<size>
		<width>640</width>
		<height>424</height>
		<depth>3</depth>
	</size>
	<segmented>0</segmented>
	<object>
		<name>elephant</name>
		<pose>Unspecified</pose>
		<truncated>0</truncated>
		<difficult>0</difficult>
		<occluded>0</occluded>
		<bndbox>
			<xmin>227</xmin>
			<xmax>606</xmax>
			<ymin>65</ymin>
			<ymax>356</ymax>
		</bndbox>
	</object>
</annotation>
