<annotation>
	<folder></folder>
	<filename>081_7f9db7d0_jpg.rf.47ba47f1eebb8fb4a985fac648142d64.jpg</filename>
	<path>081_7f9db7d0_jpg.rf.47ba47f1eebb8fb4a985fac648142d64.jpg</path>
	<source>
		<database>roboflow.ai</database>
	</source>
	<size>
		<width>474</width>
		<height>519</height>
		<depth>3</depth>
	</size>
	<segmented>0</segmented>
	<object>
		<name>lion</name>
		<pose>Unspecified</pose>
		<truncated>0</truncated>
		<difficult>0</difficult>
		<occluded>0</occluded>
		<bndbox>
			<xmin>1</xmin>
			<xmax>474</xmax>
			<ymin>43</ymin>
			<ymax>519</ymax>
		</bndbox>
	</object>
</annotation>
