<annotation>
	<folder></folder>
	<filename>012_61ba9628_jpg.rf.eb9090a3d6e68afb452c1a9372b58301.jpg</filename>
	<path>012_61ba9628_jpg.rf.eb9090a3d6e68afb452c1a9372b58301.jpg</path>
	<source>
		<database>roboflow.ai</database>
	</source>
	<size>
		<width>474</width>
		<height>409</height>
		<depth>3</depth>
	</size>
	<segmented>0</segmented>
	<object>
		<name>leopard</name>
		<pose>Unspecified</pose>
		<truncated>0</truncated>
		<difficult>0</difficult>
		<occluded>0</occluded>
		<bndbox>
			<xmin>54</xmin>
			<xmax>272</xmax>
			<ymin>54</ymin>
			<ymax>371</ymax>
		</bndbox>
	</object>
	<object>
		<name>leopard</name>
		<pose>Unspecified</pose>
		<truncated>0</truncated>
		<difficult>0</difficult>
		<occluded>0</occluded>
		<bndbox>
			<xmin>122</xmin>
			<xmax>449</xmax>
			<ymin>85</ymin>
			<ymax>372</ymax>
		</bndbox>
	</object>
</annotation>
