<annotation>
	<folder></folder>
	<filename>080_jpg.rf.c2c71a4fdc2c32d4d4f2ff20df90a837.jpg</filename>
	<path>080_jpg.rf.c2c71a4fdc2c32d4d4f2ff20df90a837.jpg</path>
	<source>
		<database>roboflow.ai</database>
	</source>
	<size>
		<width>463</width>
		<height>381</height>
		<depth>3</depth>
	</size>
	<segmented>0</segmented>
	<object>
		<name>buffalo</name>
		<pose>Unspecified</pose>
		<truncated>0</truncated>
		<difficult>0</difficult>
		<occluded>0</occluded>
		<bndbox>
			<xmin>19</xmin>
			<xmax>459</xmax>
			<ymin>6</ymin>
			<ymax>380</ymax>
		</bndbox>
	</object>
</annotation>
