<annotation>
	<folder></folder>
	<filename>035_9096baf4_jpg.rf.957da1ebd7ef6656e4d41d3f8369540a.jpg</filename>
	<path>035_9096baf4_jpg.rf.957da1ebd7ef6656e4d41d3f8369540a.jpg</path>
	<source>
		<database>roboflow.ai</database>
	</source>
	<size>
		<width>474</width>
		<height>476</height>
		<depth>3</depth>
	</size>
	<segmented>0</segmented>
	<object>
		<name>leopard</name>
		<pose>Unspecified</pose>
		<truncated>0</truncated>
		<difficult>0</difficult>
		<occluded>0</occluded>
		<bndbox>
			<xmin>13</xmin>
			<xmax>417</xmax>
			<ymin>119</ymin>
			<ymax>327</ymax>
		</bndbox>
	</object>
</annotation>
