<annotation>
	<folder></folder>
	<filename>009_jpg.rf.53ef386a62171768a70d5a9b55188ede.jpg</filename>
	<path>009_jpg.rf.53ef386a62171768a70d5a9b55188ede.jpg</path>
	<source>
		<database>roboflow.ai</database>
	</source>
	<size>
		<width>590</width>
		<height>396</height>
		<depth>3</depth>
	</size>
	<segmented>0</segmented>
	<object>
		<name>rhino</name>
		<pose>Unspecified</pose>
		<truncated>0</truncated>
		<difficult>0</difficult>
		<occluded>0</occluded>
		<bndbox>
			<xmin>204</xmin>
			<xmax>523</xmax>
			<ymin>170</ymin>
			<ymax>321</ymax>
		</bndbox>
	</object>
</annotation>
