<annotation>
	<folder></folder>
	<filename>014_jpg.rf.e99d86427bfb92b594c23c4dcebdb425.jpg</filename>
	<path>014_jpg.rf.e99d86427bfb92b594c23c4dcebdb425.jpg</path>
	<source>
		<database>roboflow.ai</database>
	</source>
	<size>
		<width>1024</width>
		<height>512</height>
		<depth>3</depth>
	</size>
	<segmented>0</segmented>
	<object>
		<name>rhino</name>
		<pose>Unspecified</pose>
		<truncated>0</truncated>
		<difficult>0</difficult>
		<occluded>0</occluded>
		<bndbox>
			<xmin>236</xmin>
			<xmax>606</xmax>
			<ymin>222</ymin>
			<ymax>456</ymax>
		</bndbox>
	</object>
	<object>
		<name>rhino</name>
		<pose>Unspecified</pose>
		<truncated>0</truncated>
		<difficult>0</difficult>
		<occluded>0</occluded>
		<bndbox>
			<xmin>371</xmin>
			<xmax>734</xmax>
			<ymin>176</ymin>
			<ymax>409</ymax>
		</bndbox>
	</object>
</annotation>
