<annotation>
	<folder></folder>
	<filename>045_jpg.rf.5bce6e74911234eb28d88e3a0b187130.jpg</filename>
	<path>045_jpg.rf.5bce6e74911234eb28d88e3a0b187130.jpg</path>
	<source>
		<database>roboflow.ai</database>
	</source>
	<size>
		<width>729</width>
		<height>425</height>
		<depth>3</depth>
	</size>
	<segmented>0</segmented>
	<object>
		<name>rhino</name>
		<pose>Unspecified</pose>
		<truncated>0</truncated>
		<difficult>0</difficult>
		<occluded>0</occluded>
		<bndbox>
			<xmin>110</xmin>
			<xmax>409</xmax>
			<ymin>50</ymin>
			<ymax>420</ymax>
		</bndbox>
	</object>
	<object>
		<name>rhino</name>
		<pose>Unspecified</pose>
		<truncated>0</truncated>
		<difficult>0</difficult>
		<occluded>0</occluded>
		<bndbox>
			<xmin>363</xmin>
			<xmax>589</xmax>
			<ymin>179</ymin>
			<ymax>408</ymax>
		</bndbox>
	</object>
</annotation>
