<annotation>
	<folder></folder>
	<filename>100_jpg.rf.28f640537ea2a6ff56775ccd9131a6e7.jpg</filename>
	<path>100_jpg.rf.28f640537ea2a6ff56775ccd9131a6e7.jpg</path>
	<source>
		<database>roboflow.ai</database>
	</source>
	<size>
		<width>1498</width>
		<height>651</height>
		<depth>3</depth>
	</size>
	<segmented>0</segmented>
	<object>
		<name>buffalo</name>
		<pose>Unspecified</pose>
		<truncated>0</truncated>
		<difficult>0</difficult>
		<occluded>0</occluded>
		<bndbox>
			<xmin>1034</xmin>
			<xmax>1394</xmax>
			<ymin>103</ymin>
			<ymax>647</ymax>
		</bndbox>
	</object>
	<object>
		<name>buffalo</name>
		<pose>Unspecified</pose>
		<truncated>0</truncated>
		<difficult>0</difficult>
		<occluded>0</occluded>
		<bndbox>
			<xmin>56</xmin>
			<xmax>406</xmax>
			<ymin>87</ymin>
			<ymax>651</ymax>
		</bndbox>
	</object>
	<object>
		<name>buffalo</name>
		<pose>Unspecified</pose>
		<truncated>0</truncated>
		<difficult>0</difficult>
		<occluded>0</occluded>
		<bndbox>
			<xmin>392</xmin>
			<xmax>973</xmax>
			<ymin>145</ymin>
			<ymax>611</ymax>
		</bndbox>
	</object>
</annotation>
