<annotation>
	<folder></folder>
	<filename>056_fe586c3f_jpg.rf.6bc4707963062bcb25c138826fd9b6ad.jpg</filename>
	<path>056_fe586c3f_jpg.rf.6bc4707963062bcb25c138826fd9b6ad.jpg</path>
	<source>
		<database>roboflow.ai</database>
	</source>
	<size>
		<width>474</width>
		<height>481</height>
		<depth>3</depth>
	</size>
	<segmented>0</segmented>
	<object>
		<name>leopard</name>
		<pose>Unspecified</pose>
		<truncated>0</truncated>
		<difficult>0</difficult>
		<occluded>0</occluded>
		<bndbox>
			<xmin>6</xmin>
			<xmax>473</xmax>
			<ymin>53</ymin>
			<ymax>415</ymax>
		</bndbox>
	</object>
</annotation>
