<annotation>
	<folder></folder>
	<filename>073_jpg.rf.0d633ab384940a9c3b636ff4f9f22e2a.jpg</filename>
	<path>073_jpg.rf.0d633ab384940a9c3b636ff4f9f22e2a.jpg</path>
	<source>
		<database>roboflow.ai</database>
	</source>
	<size>
		<width>640</width>
		<height>425</height>
		<depth>3</depth>
	</size>
	<segmented>0</segmented>
	<object>
		<name>elephant</name>
		<pose>Unspecified</pose>
		<truncated>0</truncated>
		<difficult>0</difficult>
		<occluded>0</occluded>
		<bndbox>
			<xmin>2</xmin>
			<xmax>385</xmax>
			<ymin>50</ymin>
			<ymax>423</ymax>
		</bndbox>
	</object>
	<object>
		<name>elephant</name>
		<pose>Unspecified</pose>
		<truncated>0</truncated>
		<difficult>0</difficult>
		<occluded>0</occluded>
		<bndbox>
			<xmin>324</xmin>
			<xmax>640</xmax>
			<ymin>88</ymin>
			<ymax>425</ymax>
		</bndbox>
	</object>
</annotation>
