<annotation>
	<folder></folder>
	<filename>063_jpg.rf.f140a2d603d837f4da0cad2ac142d677.jpg</filename>
	<path>063_jpg.rf.f140a2d603d837f4da0cad2ac142d677.jpg</path>
	<source>
		<database>roboflow.ai</database>
	</source>
	<size>
		<width>640</width>
		<height>426</height>
		<depth>3</depth>
	</size>
	<segmented>0</segmented>
	<object>
		<name>elephant</name>
		<pose>Unspecified</pose>
		<truncated>0</truncated>
		<difficult>0</difficult>
		<occluded>0</occluded>
		<bndbox>
			<xmin>26</xmin>
			<xmax>529</xmax>
			<ymin>40</ymin>
			<ymax>376</ymax>
		</bndbox>
	</object>
	<object>
		<name>elephant</name>
		<pose>Unspecified</pose>
		<truncated>0</truncated>
		<difficult>0</difficult>
		<occluded>0</occluded>
		<bndbox>
			<xmin>396</xmin>
			<xmax>640</xmax>
			<ymin>111</ymin>
			<ymax>361</ymax>
		</bndbox>
	</object>
</annotation>
