<annotation>
	<folder></folder>
	<filename>045_jpg.rf.6dbdfb7576f3d08342771c086b4d9408.jpg</filename>
	<path>045_jpg.rf.6dbdfb7576f3d08342771c086b4d9408.jpg</path>
	<source>
		<database>roboflow.ai</database>
	</source>
	<size>
		<width>658</width>
		<height>440</height>
		<depth>3</depth>
	</size>
	<segmented>0</segmented>
	<object>
		<name>buffalo</name>
		<pose>Unspecified</pose>
		<truncated>0</truncated>
		<difficult>0</difficult>
		<occluded>0</occluded>
		<bndbox>
			<xmin>259</xmin>
			<xmax>559</xmax>
			<ymin>162</ymin>
			<ymax>365</ymax>
		</bndbox>
	</object>
</annotation>
