<annotation>
	<folder></folder>
	<filename>072_jpg.rf.7093d11f74d62a072c773beac20e4ca2.jpg</filename>
	<path>072_jpg.rf.7093d11f74d62a072c773beac20e4ca2.jpg</path>
	<source>
		<database>roboflow.ai</database>
	</source>
	<size>
		<width>926</width>
		<height>618</height>
		<depth>3</depth>
	</size>
	<segmented>0</segmented>
	<object>
		<name>rhino</name>
		<pose>Unspecified</pose>
		<truncated>0</truncated>
		<difficult>0</difficult>
		<occluded>0</occluded>
		<bndbox>
			<xmin>436</xmin>
			<xmax>843</xmax>
			<ymin>293</ymin>
			<ymax>461</ymax>
		</bndbox>
	</object>
	<object>
		<name>rhino</name>
		<pose>Unspecified</pose>
		<truncated>0</truncated>
		<difficult>0</difficult>
		<occluded>0</occluded>
		<bndbox>
			<xmin>96</xmin>
			<xmax>349</xmax>
			<ymin>344</ymin>
			<ymax>453</ymax>
		</bndbox>
	</object>
</annotation>
