<annotation>
	<folder></folder>
	<filename>040_jpg.rf.4229b244bc2fe1b7e5600d50679337d1.jpg</filename>
	<path>040_jpg.rf.4229b244bc2fe1b7e5600d50679337d1.jpg</path>
	<source>
		<database>roboflow.ai</database>
	</source>
	<size>
		<width>406</width>
		<height>351</height>
		<depth>3</depth>
	</size>
	<segmented>0</segmented>
	<object>
		<name>buffalo</name>
		<pose>Unspecified</pose>
		<truncated>0</truncated>
		<difficult>0</difficult>
		<occluded>0</occluded>
		<bndbox>
			<xmin>294</xmin>
			<xmax>399</xmax>
			<ymin>45</ymin>
			<ymax>213</ymax>
		</bndbox>
	</object>
	<object>
		<name>buffalo</name>
		<pose>Unspecified</pose>
		<truncated>0</truncated>
		<difficult>0</difficult>
		<occluded>0</occluded>
		<bndbox>
			<xmin>147</xmin>
			<xmax>283</xmax>
			<ymin>67</ymin>
			<ymax>305</ymax>
		</bndbox>
	</object>
	<object>
		<name>buffalo</name>
		<pose>Unspecified</pose>
		<truncated>0</truncated>
		<difficult>0</difficult>
		<occluded>0</occluded>
		<bndbox>
			<xmin>38</xmin>
			<xmax>171</xmax>
			<ymin>78</ymin>
			<ymax>342</ymax>
		</bndbox>
	</object>
</annotation>
