<annotation>
	<folder></folder>
	<filename>007_jpg.rf.d6b756d811b7f6fc99a9cff6f01128d3.jpg</filename>
	<path>007_jpg.rf.d6b756d811b7f6fc99a9cff6f01128d3.jpg</path>
	<source>
		<database>roboflow.ai</database>
	</source>
	<size>
		<width>640</width>
		<height>427</height>
		<depth>3</depth>
	</size>
	<segmented>0</segmented>
	<object>
		<name>elephant</name>
		<pose>Unspecified</pose>
		<truncated>0</truncated>
		<difficult>0</difficult>
		<occluded>0</occluded>
		<bndbox>
			<xmin>2</xmin>
			<xmax>520</xmax>
			<ymin>7</ymin>
			<ymax>427</ymax>
		</bndbox>
	</object>
</annotation>
