<annotation>
	<folder></folder>
	<filename>006_jpg.rf.b02c3ecf18b99b5c85c5d55272cc8471.jpg</filename>
	<path>006_jpg.rf.b02c3ecf18b99b5c85c5d55272cc8471.jpg</path>
	<source>
		<database>roboflow.ai</database>
	</source>
	<size>
		<width>500</width>
		<height>380</height>
		<depth>3</depth>
	</size>
	<segmented>0</segmented>
	<object>
		<name>buffalo</name>
		<pose>Unspecified</pose>
		<truncated>0</truncated>
		<difficult>0</difficult>
		<occluded>0</occluded>
		<bndbox>
			<xmin>110</xmin>
			<xmax>348</xmax>
			<ymin>112</ymin>
			<ymax>260</ymax>
		</bndbox>
	</object>
</annotation>
