<annotation>
	<folder></folder>
	<filename>024_jpg.rf.b6c2593f173479e1408b8453a3b19387.jpg</filename>
	<path>024_jpg.rf.b6c2593f173479e1408b8453a3b19387.jpg</path>
	<source>
		<database>roboflow.ai</database>
	</source>
	<size>
		<width>640</width>
		<height>427</height>
		<depth>3</depth>
	</size>
	<segmented>0</segmented>
	<object>
		<name>elephant</name>
		<pose>Unspecified</pose>
		<truncated>0</truncated>
		<difficult>0</difficult>
		<occluded>0</occluded>
		<bndbox>
			<xmin>342</xmin>
			<xmax>594</xmax>
			<ymin>125</ymin>
			<ymax>343</ymax>
		</bndbox>
	</object>
	<object>
		<name>elephant</name>
		<pose>Unspecified</pose>
		<truncated>0</truncated>
		<difficult>0</difficult>
		<occluded>0</occluded>
		<bndbox>
			<xmin>66</xmin>
			<xmax>369</xmax>
			<ymin>89</ymin>
			<ymax>332</ymax>
		</bndbox>
	</object>
	<object>
		<name>elephant</name>
		<pose>Unspecified</pose>
		<truncated>0</truncated>
		<difficult>0</difficult>
		<occluded>0</occluded>
		<bndbox>
			<xmin>18</xmin>
			<xmax>130</xmax>
			<ymin>92</ymin>
			<ymax>331</ymax>
		</bndbox>
	</object>
</annotation>
