<annotation>
	<folder></folder>
	<filename>075_jpg.rf.ae984d34d879312b9a630a3376fe4862.jpg</filename>
	<path>075_jpg.rf.ae984d34d879312b9a630a3376fe4862.jpg</path>
	<source>
		<database>roboflow.ai</database>
	</source>
	<size>
		<width>900</width>
		<height>600</height>
		<depth>3</depth>
	</size>
	<segmented>0</segmented>
	<object>
		<name>buffalo</name>
		<pose>Unspecified</pose>
		<truncated>0</truncated>
		<difficult>0</difficult>
		<occluded>0</occluded>
		<bndbox>
			<xmin>243</xmin>
			<xmax>900</xmax>
			<ymin>57</ymin>
			<ymax>600</ymax>
		</bndbox>
	</object>
</annotation>
