<annotation>
	<folder></folder>
	<filename>047_jpg.rf.bd87429d76de8dc9ef3103b0a8dd7bd9.jpg</filename>
	<path>047_jpg.rf.bd87429d76de8dc9ef3103b0a8dd7bd9.jpg</path>
	<source>
		<database>roboflow.ai</database>
	</source>
	<size>
		<width>1000</width>
		<height>665</height>
		<depth>3</depth>
	</size>
	<segmented>0</segmented>
	<object>
		<name>rhino</name>
		<pose>Unspecified</pose>
		<truncated>0</truncated>
		<difficult>0</difficult>
		<occluded>0</occluded>
		<bndbox>
			<xmin>51</xmin>
			<xmax>859</xmax>
			<ymin>211</ymin>
			<ymax>588</ymax>
		</bndbox>
	</object>
</annotation>
