<annotation>
	<folder></folder>
	<filename>076_jpg.rf.89cba5f2c167776fc589822c19cf5f68.jpg</filename>
	<path>076_jpg.rf.89cba5f2c167776fc589822c19cf5f68.jpg</path>
	<source>
		<database>roboflow.ai</database>
	</source>
	<size>
		<width>640</width>
		<height>480</height>
		<depth>3</depth>
	</size>
	<segmented>0</segmented>
	<object>
		<name>elephant</name>
		<pose>Unspecified</pose>
		<truncated>0</truncated>
		<difficult>0</difficult>
		<occluded>0</occluded>
		<bndbox>
			<xmin>107</xmin>
			<xmax>549</xmax>
			<ymin>142</ymin>
			<ymax>428</ymax>
		</bndbox>
	</object>
</annotation>
