<annotation>
	<folder></folder>
	<filename>034_00de89d2_jpg.rf.7f87b777b3baa1f501e98f3079723283.jpg</filename>
	<path>034_00de89d2_jpg.rf.7f87b777b3baa1f501e98f3079723283.jpg</path>
	<source>
		<database>roboflow.ai</database>
	</source>
	<size>
		<width>474</width>
		<height>474</height>
		<depth>3</depth>
	</size>
	<segmented>0</segmented>
	<object>
		<name>leopard</name>
		<pose>Unspecified</pose>
		<truncated>0</truncated>
		<difficult>0</difficult>
		<occluded>0</occluded>
		<bndbox>
			<xmin>74</xmin>
			<xmax>474</xmax>
			<ymin>57</ymin>
			<ymax>221</ymax>
		</bndbox>
	</object>
</annotation>
