<annotation>
	<folder></folder>
	<filename>070_e62a845a_jpg.rf.dceb2bacffc2d20ad6c5efdbe3af0385.jpg</filename>
	<path>070_e62a845a_jpg.rf.dceb2bacffc2d20ad6c5efdbe3af0385.jpg</path>
	<source>
		<database>roboflow.ai</database>
	</source>
	<size>
		<width>474</width>
		<height>474</height>
		<depth>3</depth>
	</size>
	<segmented>0</segmented>
	<object>
		<name>leopard</name>
		<pose>Unspecified</pose>
		<truncated>0</truncated>
		<difficult>0</difficult>
		<occluded>0</occluded>
		<bndbox>
			<xmin>105</xmin>
			<xmax>399</xmax>
			<ymin>51</ymin>
			<ymax>474</ymax>
		</bndbox>
	</object>
</annotation>
