<annotation>
	<folder></folder>
	<filename>028_jpg.rf.3df904a8fc148cc799fb924dececd4f9.jpg</filename>
	<path>028_jpg.rf.3df904a8fc148cc799fb924dececd4f9.jpg</path>
	<source>
		<database>roboflow.ai</database>
	</source>
	<size>
		<width>242</width>
		<height>150</height>
		<depth>3</depth>
	</size>
	<segmented>0</segmented>
	<object>
		<name>buffalo</name>
		<pose>Unspecified</pose>
		<truncated>0</truncated>
		<difficult>0</difficult>
		<occluded>0</occluded>
		<bndbox>
			<xmin>16</xmin>
			<xmax>217</xmax>
			<ymin>22</ymin>
			<ymax>150</ymax>
		</bndbox>
	</object>
</annotation>
