<annotation>
	<folder></folder>
	<filename>066_77624068_jpg.rf.c9aff703f99ecb4f92dfda33cdb47438.jpg</filename>
	<path>066_77624068_jpg.rf.c9aff703f99ecb4f92dfda33cdb47438.jpg</path>
	<source>
		<database>roboflow.ai</database>
	</source>
	<size>
		<width>474</width>
		<height>474</height>
		<depth>3</depth>
	</size>
	<segmented>0</segmented>
	<object>
		<name>lion</name>
		<pose>Unspecified</pose>
		<truncated>0</truncated>
		<difficult>0</difficult>
		<occluded>0</occluded>
		<bndbox>
			<xmin>73</xmin>
			<xmax>474</xmax>
			<ymin>107</ymin>
			<ymax>474</ymax>
		</bndbox>
	</object>
</annotation>
