<annotation>
	<folder></folder>
	<filename>059_d12cf813_jpg.rf.e91df74c5a448710f2418f0ea0ba43dd.jpg</filename>
	<path>059_d12cf813_jpg.rf.e91df74c5a448710f2418f0ea0ba43dd.jpg</path>
	<source>
		<database>roboflow.ai</database>
	</source>
	<size>
		<width>474</width>
		<height>477</height>
		<depth>3</depth>
	</size>
	<segmented>0</segmented>
	<object>
		<name>leopard</name>
		<pose>Unspecified</pose>
		<truncated>0</truncated>
		<difficult>0</difficult>
		<occluded>0</occluded>
		<bndbox>
			<xmin>219</xmin>
			<xmax>474</xmax>
			<ymin>27</ymin>
			<ymax>460</ymax>
		</bndbox>
	</object>
	<object>
		<name>leopard</name>
		<pose>Unspecified</pose>
		<truncated>0</truncated>
		<difficult>0</difficult>
		<occluded>0</occluded>
		<bndbox>
			<xmin>21</xmin>
			<xmax>351</xmax>
			<ymin>149</ymin>
			<ymax>447</ymax>
		</bndbox>
	</object>
</annotation>
