<annotation>
	<folder></folder>
	<filename>092_0074888f_jpg.rf.c179750f76f78a9e6ec44a2c1fb8662e.jpg</filename>
	<path>092_0074888f_jpg.rf.c179750f76f78a9e6ec44a2c1fb8662e.jpg</path>
	<source>
		<database>roboflow.ai</database>
	</source>
	<size>
		<width>474</width>
		<height>474</height>
		<depth>3</depth>
	</size>
	<segmented>0</segmented>
	<object>
		<name>leopard</name>
		<pose>Unspecified</pose>
		<truncated>0</truncated>
		<difficult>0</difficult>
		<occluded>0</occluded>
		<bndbox>
			<xmin>1</xmin>
			<xmax>468</xmax>
			<ymin>6</ymin>
			<ymax>473</ymax>
		</bndbox>
	</object>
</annotation>
