<annotation>
	<folder></folder>
	<filename>012_jpg.rf.6c7f7229ed18c7557b4af019cd2d268f.jpg</filename>
	<path>012_jpg.rf.6c7f7229ed18c7557b4af019cd2d268f.jpg</path>
	<source>
		<database>roboflow.ai</database>
	</source>
	<size>
		<width>992</width>
		<height>558</height>
		<depth>3</depth>
	</size>
	<segmented>0</segmented>
	<object>
		<name>rhino</name>
		<pose>Unspecified</pose>
		<truncated>0</truncated>
		<difficult>0</difficult>
		<occluded>0</occluded>
		<bndbox>
			<xmin>80</xmin>
			<xmax>832</xmax>
			<ymin>4</ymin>
			<ymax>461</ymax>
		</bndbox>
	</object>
</annotation>
