<annotation>
	<folder></folder>
	<filename>076_jpg.rf.f624cb84338a09ae8b000bc443a6d16f.jpg</filename>
	<path>076_jpg.rf.f624cb84338a09ae8b000bc443a6d16f.jpg</path>
	<source>
		<database>roboflow.ai</database>
	</source>
	<size>
		<width>926</width>
		<height>619</height>
		<depth>3</depth>
	</size>
	<segmented>0</segmented>
	<object>
		<name>rhino</name>
		<pose>Unspecified</pose>
		<truncated>0</truncated>
		<difficult>0</difficult>
		<occluded>0</occluded>
		<bndbox>
			<xmin>217</xmin>
			<xmax>477</xmax>
			<ymin>373</ymin>
			<ymax>573</ymax>
		</bndbox>
	</object>
	<object>
		<name>rhino</name>
		<pose>Unspecified</pose>
		<truncated>0</truncated>
		<difficult>0</difficult>
		<occluded>0</occluded>
		<bndbox>
			<xmin>552</xmin>
			<xmax>893</xmax>
			<ymin>300</ymin>
			<ymax>554</ymax>
		</bndbox>
	</object>
</annotation>
