<annotation>
	<folder></folder>
	<filename>002_3a9ea96b_jpg.rf.de0716f0aa418337812948718cc5a9ae.jpg</filename>
	<path>002_3a9ea96b_jpg.rf.de0716f0aa418337812948718cc5a9ae.jpg</path>
	<source>
		<database>roboflow.ai</database>
	</source>
	<size>
		<width>474</width>
		<height>592</height>
		<depth>3</depth>
	</size>
	<segmented>0</segmented>
	<object>
		<name>leopard</name>
		<pose>Unspecified</pose>
		<truncated>0</truncated>
		<difficult>0</difficult>
		<occluded>0</occluded>
		<bndbox>
			<xmin>15</xmin>
			<xmax>474</xmax>
			<ymin>20</ymin>
			<ymax>592</ymax>
		</bndbox>
	</object>
</annotation>
