<annotation>
	<folder></folder>
	<filename>084_jpg.rf.aa75e1c60dae2d73fc9317c1fc86da5d.jpg</filename>
	<path>084_jpg.rf.aa75e1c60dae2d73fc9317c1fc86da5d.jpg</path>
	<source>
		<database>roboflow.ai</database>
	</source>
	<size>
		<width>1600</width>
		<height>1065</height>
		<depth>3</depth>
	</size>
	<segmented>0</segmented>
	<object>
		<name>rhino</name>
		<pose>Unspecified</pose>
		<truncated>0</truncated>
		<difficult>0</difficult>
		<occluded>0</occluded>
		<bndbox>
			<xmin>392</xmin>
			<xmax>1485</xmax>
			<ymin>149</ymin>
			<ymax>986</ymax>
		</bndbox>
	</object>
</annotation>
