<annotation>
	<folder></folder>
	<filename>065_jpg.rf.8780e3d6d6c0b6b52f7189f6fa4e253d.jpg</filename>
	<path>065_jpg.rf.8780e3d6d6c0b6b52f7189f6fa4e253d.jpg</path>
	<source>
		<database>roboflow.ai</database>
	</source>
	<size>
		<width>1500</width>
		<height>997</height>
		<depth>3</depth>
	</size>
	<segmented>0</segmented>
	<object>
		<name>rhino</name>
		<pose>Unspecified</pose>
		<truncated>0</truncated>
		<difficult>0</difficult>
		<occluded>0</occluded>
		<bndbox>
			<xmin>26</xmin>
			<xmax>587</xmax>
			<ymin>301</ymin>
			<ymax>950</ymax>
		</bndbox>
	</object>
	<object>
		<name>rhino</name>
		<pose>Unspecified</pose>
		<truncated>0</truncated>
		<difficult>0</difficult>
		<occluded>0</occluded>
		<bndbox>
			<xmin>415</xmin>
			<xmax>931</xmax>
			<ymin>120</ymin>
			<ymax>889</ymax>
		</bndbox>
	</object>
</annotation>
