<annotation>
	<folder></folder>
	<filename>074_46f82e32_jpg.rf.b57eac27e4eebee687f3fc65788dc4ca.jpg</filename>
	<path>074_46f82e32_jpg.rf.b57eac27e4eebee687f3fc65788dc4ca.jpg</path>
	<source>
		<database>roboflow.ai</database>
	</source>
	<size>
		<width>474</width>
		<height>474</height>
		<depth>3</depth>
	</size>
	<segmented>0</segmented>
	<object>
		<name>leopard</name>
		<pose>Unspecified</pose>
		<truncated>0</truncated>
		<difficult>0</difficult>
		<occluded>0</occluded>
		<bndbox>
			<xmin>52</xmin>
			<xmax>436</xmax>
			<ymin>26</ymin>
			<ymax>449</ymax>
		</bndbox>
	</object>
</annotation>
