<annotation>
	<folder></folder>
	<filename>077_jpg.rf.cc2777255224eb58a61b594ed673309f.jpg</filename>
	<path>077_jpg.rf.cc2777255224eb58a61b594ed673309f.jpg</path>
	<source>
		<database>roboflow.ai</database>
	</source>
	<size>
		<width>1024</width>
		<height>768</height>
		<depth>3</depth>
	</size>
	<segmented>0</segmented>
	<object>
		<name>rhino</name>
		<pose>Unspecified</pose>
		<truncated>0</truncated>
		<difficult>0</difficult>
		<occluded>0</occluded>
		<bndbox>
			<xmin>2</xmin>
			<xmax>322</xmax>
			<ymin>182</ymin>
			<ymax>715</ymax>
		</bndbox>
	</object>
	<object>
		<name>rhino</name>
		<pose>Unspecified</pose>
		<truncated>0</truncated>
		<difficult>0</difficult>
		<occluded>0</occluded>
		<bndbox>
			<xmin>737</xmin>
			<xmax>1010</xmax>
			<ymin>45</ymin>
			<ymax>618</ymax>
		</bndbox>
	</object>
	<object>
		<name>rhino</name>
		<pose>Unspecified</pose>
		<truncated>0</truncated>
		<difficult>0</difficult>
		<occluded>0</occluded>
		<bndbox>
			<xmin>410</xmin>
			<xmax>612</xmax>
			<ymin>8</ymin>
			<ymax>307</ymax>
		</bndbox>
	</object>
	<object>
		<name>rhino</name>
		<pose>Unspecified</pose>
		<truncated>0</truncated>
		<difficult>0</difficult>
		<occluded>0</occluded>
		<bndbox>
			<xmin>239</xmin>
			<xmax>647</xmax>
			<ymin>100</ymin>
			<ymax>596</ymax>
		</bndbox>
	</object>
</annotation>
