<annotation>
	<folder></folder>
	<filename>033_jpg.rf.415b4fcb46f7d29614e905af832d68dc.jpg</filename>
	<path>033_jpg.rf.415b4fcb46f7d29614e905af832d68dc.jpg</path>
	<source>
		<database>roboflow.ai</database>
	</source>
	<size>
		<width>640</width>
		<height>480</height>
		<depth>3</depth>
	</size>
	<segmented>0</segmented>
	<object>
		<name>elephant</name>
		<pose>Unspecified</pose>
		<truncated>0</truncated>
		<difficult>0</difficult>
		<occluded>0</occluded>
		<bndbox>
			<xmin>345</xmin>
			<xmax>451</xmax>
			<ymin>182</ymin>
			<ymax>381</ymax>
		</bndbox>
	</object>
	<object>
		<name>elephant</name>
		<pose>Unspecified</pose>
		<truncated>0</truncated>
		<difficult>0</difficult>
		<occluded>0</occluded>
		<bndbox>
			<xmin>73</xmin>
			<xmax>418</xmax>
			<ymin>79</ymin>
			<ymax>330</ymax>
		</bndbox>
	</object>
</annotation>
