<annotation>
	<folder></folder>
	<filename>062_45caaeb0_jpg.rf.56a3986144c252865198ea62cb7c1368.jpg</filename>
	<path>062_45caaeb0_jpg.rf.56a3986144c252865198ea62cb7c1368.jpg</path>
	<source>
		<database>roboflow.ai</database>
	</source>
	<size>
		<width>474</width>
		<height>463</height>
		<depth>3</depth>
	</size>
	<segmented>0</segmented>
	<object>
		<name>lion</name>
		<pose>Unspecified</pose>
		<truncated>0</truncated>
		<difficult>0</difficult>
		<occluded>0</occluded>
		<bndbox>
			<xmin>1</xmin>
			<xmax>474</xmax>
			<ymin>20</ymin>
			<ymax>463</ymax>
		</bndbox>
	</object>
</annotation>
