<annotation>
	<folder></folder>
	<filename>046_jpg.rf.9ffb3944a6a53163eb90d1183304a2b4.jpg</filename>
	<path>046_jpg.rf.9ffb3944a6a53163eb90d1183304a2b4.jpg</path>
	<source>
		<database>roboflow.ai</database>
	</source>
	<size>
		<width>1024</width>
		<height>683</height>
		<depth>3</depth>
	</size>
	<segmented>0</segmented>
	<object>
		<name>buffalo</name>
		<pose>Unspecified</pose>
		<truncated>0</truncated>
		<difficult>0</difficult>
		<occluded>0</occluded>
		<bndbox>
			<xmin>201</xmin>
			<xmax>953</xmax>
			<ymin>51</ymin>
			<ymax>664</ymax>
		</bndbox>
	</object>
</annotation>
