<annotation>
	<folder></folder>
	<filename>058_jpg.rf.1a73f694bc0ec24761d3a7b3d3ae35f2.jpg</filename>
	<path>058_jpg.rf.1a73f694bc0ec24761d3a7b3d3ae35f2.jpg</path>
	<source>
		<database>roboflow.ai</database>
	</source>
	<size>
		<width>200</width>
		<height>150</height>
		<depth>3</depth>
	</size>
	<segmented>0</segmented>
	<object>
		<name>buffalo</name>
		<pose>Unspecified</pose>
		<truncated>0</truncated>
		<difficult>0</difficult>
		<occluded>0</occluded>
		<bndbox>
			<xmin>2</xmin>
			<xmax>191</xmax>
			<ymin>32</ymin>
			<ymax>150</ymax>
		</bndbox>
	</object>
</annotation>
