<annotation>
	<folder></folder>
	<filename>080_jpg.rf.0c2d6446d35aca32c0b418ef7870a1c5.jpg</filename>
	<path>080_jpg.rf.0c2d6446d35aca32c0b418ef7870a1c5.jpg</path>
	<source>
		<database>roboflow.ai</database>
	</source>
	<size>
		<width>640</width>
		<height>480</height>
		<depth>3</depth>
	</size>
	<segmented>0</segmented>
	<object>
		<name>elephant</name>
		<pose>Unspecified</pose>
		<truncated>0</truncated>
		<difficult>0</difficult>
		<occluded>0</occluded>
		<bndbox>
			<xmin>69</xmin>
			<xmax>464</xmax>
			<ymin>2</ymin>
			<ymax>399</ymax>
		</bndbox>
	</object>
</annotation>
