<annotation>
	<folder></folder>
	<filename>067_jpg.rf.480bd7dcb2ca6bb2f9f0a6b19faac72a.jpg</filename>
	<path>067_jpg.rf.480bd7dcb2ca6bb2f9f0a6b19faac72a.jpg</path>
	<source>
		<database>roboflow.ai</database>
	</source>
	<size>
		<width>426</width>
		<height>640</height>
		<depth>3</depth>
	</size>
	<segmented>0</segmented>
	<object>
		<name>elephant</name>
		<pose>Unspecified</pose>
		<truncated>0</truncated>
		<difficult>0</difficult>
		<occluded>0</occluded>
		<bndbox>
			<xmin>81</xmin>
			<xmax>426</xmax>
			<ymin>217</ymin>
			<ymax>641</ymax>
		</bndbox>
	</object>
</annotation>
