<annotation>
	<folder></folder>
	<filename>019_jpg.rf.d5b74d06b913d0256b9a64ce391e7d59.jpg</filename>
	<path>019_jpg.rf.d5b74d06b913d0256b9a64ce391e7d59.jpg</path>
	<source>
		<database>roboflow.ai</database>
	</source>
	<size>
		<width>640</width>
		<height>480</height>
		<depth>3</depth>
	</size>
	<segmented>0</segmented>
	<object>
		<name>elephant</name>
		<pose>Unspecified</pose>
		<truncated>0</truncated>
		<difficult>0</difficult>
		<occluded>0</occluded>
		<bndbox>
			<xmin>160</xmin>
			<xmax>488</xmax>
			<ymin>110</ymin>
			<ymax>458</ymax>
		</bndbox>
	</object>
</annotation>
