<annotation>
	<folder></folder>
	<filename>084_jpg.rf.4aa574ebd0c1b51bd09e2c8963daf50a.jpg</filename>
	<path>084_jpg.rf.4aa574ebd0c1b51bd09e2c8963daf50a.jpg</path>
	<source>
		<database>roboflow.ai</database>
	</source>
	<size>
		<width>1280</width>
		<height>720</height>
		<depth>3</depth>
	</size>
	<segmented>0</segmented>
	<object>
		<name>buffalo</name>
		<pose>Unspecified</pose>
		<truncated>0</truncated>
		<difficult>0</difficult>
		<occluded>0</occluded>
		<bndbox>
			<xmin>1045</xmin>
			<xmax>1234</xmax>
			<ymin>245</ymin>
			<ymax>518</ymax>
		</bndbox>
	</object>
	<object>
		<name>buffalo</name>
		<pose>Unspecified</pose>
		<truncated>0</truncated>
		<difficult>0</difficult>
		<occluded>0</occluded>
		<bndbox>
			<xmin>602</xmin>
			<xmax>1051</xmax>
			<ymin>256</ymin>
			<ymax>538</ymax>
		</bndbox>
	</object>
	<object>
		<name>buffalo</name>
		<pose>Unspecified</pose>
		<truncated>0</truncated>
		<difficult>0</difficult>
		<occluded>0</occluded>
		<bndbox>
			<xmin>100</xmin>
			<xmax>322</xmax>
			<ymin>300</ymin>
			<ymax>545</ymax>
		</bndbox>
	</object>
	<object>
		<name>buffalo</name>
		<pose>Unspecified</pose>
		<truncated>0</truncated>
		<difficult>0</difficult>
		<occluded>0</occluded>
		<bndbox>
			<xmin>247</xmin>
			<xmax>580</xmax>
			<ymin>309</ymin>
			<ymax>534</ymax>
		</bndbox>
	</object>
</annotation>
