<annotation>
	<folder></folder>
	<filename>058_804ed2fb_jpg.rf.3f469e4bd26013d0e568456e37eb62fe.jpg</filename>
	<path>058_804ed2fb_jpg.rf.3f469e4bd26013d0e568456e37eb62fe.jpg</path>
	<source>
		<database>roboflow.ai</database>
	</source>
	<size>
		<width>474</width>
		<height>592</height>
		<depth>3</depth>
	</size>
	<segmented>0</segmented>
	<object>
		<name>leopard</name>
		<pose>Unspecified</pose>
		<truncated>0</truncated>
		<difficult>0</difficult>
		<occluded>0</occluded>
		<bndbox>
			<xmin>46</xmin>
			<xmax>407</xmax>
			<ymin>130</ymin>
			<ymax>542</ymax>
		</bndbox>
	</object>
</annotation>
