<annotation>
	<folder></folder>
	<filename>076_075b0153_jpg.rf.5132ed20f8f59d4a57cdaa580d5ead36.jpg</filename>
	<path>076_075b0153_jpg.rf.5132ed20f8f59d4a57cdaa580d5ead36.jpg</path>
	<source>
		<database>roboflow.ai</database>
	</source>
	<size>
		<width>474</width>
		<height>474</height>
		<depth>3</depth>
	</size>
	<segmented>0</segmented>
	<object>
		<name>lion</name>
		<pose>Unspecified</pose>
		<truncated>0</truncated>
		<difficult>0</difficult>
		<occluded>0</occluded>
		<bndbox>
			<xmin>1</xmin>
			<xmax>389</xmax>
			<ymin>1</ymin>
			<ymax>474</ymax>
		</bndbox>
	</object>
</annotation>
