<annotation>
	<folder></folder>
	<filename>046_jpg.rf.2cf9c5ea506cbaef665462176460a23e.jpg</filename>
	<path>046_jpg.rf.2cf9c5ea506cbaef665462176460a23e.jpg</path>
	<source>
		<database>roboflow.ai</database>
	</source>
	<size>
		<width>992</width>
		<height>744</height>
		<depth>3</depth>
	</size>
	<segmented>0</segmented>
	<object>
		<name>rhino</name>
		<pose>Unspecified</pose>
		<truncated>0</truncated>
		<difficult>0</difficult>
		<occluded>0</occluded>
		<bndbox>
			<xmin>144</xmin>
			<xmax>848</xmax>
			<ymin>245</ymin>
			<ymax>606</ymax>
		</bndbox>
	</object>
</annotation>
