<annotation>
	<folder></folder>
	<filename>020_810d3cb8_jpg.rf.7e1f5084a8f14b934bd62808b47a1c3b.jpg</filename>
	<path>020_810d3cb8_jpg.rf.7e1f5084a8f14b934bd62808b47a1c3b.jpg</path>
	<source>
		<database>roboflow.ai</database>
	</source>
	<size>
		<width>474</width>
		<height>401</height>
		<depth>3</depth>
	</size>
	<segmented>0</segmented>
	<object>
		<name>lion</name>
		<pose>Unspecified</pose>
		<truncated>0</truncated>
		<difficult>0</difficult>
		<occluded>0</occluded>
		<bndbox>
			<xmin>160</xmin>
			<xmax>429</xmax>
			<ymin>96</ymin>
			<ymax>330</ymax>
		</bndbox>
	</object>
	<object>
		<name>lion</name>
		<pose>Unspecified</pose>
		<truncated>0</truncated>
		<difficult>0</difficult>
		<occluded>0</occluded>
		<bndbox>
			<xmin>53</xmin>
			<xmax>251</xmax>
			<ymin>137</ymin>
			<ymax>354</ymax>
		</bndbox>
	</object>
</annotation>
