<annotation>
	<folder></folder>
	<filename>052_43c47cbf_jpg.rf.6369bb3c390f7d825979702fccda8a5e.jpg</filename>
	<path>052_43c47cbf_jpg.rf.6369bb3c390f7d825979702fccda8a5e.jpg</path>
	<source>
		<database>roboflow.ai</database>
	</source>
	<size>
		<width>474</width>
		<height>474</height>
		<depth>3</depth>
	</size>
	<segmented>0</segmented>
	<object>
		<name>leopard</name>
		<pose>Unspecified</pose>
		<truncated>0</truncated>
		<difficult>0</difficult>
		<occluded>0</occluded>
		<bndbox>
			<xmin>225</xmin>
			<xmax>347</xmax>
			<ymin>187</ymin>
			<ymax>384</ymax>
		</bndbox>
	</object>
</annotation>
