<annotation>
	<folder></folder>
	<filename>008_5e54cc45_jpg.rf.9386c3180154680bcab102f9ae767ea1.jpg</filename>
	<path>008_5e54cc45_jpg.rf.9386c3180154680bcab102f9ae767ea1.jpg</path>
	<source>
		<database>roboflow.ai</database>
	</source>
	<size>
		<width>474</width>
		<height>580</height>
		<depth>3</depth>
	</size>
	<segmented>0</segmented>
	<object>
		<name>lion</name>
		<pose>Unspecified</pose>
		<truncated>0</truncated>
		<difficult>0</difficult>
		<occluded>0</occluded>
		<bndbox>
			<xmin>1</xmin>
			<xmax>267</xmax>
			<ymin>44</ymin>
			<ymax>528</ymax>
		</bndbox>
	</object>
	<object>
		<name>lion</name>
		<pose>Unspecified</pose>
		<truncated>0</truncated>
		<difficult>0</difficult>
		<occluded>0</occluded>
		<bndbox>
			<xmin>87</xmin>
			<xmax>474</xmax>
			<ymin>69</ymin>
			<ymax>544</ymax>
		</bndbox>
	</object>
</annotation>
