<annotation>
	<folder></folder>
	<filename>080_30a6c867_jpg.rf.cacf7abab3192a4dcb10b01e910f433e.jpg</filename>
	<path>080_30a6c867_jpg.rf.cacf7abab3192a4dcb10b01e910f433e.jpg</path>
	<source>
		<database>roboflow.ai</database>
	</source>
	<size>
		<width>474</width>
		<height>474</height>
		<depth>3</depth>
	</size>
	<segmented>0</segmented>
	<object>
		<name>leopard</name>
		<pose>Unspecified</pose>
		<truncated>0</truncated>
		<difficult>0</difficult>
		<occluded>0</occluded>
		<bndbox>
			<xmin>1</xmin>
			<xmax>327</xmax>
			<ymin>25</ymin>
			<ymax>467</ymax>
		</bndbox>
	</object>
</annotation>
