<annotation>
	<folder></folder>
	<filename>089_4bf8f862_jpg.rf.fbeb1c044c805700a3091837d62a9c9a.jpg</filename>
	<path>089_4bf8f862_jpg.rf.fbeb1c044c805700a3091837d62a9c9a.jpg</path>
	<source>
		<database>roboflow.ai</database>
	</source>
	<size>
		<width>474</width>
		<height>581</height>
		<depth>3</depth>
	</size>
	<segmented>0</segmented>
	<object>
		<name>leopard</name>
		<pose>Unspecified</pose>
		<truncated>0</truncated>
		<difficult>0</difficult>
		<occluded>0</occluded>
		<bndbox>
			<xmin>37</xmin>
			<xmax>279</xmax>
			<ymin>121</ymin>
			<ymax>581</ymax>
		</bndbox>
	</object>
</annotation>
