<annotation>
	<folder></folder>
	<filename>020_jpg.rf.7752f00ddecfb34bdbe3ffd57938c213.jpg</filename>
	<path>020_jpg.rf.7752f00ddecfb34bdbe3ffd57938c213.jpg</path>
	<source>
		<database>roboflow.ai</database>
	</source>
	<size>
		<width>640</width>
		<height>426</height>
		<depth>3</depth>
	</size>
	<segmented>0</segmented>
	<object>
		<name>elephant</name>
		<pose>Unspecified</pose>
		<truncated>0</truncated>
		<difficult>0</difficult>
		<occluded>0</occluded>
		<bndbox>
			<xmin>290</xmin>
			<xmax>542</xmax>
			<ymin>16</ymin>
			<ymax>383</ymax>
		</bndbox>
	</object>
	<object>
		<name>elephant</name>
		<pose>Unspecified</pose>
		<truncated>0</truncated>
		<difficult>0</difficult>
		<occluded>0</occluded>
		<bndbox>
			<xmin>142</xmin>
			<xmax>308</xmax>
			<ymin>65</ymin>
			<ymax>394</ymax>
		</bndbox>
	</object>
</annotation>
