<annotation>
	<folder></folder>
	<filename>043_jpg.rf.117c17a0f77e77fc87fc9b4b62c8a10e.jpg</filename>
	<path>043_jpg.rf.117c17a0f77e77fc87fc9b4b62c8a10e.jpg</path>
	<source>
		<database>roboflow.ai</database>
	</source>
	<size>
		<width>384</width>
		<height>256</height>
		<depth>3</depth>
	</size>
	<segmented>0</segmented>
	<object>
		<name>buffalo</name>
		<pose>Unspecified</pose>
		<truncated>0</truncated>
		<difficult>0</difficult>
		<occluded>0</occluded>
		<bndbox>
			<xmin>10</xmin>
			<xmax>233</xmax>
			<ymin>90</ymin>
			<ymax>238</ymax>
		</bndbox>
	</object>
	<object>
		<name>buffalo</name>
		<pose>Unspecified</pose>
		<truncated>0</truncated>
		<difficult>0</difficult>
		<occluded>0</occluded>
		<bndbox>
			<xmin>166</xmin>
			<xmax>364</xmax>
			<ymin>41</ymin>
			<ymax>209</ymax>
		</bndbox>
	</object>
	<object>
		<name>buffalo</name>
		<pose>Unspecified</pose>
		<truncated>0</truncated>
		<difficult>0</difficult>
		<occluded>0</occluded>
		<bndbox>
			<xmin>22</xmin>
			<xmax>268</xmax>
			<ymin>10</ymin>
			<ymax>117</ymax>
		</bndbox>
	</object>
</annotation>
