<annotation>
	<folder></folder>
	<filename>001_582bd9cc_jpg.rf.a61ae095d4da944383e7dc7ab6fbd085.jpg</filename>
	<path>001_582bd9cc_jpg.rf.a61ae095d4da944383e7dc7ab6fbd085.jpg</path>
	<source>
		<database>roboflow.ai</database>
	</source>
	<size>
		<width>474</width>
		<height>478</height>
		<depth>3</depth>
	</size>
	<segmented>0</segmented>
	<object>
		<name>leopard</name>
		<pose>Unspecified</pose>
		<truncated>0</truncated>
		<difficult>0</difficult>
		<occluded>0</occluded>
		<bndbox>
			<xmin>20</xmin>
			<xmax>474</xmax>
			<ymin>36</ymin>
			<ymax>478</ymax>
		</bndbox>
	</object>
</annotation>
