<annotation>
	<folder></folder>
	<filename>065_1709120e_jpg.rf.ca316f7f92de0ac2071f3fbe789edd18.jpg</filename>
	<path>065_1709120e_jpg.rf.ca316f7f92de0ac2071f3fbe789edd18.jpg</path>
	<source>
		<database>roboflow.ai</database>
	</source>
	<size>
		<width>474</width>
		<height>548</height>
		<depth>3</depth>
	</size>
	<segmented>0</segmented>
	<object>
		<name>lion</name>
		<pose>Unspecified</pose>
		<truncated>0</truncated>
		<difficult>0</difficult>
		<occluded>0</occluded>
		<bndbox>
			<xmin>72</xmin>
			<xmax>474</xmax>
			<ymin>66</ymin>
			<ymax>548</ymax>
		</bndbox>
	</object>
</annotation>
