<annotation>
	<folder></folder>
	<filename>051_25073370_jpg.rf.2b31d30eaeb898a2548b74e583b5e7f5.jpg</filename>
	<path>051_25073370_jpg.rf.2b31d30eaeb898a2548b74e583b5e7f5.jpg</path>
	<source>
		<database>roboflow.ai</database>
	</source>
	<size>
		<width>474</width>
		<height>465</height>
		<depth>3</depth>
	</size>
	<segmented>0</segmented>
	<object>
		<name>leopard</name>
		<pose>Unspecified</pose>
		<truncated>0</truncated>
		<difficult>0</difficult>
		<occluded>0</occluded>
		<bndbox>
			<xmin>79</xmin>
			<xmax>458</xmax>
			<ymin>115</ymin>
			<ymax>334</ymax>
		</bndbox>
	</object>
	<object>
		<name>leopard</name>
		<pose>Unspecified</pose>
		<truncated>0</truncated>
		<difficult>0</difficult>
		<occluded>0</occluded>
		<bndbox>
			<xmin>55</xmin>
			<xmax>362</xmax>
			<ymin>269</ymin>
			<ymax>391</ymax>
		</bndbox>
	</object>
</annotation>
