<annotation>
	<folder></folder>
	<filename>045_jpg.rf.998334fabc986f3def30ea2429d6f53f.jpg</filename>
	<path>045_jpg.rf.998334fabc986f3def30ea2429d6f53f.jpg</path>
	<source>
		<database>roboflow.ai</database>
	</source>
	<size>
		<width>640</width>
		<height>398</height>
		<depth>3</depth>
	</size>
	<segmented>0</segmented>
	<object>
		<name>elephant</name>
		<pose>Unspecified</pose>
		<truncated>0</truncated>
		<difficult>0</difficult>
		<occluded>0</occluded>
		<bndbox>
			<xmin>319</xmin>
			<xmax>507</xmax>
			<ymin>142</ymin>
			<ymax>362</ymax>
		</bndbox>
	</object>
	<object>
		<name>elephant</name>
		<pose>Unspecified</pose>
		<truncated>0</truncated>
		<difficult>0</difficult>
		<occluded>0</occluded>
		<bndbox>
			<xmin>262</xmin>
			<xmax>442</xmax>
			<ymin>25</ymin>
			<ymax>151</ymax>
		</bndbox>
	</object>
	<object>
		<name>elephant</name>
		<pose>Unspecified</pose>
		<truncated>0</truncated>
		<difficult>0</difficult>
		<occluded>0</occluded>
		<bndbox>
			<xmin>16</xmin>
			<xmax>207</xmax>
			<ymin>59</ymin>
			<ymax>203</ymax>
		</bndbox>
	</object>
</annotation>
