<annotation>
	<folder></folder>
	<filename>047_36f4e406_jpg.rf.d8b790d1ffd31f651f7727dfd14ce801.jpg</filename>
	<path>047_36f4e406_jpg.rf.d8b790d1ffd31f651f7727dfd14ce801.jpg</path>
	<source>
		<database>roboflow.ai</database>
	</source>
	<size>
		<width>474</width>
		<height>420</height>
		<depth>3</depth>
	</size>
	<segmented>0</segmented>
	<object>
		<name>lion</name>
		<pose>Unspecified</pose>
		<truncated>0</truncated>
		<difficult>0</difficult>
		<occluded>0</occluded>
		<bndbox>
			<xmin>57</xmin>
			<xmax>454</xmax>
			<ymin>27</ymin>
			<ymax>358</ymax>
		</bndbox>
	</object>
</annotation>
