<annotation>
	<folder></folder>
	<filename>073_777c5dd6_jpg.rf.b056dc07bda5ea728e8c095f992e66e6.jpg</filename>
	<path>073_777c5dd6_jpg.rf.b056dc07bda5ea728e8c095f992e66e6.jpg</path>
	<source>
		<database>roboflow.ai</database>
	</source>
	<size>
		<width>474</width>
		<height>396</height>
		<depth>3</depth>
	</size>
	<segmented>0</segmented>
	<object>
		<name>leopard</name>
		<pose>Unspecified</pose>
		<truncated>0</truncated>
		<difficult>0</difficult>
		<occluded>0</occluded>
		<bndbox>
			<xmin>231</xmin>
			<xmax>442</xmax>
			<ymin>142</ymin>
			<ymax>311</ymax>
		</bndbox>
	</object>
</annotation>
