<annotation>
	<folder></folder>
	<filename>057_95b14deb_jpg.rf.a6a1dbc173b06f4ddccfdbb64ab72e2c.jpg</filename>
	<path>057_95b14deb_jpg.rf.a6a1dbc173b06f4ddccfdbb64ab72e2c.jpg</path>
	<source>
		<database>roboflow.ai</database>
	</source>
	<size>
		<width>474</width>
		<height>474</height>
		<depth>3</depth>
	</size>
	<segmented>0</segmented>
	<object>
		<name>lion</name>
		<pose>Unspecified</pose>
		<truncated>0</truncated>
		<difficult>0</difficult>
		<occluded>0</occluded>
		<bndbox>
			<xmin>33</xmin>
			<xmax>474</xmax>
			<ymin>1</ymin>
			<ymax>474</ymax>
		</bndbox>
	</object>
</annotation>
