<annotation>
	<folder></folder>
	<filename>083_972bac3b_jpg.rf.f34617026f7720dbde6c7fa413b38741.jpg</filename>
	<path>083_972bac3b_jpg.rf.f34617026f7720dbde6c7fa413b38741.jpg</path>
	<source>
		<database>roboflow.ai</database>
	</source>
	<size>
		<width>474</width>
		<height>474</height>
		<depth>3</depth>
	</size>
	<segmented>0</segmented>
	<object>
		<name>lion</name>
		<pose>Unspecified</pose>
		<truncated>0</truncated>
		<difficult>0</difficult>
		<occluded>0</occluded>
		<bndbox>
			<xmin>21</xmin>
			<xmax>120</xmax>
			<ymin>199</ymin>
			<ymax>299</ymax>
		</bndbox>
	</object>
	<object>
		<name>lion</name>
		<pose>Unspecified</pose>
		<truncated>0</truncated>
		<difficult>0</difficult>
		<occluded>0</occluded>
		<bndbox>
			<xmin>71</xmin>
			<xmax>474</xmax>
			<ymin>138</ymin>
			<ymax>404</ymax>
		</bndbox>
	</object>
	<object>
		<name>lion</name>
		<pose>Unspecified</pose>
		<truncated>0</truncated>
		<difficult>0</difficult>
		<occluded>0</occluded>
		<bndbox>
			<xmin>231</xmin>
			<xmax>330</xmax>
			<ymin>309</ymin>
			<ymax>414</ymax>
		</bndbox>
	</object>
</annotation>
