<annotation>
	<folder></folder>
	<filename>077_jpg.rf.da66807757f580040fdfb966e5717efd.jpg</filename>
	<path>077_jpg.rf.da66807757f580040fdfb966e5717efd.jpg</path>
	<source>
		<database>roboflow.ai</database>
	</source>
	<size>
		<width>640</width>
		<height>427</height>
		<depth>3</depth>
	</size>
	<segmented>0</segmented>
	<object>
		<name>elephant</name>
		<pose>Unspecified</pose>
		<truncated>0</truncated>
		<difficult>0</difficult>
		<occluded>0</occluded>
		<bndbox>
			<xmin>181</xmin>
			<xmax>322</xmax>
			<ymin>65</ymin>
			<ymax>362</ymax>
		</bndbox>
	</object>
	<object>
		<name>elephant</name>
		<pose>Unspecified</pose>
		<truncated>0</truncated>
		<difficult>0</difficult>
		<occluded>0</occluded>
		<bndbox>
			<xmin>304</xmin>
			<xmax>519</xmax>
			<ymin>72</ymin>
			<ymax>253</ymax>
		</bndbox>
	</object>
</annotation>
