<annotation>
	<folder></folder>
	<filename>080_jpg.rf.fdd26f0919a3eada7dd8291c85e5b148.jpg</filename>
	<path>080_jpg.rf.fdd26f0919a3eada7dd8291c85e5b148.jpg</path>
	<source>
		<database>roboflow.ai</database>
	</source>
	<size>
		<width>232</width>
		<height>275</height>
		<depth>3</depth>
	</size>
	<segmented>0</segmented>
	<object>
		<name>rhino</name>
		<pose>Unspecified</pose>
		<truncated>0</truncated>
		<difficult>0</difficult>
		<occluded>0</occluded>
		<bndbox>
			<xmin>21</xmin>
			<xmax>219</xmax>
			<ymin>36</ymin>
			<ymax>246</ymax>
		</bndbox>
	</object>
</annotation>
