<annotation>
	<folder></folder>
	<filename>040_jpg.rf.c03625c5f4058a5b6e7d42683c017bd4.jpg</filename>
	<path>040_jpg.rf.c03625c5f4058a5b6e7d42683c017bd4.jpg</path>
	<source>
		<database>roboflow.ai</database>
	</source>
	<size>
		<width>640</width>
		<height>427</height>
		<depth>3</depth>
	</size>
	<segmented>0</segmented>
	<object>
		<name>elephant</name>
		<pose>Unspecified</pose>
		<truncated>0</truncated>
		<difficult>0</difficult>
		<occluded>0</occluded>
		<bndbox>
			<xmin>238</xmin>
			<xmax>529</xmax>
			<ymin>129</ymin>
			<ymax>365</ymax>
		</bndbox>
	</object>
	<object>
		<name>elephant</name>
		<pose>Unspecified</pose>
		<truncated>0</truncated>
		<difficult>0</difficult>
		<occluded>0</occluded>
		<bndbox>
			<xmin>2</xmin>
			<xmax>292</xmax>
			<ymin>124</ymin>
			<ymax>361</ymax>
		</bndbox>
	</object>
	<object>
		<name>elephant</name>
		<pose>Unspecified</pose>
		<truncated>0</truncated>
		<difficult>0</difficult>
		<occluded>0</occluded>
		<bndbox>
			<xmin>6</xmin>
			<xmax>285</xmax>
			<ymin>2</ymin>
			<ymax>187</ymax>
		</bndbox>
	</object>
	<object>
		<name>elephant</name>
		<pose>Unspecified</pose>
		<truncated>0</truncated>
		<difficult>0</difficult>
		<occluded>0</occluded>
		<bndbox>
			<xmin>439</xmin>
			<xmax>640</xmax>
			<ymin>2</ymin>
			<ymax>237</ymax>
		</bndbox>
	</object>
</annotation>
