<annotation>
	<folder></folder>
	<filename>035_jpg.rf.b2d960dc969e420e2a2ab20cb96ca2db.jpg</filename>
	<path>035_jpg.rf.b2d960dc969e420e2a2ab20cb96ca2db.jpg</path>
	<source>
		<database>roboflow.ai</database>
	</source>
	<size>
		<width>640</width>
		<height>471</height>
		<depth>3</depth>
	</size>
	<segmented>0</segmented>
	<object>
		<name>buffalo</name>
		<pose>Unspecified</pose>
		<truncated>0</truncated>
		<difficult>0</difficult>
		<occluded>0</occluded>
		<bndbox>
			<xmin>67</xmin>
			<xmax>626</xmax>
			<ymin>10</ymin>
			<ymax>465</ymax>
		</bndbox>
	</object>
</annotation>
