<annotation>
	<folder></folder>
	<filename>009_ef5d87df_jpg.rf.3cfd89e5cf2db0c69d3ccf8c7152489e.jpg</filename>
	<path>009_ef5d87df_jpg.rf.3cfd89e5cf2db0c69d3ccf8c7152489e.jpg</path>
	<source>
		<database>roboflow.ai</database>
	</source>
	<size>
		<width>474</width>
		<height>592</height>
		<depth>3</depth>
	</size>
	<segmented>0</segmented>
	<object>
		<name>leopard</name>
		<pose>Unspecified</pose>
		<truncated>0</truncated>
		<difficult>0</difficult>
		<occluded>0</occluded>
		<bndbox>
			<xmin>26</xmin>
			<xmax>469</xmax>
			<ymin>40</ymin>
			<ymax>583</ymax>
		</bndbox>
	</object>
</annotation>
