<annotation>
	<folder></folder>
	<filename>030_jpg.rf.0bb0aa03bb49b54d37958fa1fcff33ff.jpg</filename>
	<path>030_jpg.rf.0bb0aa03bb49b54d37958fa1fcff33ff.jpg</path>
	<source>
		<database>roboflow.ai</database>
	</source>
	<size>
		<width>427</width>
		<height>640</height>
		<depth>3</depth>
	</size>
	<segmented>0</segmented>
	<object>
		<name>elephant</name>
		<pose>Unspecified</pose>
		<truncated>0</truncated>
		<difficult>0</difficult>
		<occluded>0</occluded>
		<bndbox>
			<xmin>71</xmin>
			<xmax>295</xmax>
			<ymin>243</ymin>
			<ymax>572</ymax>
		</bndbox>
	</object>
</annotation>
