<annotation>
	<folder></folder>
	<filename>012_4dc6db15_jpg.rf.f537b9202608324d24e8fcf0378306fb.jpg</filename>
	<path>012_4dc6db15_jpg.rf.f537b9202608324d24e8fcf0378306fb.jpg</path>
	<source>
		<database>roboflow.ai</database>
	</source>
	<size>
		<width>474</width>
		<height>456</height>
		<depth>3</depth>
	</size>
	<segmented>0</segmented>
	<object>
		<name>lion</name>
		<pose>Unspecified</pose>
		<truncated>0</truncated>
		<difficult>0</difficult>
		<occluded>0</occluded>
		<bndbox>
			<xmin>1</xmin>
			<xmax>406</xmax>
			<ymin>50</ymin>
			<ymax>456</ymax>
		</bndbox>
	</object>
</annotation>
