<annotation>
	<folder></folder>
	<filename>062_jpg.rf.2fde7e950a9089549bc4a528c89b3762.jpg</filename>
	<path>062_jpg.rf.2fde7e950a9089549bc4a528c89b3762.jpg</path>
	<source>
		<database>roboflow.ai</database>
	</source>
	<size>
		<width>700</width>
		<height>480</height>
		<depth>3</depth>
	</size>
	<segmented>0</segmented>
	<object>
		<name>buffalo</name>
		<pose>Unspecified</pose>
		<truncated>0</truncated>
		<difficult>0</difficult>
		<occluded>0</occluded>
		<bndbox>
			<xmin>125</xmin>
			<xmax>466</xmax>
			<ymin>80</ymin>
			<ymax>474</ymax>
		</bndbox>
	</object>
	<object>
		<name>buffalo</name>
		<pose>Unspecified</pose>
		<truncated>0</truncated>
		<difficult>0</difficult>
		<occluded>0</occluded>
		<bndbox>
			<xmin>413</xmin>
			<xmax>699</xmax>
			<ymin>148</ymin>
			<ymax>438</ymax>
		</bndbox>
	</object>
</annotation>
