<annotation>
	<folder></folder>
	<filename>018_ad9149c2_jpg.rf.3c753e167adb4c553c0727401cfe12de.jpg</filename>
	<path>018_ad9149c2_jpg.rf.3c753e167adb4c553c0727401cfe12de.jpg</path>
	<source>
		<database>roboflow.ai</database>
	</source>
	<size>
		<width>474</width>
		<height>486</height>
		<depth>3</depth>
	</size>
	<segmented>0</segmented>
	<object>
		<name>lion</name>
		<pose>Unspecified</pose>
		<truncated>0</truncated>
		<difficult>0</difficult>
		<occluded>0</occluded>
		<bndbox>
			<xmin>229</xmin>
			<xmax>474</xmax>
			<ymin>115</ymin>
			<ymax>386</ymax>
		</bndbox>
	</object>
	<object>
		<name>lion</name>
		<pose>Unspecified</pose>
		<truncated>0</truncated>
		<difficult>0</difficult>
		<occluded>0</occluded>
		<bndbox>
			<xmin>33</xmin>
			<xmax>307</xmax>
			<ymin>164</ymin>
			<ymax>397</ymax>
		</bndbox>
	</object>
</annotation>
