<annotation>
	<folder></folder>
	<filename>006_jpg.rf.69cf1f0c451385e2c5040667796e5f34.jpg</filename>
	<path>006_jpg.rf.69cf1f0c451385e2c5040667796e5f34.jpg</path>
	<source>
		<database>roboflow.ai</database>
	</source>
	<size>
		<width>590</width>
		<height>400</height>
		<depth>3</depth>
	</size>
	<segmented>0</segmented>
	<object>
		<name>rhino</name>
		<pose>Unspecified</pose>
		<truncated>0</truncated>
		<difficult>0</difficult>
		<occluded>0</occluded>
		<bndbox>
			<xmin>168</xmin>
			<xmax>436</xmax>
			<ymin>38</ymin>
			<ymax>360</ymax>
		</bndbox>
	</object>
</annotation>
