<annotation>
	<folder></folder>
	<filename>063_252570ec_jpg.rf.3d64a24c6684e836e3816c3a87f65be3.jpg</filename>
	<path>063_252570ec_jpg.rf.3d64a24c6684e836e3816c3a87f65be3.jpg</path>
	<source>
		<database>roboflow.ai</database>
	</source>
	<size>
		<width>474</width>
		<height>416</height>
		<depth>3</depth>
	</size>
	<segmented>0</segmented>
	<object>
		<name>lion</name>
		<pose>Unspecified</pose>
		<truncated>0</truncated>
		<difficult>0</difficult>
		<occluded>0</occluded>
		<bndbox>
			<xmin>1</xmin>
			<xmax>474</xmax>
			<ymin>1</ymin>
			<ymax>388</ymax>
		</bndbox>
	</object>
</annotation>
