<annotation>
	<folder></folder>
	<filename>025_jpg.rf.d7c0f9f9c1869274c554a687ab247f1c.jpg</filename>
	<path>025_jpg.rf.d7c0f9f9c1869274c554a687ab247f1c.jpg</path>
	<source>
		<database>roboflow.ai</database>
	</source>
	<size>
		<width>800</width>
		<height>533</height>
		<depth>3</depth>
	</size>
	<segmented>0</segmented>
	<object>
		<name>rhino</name>
		<pose>Unspecified</pose>
		<truncated>0</truncated>
		<difficult>0</difficult>
		<occluded>0</occluded>
		<bndbox>
			<xmin>77</xmin>
			<xmax>743</xmax>
			<ymin>125</ymin>
			<ymax>453</ymax>
		</bndbox>
	</object>
</annotation>
