<annotation>
	<folder></folder>
	<filename>072_0ebe3ef8_jpg.rf.3fd6f0fd3093ea472e123f009fc2e4e2.jpg</filename>
	<path>072_0ebe3ef8_jpg.rf.3fd6f0fd3093ea472e123f009fc2e4e2.jpg</path>
	<source>
		<database>roboflow.ai</database>
	</source>
	<size>
		<width>474</width>
		<height>474</height>
		<depth>3</depth>
	</size>
	<segmented>0</segmented>
	<object>
		<name>leopard</name>
		<pose>Unspecified</pose>
		<truncated>0</truncated>
		<difficult>0</difficult>
		<occluded>0</occluded>
		<bndbox>
			<xmin>129</xmin>
			<xmax>372</xmax>
			<ymin>101</ymin>
			<ymax>403</ymax>
		</bndbox>
	</object>
</annotation>
