<annotation>
	<folder></folder>
	<filename>011_jpg.rf.e4d4bfa80d6d4e8423574f2c3eaadd17.jpg</filename>
	<path>011_jpg.rf.e4d4bfa80d6d4e8423574f2c3eaadd17.jpg</path>
	<source>
		<database>roboflow.ai</database>
	</source>
	<size>
		<width>340</width>
		<height>525</height>
		<depth>3</depth>
	</size>
	<segmented>0</segmented>
	<object>
		<name>rhino</name>
		<pose>Unspecified</pose>
		<truncated>0</truncated>
		<difficult>0</difficult>
		<occluded>0</occluded>
		<bndbox>
			<xmin>51</xmin>
			<xmax>328</xmax>
			<ymin>110</ymin>
			<ymax>390</ymax>
		</bndbox>
	</object>
</annotation>
