<annotation>
	<folder></folder>
	<filename>042_jpg.rf.4636d306c2218c3e1fb26405fb64cc6e.jpg</filename>
	<path>042_jpg.rf.4636d306c2218c3e1fb26405fb64cc6e.jpg</path>
	<source>
		<database>roboflow.ai</database>
	</source>
	<size>
		<width>419</width>
		<height>314</height>
		<depth>3</depth>
	</size>
	<segmented>0</segmented>
	<object>
		<name>rhino</name>
		<pose>Unspecified</pose>
		<truncated>0</truncated>
		<difficult>0</difficult>
		<occluded>0</occluded>
		<bndbox>
			<xmin>49</xmin>
			<xmax>322</xmax>
			<ymin>84</ymin>
			<ymax>255</ymax>
		</bndbox>
	</object>
</annotation>
