<annotation>
	<folder></folder>
	<filename>088_jpg.rf.708e115b885c00b3c42967e7867798de.jpg</filename>
	<path>088_jpg.rf.708e115b885c00b3c42967e7867798de.jpg</path>
	<source>
		<database>roboflow.ai</database>
	</source>
	<size>
		<width>426</width>
		<height>640</height>
		<depth>3</depth>
	</size>
	<segmented>0</segmented>
	<object>
		<name>elephant</name>
		<pose>Unspecified</pose>
		<truncated>0</truncated>
		<difficult>0</difficult>
		<occluded>0</occluded>
		<bndbox>
			<xmin>57</xmin>
			<xmax>359</xmax>
			<ymin>90</ymin>
			<ymax>593</ymax>
		</bndbox>
	</object>
</annotation>
