<annotation>
	<folder></folder>
	<filename>078_jpg.rf.e75b551a5e4f9944ce1096f91a1c2bbd.jpg</filename>
	<path>078_jpg.rf.e75b551a5e4f9944ce1096f91a1c2bbd.jpg</path>
	<source>
		<database>roboflow.ai</database>
	</source>
	<size>
		<width>600</width>
		<height>415</height>
		<depth>3</depth>
	</size>
	<segmented>0</segmented>
	<object>
		<name>buffalo</name>
		<pose>Unspecified</pose>
		<truncated>0</truncated>
		<difficult>0</difficult>
		<occluded>0</occluded>
		<bndbox>
			<xmin>102</xmin>
			<xmax>489</xmax>
			<ymin>166</ymin>
			<ymax>393</ymax>
		</bndbox>
	</object>
</annotation>
