<annotation>
	<folder></folder>
	<filename>007_5f577a74_jpg.rf.ebfcf8a28e79f6e5fbb6effe64c146cf.jpg</filename>
	<path>007_5f577a74_jpg.rf.ebfcf8a28e79f6e5fbb6effe64c146cf.jpg</path>
	<source>
		<database>roboflow.ai</database>
	</source>
	<size>
		<width>474</width>
		<height>474</height>
		<depth>3</depth>
	</size>
	<segmented>0</segmented>
	<object>
		<name>lion</name>
		<pose>Unspecified</pose>
		<truncated>0</truncated>
		<difficult>0</difficult>
		<occluded>0</occluded>
		<bndbox>
			<xmin>1</xmin>
			<xmax>474</xmax>
			<ymin>1</ymin>
			<ymax>474</ymax>
		</bndbox>
	</object>
</annotation>
