<annotation>
	<folder></folder>
	<filename>039_jpg.rf.475ea9a6ff11573361bd7f045d5be733.jpg</filename>
	<path>039_jpg.rf.475ea9a6ff11573361bd7f045d5be733.jpg</path>
	<source>
		<database>roboflow.ai</database>
	</source>
	<size>
		<width>1000</width>
		<height>566</height>
		<depth>3</depth>
	</size>
	<segmented>0</segmented>
	<object>
		<name>rhino</name>
		<pose>Unspecified</pose>
		<truncated>0</truncated>
		<difficult>0</difficult>
		<occluded>0</occluded>
		<bndbox>
			<xmin>631</xmin>
			<xmax>987</xmax>
			<ymin>267</ymin>
			<ymax>566</ymax>
		</bndbox>
	</object>
	<object>
		<name>rhino</name>
		<pose>Unspecified</pose>
		<truncated>0</truncated>
		<difficult>0</difficult>
		<occluded>0</occluded>
		<bndbox>
			<xmin>142</xmin>
			<xmax>846</xmax>
			<ymin>2</ymin>
			<ymax>548</ymax>
		</bndbox>
	</object>
</annotation>
