<annotation>
	<folder></folder>
	<filename>030_4aeb177a_jpg.rf.7927611cac84165b327bfe6e82fe27f6.jpg</filename>
	<path>030_4aeb177a_jpg.rf.7927611cac84165b327bfe6e82fe27f6.jpg</path>
	<source>
		<database>roboflow.ai</database>
	</source>
	<size>
		<width>474</width>
		<height>474</height>
		<depth>3</depth>
	</size>
	<segmented>0</segmented>
	<object>
		<name>leopard</name>
		<pose>Unspecified</pose>
		<truncated>0</truncated>
		<difficult>0</difficult>
		<occluded>0</occluded>
		<bndbox>
			<xmin>1</xmin>
			<xmax>438</xmax>
			<ymin>44</ymin>
			<ymax>474</ymax>
		</bndbox>
	</object>
</annotation>
