<annotation>
	<folder></folder>
	<filename>088_jpg.rf.d391f98d403ca801733f014512d5a2af.jpg</filename>
	<path>088_jpg.rf.d391f98d403ca801733f014512d5a2af.jpg</path>
	<source>
		<database>roboflow.ai</database>
	</source>
	<size>
		<width>1280</width>
		<height>720</height>
		<depth>3</depth>
	</size>
	<segmented>0</segmented>
	<object>
		<name>rhino</name>
		<pose>Unspecified</pose>
		<truncated>0</truncated>
		<difficult>0</difficult>
		<occluded>0</occluded>
		<bndbox>
			<xmin>265</xmin>
			<xmax>561</xmax>
			<ymin>343</ymin>
			<ymax>688</ymax>
		</bndbox>
	</object>
	<object>
		<name>rhino</name>
		<pose>Unspecified</pose>
		<truncated>0</truncated>
		<difficult>0</difficult>
		<occluded>0</occluded>
		<bndbox>
			<xmin>265</xmin>
			<xmax>1118</xmax>
			<ymin>196</ymin>
			<ymax>633</ymax>
		</bndbox>
	</object>
</annotation>
