<annotation>
	<folder></folder>
	<filename>039_jpg.rf.f861716410fa1c64272c6b9b448b1872.jpg</filename>
	<path>039_jpg.rf.f861716410fa1c64272c6b9b448b1872.jpg</path>
	<source>
		<database>roboflow.ai</database>
	</source>
	<size>
		<width>1200</width>
		<height>800</height>
		<depth>3</depth>
	</size>
	<segmented>0</segmented>
	<object>
		<name>buffalo</name>
		<pose>Unspecified</pose>
		<truncated>0</truncated>
		<difficult>0</difficult>
		<occluded>0</occluded>
		<bndbox>
			<xmin>369</xmin>
			<xmax>952</xmax>
			<ymin>120</ymin>
			<ymax>711</ymax>
		</bndbox>
	</object>
</annotation>
