<annotation>
	<folder></folder>
	<filename>092_jpg.rf.e63847842e70272891b61b25a39eb5ee.jpg</filename>
	<path>092_jpg.rf.e63847842e70272891b61b25a39eb5ee.jpg</path>
	<source>
		<database>roboflow.ai</database>
	</source>
	<size>
		<width>890</width>
		<height>501</height>
		<depth>3</depth>
	</size>
	<segmented>0</segmented>
	<object>
		<name>rhino</name>
		<pose>Unspecified</pose>
		<truncated>0</truncated>
		<difficult>0</difficult>
		<occluded>0</occluded>
		<bndbox>
			<xmin>296</xmin>
			<xmax>859</xmax>
			<ymin>138</ymin>
			<ymax>402</ymax>
		</bndbox>
	</object>
	<object>
		<name>rhino</name>
		<pose>Unspecified</pose>
		<truncated>0</truncated>
		<difficult>0</difficult>
		<occluded>0</occluded>
		<bndbox>
			<xmin>82</xmin>
			<xmax>518</xmax>
			<ymin>124</ymin>
			<ymax>412</ymax>
		</bndbox>
	</object>
</annotation>
