<annotation>
	<folder></folder>
	<filename>002_jpg.rf.60ba42a252bb1de2f2347c424bca6888.jpg</filename>
	<path>002_jpg.rf.60ba42a252bb1de2f2347c424bca6888.jpg</path>
	<source>
		<database>roboflow.ai</database>
	</source>
	<size>
		<width>623</width>
		<height>415</height>
		<depth>3</depth>
	</size>
	<segmented>0</segmented>
	<object>
		<name>buffalo</name>
		<pose>Unspecified</pose>
		<truncated>0</truncated>
		<difficult>0</difficult>
		<occluded>0</occluded>
		<bndbox>
			<xmin>141</xmin>
			<xmax>451</xmax>
			<ymin>38</ymin>
			<ymax>386</ymax>
		</bndbox>
	</object>
</annotation>
