<annotation>
	<folder></folder>
	<filename>026_a1d1ccdd_jpg.rf.44140fa34ec30674b78787393475c7d2.jpg</filename>
	<path>026_a1d1ccdd_jpg.rf.44140fa34ec30674b78787393475c7d2.jpg</path>
	<source>
		<database>roboflow.ai</database>
	</source>
	<size>
		<width>474</width>
		<height>505</height>
		<depth>3</depth>
	</size>
	<segmented>0</segmented>
	<object>
		<name>lion</name>
		<pose>Unspecified</pose>
		<truncated>0</truncated>
		<difficult>0</difficult>
		<occluded>0</occluded>
		<bndbox>
			<xmin>1</xmin>
			<xmax>434</xmax>
			<ymin>1</ymin>
			<ymax>480</ymax>
		</bndbox>
	</object>
</annotation>
