<annotation>
	<folder></folder>
	<filename>074_jpg.rf.2ba9bdf1f008f7bd0a7bde324ee9a43a.jpg</filename>
	<path>074_jpg.rf.2ba9bdf1f008f7bd0a7bde324ee9a43a.jpg</path>
	<source>
		<database>roboflow.ai</database>
	</source>
	<size>
		<width>1488</width>
		<height>1044</height>
		<depth>3</depth>
	</size>
	<segmented>0</segmented>
	<object>
		<name>rhino</name>
		<pose>Unspecified</pose>
		<truncated>0</truncated>
		<difficult>0</difficult>
		<occluded>0</occluded>
		<bndbox>
			<xmin>148</xmin>
			<xmax>1395</xmax>
			<ymin>259</ymin>
			<ymax>823</ymax>
		</bndbox>
	</object>
</annotation>
