<annotation>
	<folder></folder>
	<filename>030_8364827b_jpg.rf.4481f43107482e649c08ef70085ae350.jpg</filename>
	<path>030_8364827b_jpg.rf.4481f43107482e649c08ef70085ae350.jpg</path>
	<source>
		<database>roboflow.ai</database>
	</source>
	<size>
		<width>474</width>
		<height>474</height>
		<depth>3</depth>
	</size>
	<segmented>0</segmented>
	<object>
		<name>lion</name>
		<pose>Unspecified</pose>
		<truncated>0</truncated>
		<difficult>0</difficult>
		<occluded>0</occluded>
		<bndbox>
			<xmin>35</xmin>
			<xmax>388</xmax>
			<ymin>144</ymin>
			<ymax>414</ymax>
		</bndbox>
	</object>
</annotation>
