<annotation>
	<folder></folder>
	<filename>029_jpg.rf.dd1e5ccb22b31c6137e515ac7d1302a7.jpg</filename>
	<path>029_jpg.rf.dd1e5ccb22b31c6137e515ac7d1302a7.jpg</path>
	<source>
		<database>roboflow.ai</database>
	</source>
	<size>
		<width>200</width>
		<height>150</height>
		<depth>3</depth>
	</size>
	<segmented>0</segmented>
	<object>
		<name>buffalo</name>
		<pose>Unspecified</pose>
		<truncated>0</truncated>
		<difficult>0</difficult>
		<occluded>0</occluded>
		<bndbox>
			<xmin>53</xmin>
			<xmax>120</xmax>
			<ymin>48</ymin>
			<ymax>127</ymax>
		</bndbox>
	</object>
</annotation>
