<annotation>
	<folder></folder>
	<filename>004_914bcf53_jpg.rf.c4805771f227b6cf29d018314ecd4ed6.jpg</filename>
	<path>004_914bcf53_jpg.rf.c4805771f227b6cf29d018314ecd4ed6.jpg</path>
	<source>
		<database>roboflow.ai</database>
	</source>
	<size>
		<width>474</width>
		<height>474</height>
		<depth>3</depth>
	</size>
	<segmented>0</segmented>
	<object>
		<name>lion</name>
		<pose>Unspecified</pose>
		<truncated>0</truncated>
		<difficult>0</difficult>
		<occluded>0</occluded>
		<bndbox>
			<xmin>196</xmin>
			<xmax>409</xmax>
			<ymin>70</ymin>
			<ymax>431</ymax>
		</bndbox>
	</object>
	<object>
		<name>lion</name>
		<pose>Unspecified</pose>
		<truncated>0</truncated>
		<difficult>0</difficult>
		<occluded>0</occluded>
		<bndbox>
			<xmin>41</xmin>
			<xmax>208</xmax>
			<ymin>126</ymin>
			<ymax>412</ymax>
		</bndbox>
	</object>
</annotation>
