<annotation>
	<folder></folder>
	<filename>061_jpg.rf.c148709a4c232e365504988b29344b92.jpg</filename>
	<path>061_jpg.rf.c148709a4c232e365504988b29344b92.jpg</path>
	<source>
		<database>roboflow.ai</database>
	</source>
	<size>
		<width>1163</width>
		<height>1148</height>
		<depth>3</depth>
	</size>
	<segmented>0</segmented>
	<object>
		<name>buffalo</name>
		<pose>Unspecified</pose>
		<truncated>0</truncated>
		<difficult>0</difficult>
		<occluded>0</occluded>
		<bndbox>
			<xmin>82</xmin>
			<xmax>1139</xmax>
			<ymin>136</ymin>
			<ymax>1148</ymax>
		</bndbox>
	</object>
</annotation>
