<annotation>
	<folder></folder>
	<filename>016_jpg.rf.922d9c57c46d4d9564b5ca3c2e47f63e.jpg</filename>
	<path>016_jpg.rf.922d9c57c46d4d9564b5ca3c2e47f63e.jpg</path>
	<source>
		<database>roboflow.ai</database>
	</source>
	<size>
		<width>1500</width>
		<height>750</height>
		<depth>3</depth>
	</size>
	<segmented>0</segmented>
	<object>
		<name>rhino</name>
		<pose>Unspecified</pose>
		<truncated>0</truncated>
		<difficult>0</difficult>
		<occluded>0</occluded>
		<bndbox>
			<xmin>596</xmin>
			<xmax>1377</xmax>
			<ymin>224</ymin>
			<ymax>650</ymax>
		</bndbox>
	</object>
	<object>
		<name>rhino</name>
		<pose>Unspecified</pose>
		<truncated>0</truncated>
		<difficult>0</difficult>
		<occluded>0</occluded>
		<bndbox>
			<xmin>222</xmin>
			<xmax>726</xmax>
			<ymin>304</ymin>
			<ymax>585</ymax>
		</bndbox>
	</object>
</annotation>
