<annotation>
	<folder></folder>
	<filename>006_da6897e5_jpg.rf.f7eaa802fc6d93d6bc43c85b5f29f48e.jpg</filename>
	<path>006_da6897e5_jpg.rf.f7eaa802fc6d93d6bc43c85b5f29f48e.jpg</path>
	<source>
		<database>roboflow.ai</database>
	</source>
	<size>
		<width>474</width>
		<height>526</height>
		<depth>3</depth>
	</size>
	<segmented>0</segmented>
	<object>
		<name>leopard</name>
		<pose>Unspecified</pose>
		<truncated>0</truncated>
		<difficult>0</difficult>
		<occluded>0</occluded>
		<bndbox>
			<xmin>89</xmin>
			<xmax>418</xmax>
			<ymin>73</ymin>
			<ymax>463</ymax>
		</bndbox>
	</object>
</annotation>
