<annotation>
	<folder></folder>
	<filename>079_jpg.rf.d7fe62e1855cd81cbb2e936dc756da8f.jpg</filename>
	<path>079_jpg.rf.d7fe62e1855cd81cbb2e936dc756da8f.jpg</path>
	<source>
		<database>roboflow.ai</database>
	</source>
	<size>
		<width>500</width>
		<height>331</height>
		<depth>3</depth>
	</size>
	<segmented>0</segmented>
	<object>
		<name>buffalo</name>
		<pose>Unspecified</pose>
		<truncated>0</truncated>
		<difficult>0</difficult>
		<occluded>0</occluded>
		<bndbox>
			<xmin>107</xmin>
			<xmax>404</xmax>
			<ymin>44</ymin>
			<ymax>323</ymax>
		</bndbox>
	</object>
</annotation>
