<annotation>
	<folder></folder>
	<filename>007_c6c32fbe_jpg.rf.09905df462cbd9e34b567b9b0da967d6.jpg</filename>
	<path>007_c6c32fbe_jpg.rf.09905df462cbd9e34b567b9b0da967d6.jpg</path>
	<source>
		<database>roboflow.ai</database>
	</source>
	<size>
		<width>474</width>
		<height>404</height>
		<depth>3</depth>
	</size>
	<segmented>0</segmented>
	<object>
		<name>leopard</name>
		<pose>Unspecified</pose>
		<truncated>0</truncated>
		<difficult>0</difficult>
		<occluded>0</occluded>
		<bndbox>
			<xmin>67</xmin>
			<xmax>428</xmax>
			<ymin>43</ymin>
			<ymax>380</ymax>
		</bndbox>
	</object>
</annotation>
