<annotation>
	<folder></folder>
	<filename>019_3f2dfab1_jpg.rf.bd3d8e2e8939e2771b3f7dd90c1b2c30.jpg</filename>
	<path>019_3f2dfab1_jpg.rf.bd3d8e2e8939e2771b3f7dd90c1b2c30.jpg</path>
	<source>
		<database>roboflow.ai</database>
	</source>
	<size>
		<width>474</width>
		<height>592</height>
		<depth>3</depth>
	</size>
	<segmented>0</segmented>
	<object>
		<name>leopard</name>
		<pose>Unspecified</pose>
		<truncated>0</truncated>
		<difficult>0</difficult>
		<occluded>0</occluded>
		<bndbox>
			<xmin>12</xmin>
			<xmax>471</xmax>
			<ymin>99</ymin>
			<ymax>576</ymax>
		</bndbox>
	</object>
</annotation>
