<annotation>
	<folder></folder>
	<filename>011_fa16742d_jpg.rf.57a92e5537ade8ba1d44f5e393cd6d01.jpg</filename>
	<path>011_fa16742d_jpg.rf.57a92e5537ade8ba1d44f5e393cd6d01.jpg</path>
	<source>
		<database>roboflow.ai</database>
	</source>
	<size>
		<width>474</width>
		<height>405</height>
		<depth>3</depth>
	</size>
	<segmented>0</segmented>
	<object>
		<name>lion</name>
		<pose>Unspecified</pose>
		<truncated>0</truncated>
		<difficult>0</difficult>
		<occluded>0</occluded>
		<bndbox>
			<xmin>92</xmin>
			<xmax>217</xmax>
			<ymin>56</ymin>
			<ymax>403</ymax>
		</bndbox>
	</object>
	<object>
		<name>lion</name>
		<pose>Unspecified</pose>
		<truncated>0</truncated>
		<difficult>0</difficult>
		<occluded>0</occluded>
		<bndbox>
			<xmin>182</xmin>
			<xmax>401</xmax>
			<ymin>114</ymin>
			<ymax>405</ymax>
		</bndbox>
	</object>
</annotation>
