<annotation>
	<folder></folder>
	<filename>019_jpg.rf.fa29aec05f2b047eb7f2faf30ae0078f.jpg</filename>
	<path>019_jpg.rf.fa29aec05f2b047eb7f2faf30ae0078f.jpg</path>
	<source>
		<database>roboflow.ai</database>
	</source>
	<size>
		<width>1024</width>
		<height>768</height>
		<depth>3</depth>
	</size>
	<segmented>0</segmented>
	<object>
		<name>rhino</name>
		<pose>Unspecified</pose>
		<truncated>0</truncated>
		<difficult>0</difficult>
		<occluded>0</occluded>
		<bndbox>
			<xmin>503</xmin>
			<xmax>944</xmax>
			<ymin>145</ymin>
			<ymax>596</ymax>
		</bndbox>
	</object>
</annotation>
