<annotation>
	<folder></folder>
	<filename>077_4768c25c_jpg.rf.cb9bc90f80fceeb0093a7c8df3269259.jpg</filename>
	<path>077_4768c25c_jpg.rf.cb9bc90f80fceeb0093a7c8df3269259.jpg</path>
	<source>
		<database>roboflow.ai</database>
	</source>
	<size>
		<width>474</width>
		<height>474</height>
		<depth>3</depth>
	</size>
	<segmented>0</segmented>
	<object>
		<name>lion</name>
		<pose>Unspecified</pose>
		<truncated>0</truncated>
		<difficult>0</difficult>
		<occluded>0</occluded>
		<bndbox>
			<xmin>1</xmin>
			<xmax>474</xmax>
			<ymin>54</ymin>
			<ymax>474</ymax>
		</bndbox>
	</object>
</annotation>
