<annotation>
	<folder></folder>
	<filename>042_jpg.rf.82b97e0cf7d54cacee19004150797fca.jpg</filename>
	<path>042_jpg.rf.82b97e0cf7d54cacee19004150797fca.jpg</path>
	<source>
		<database>roboflow.ai</database>
	</source>
	<size>
		<width>640</width>
		<height>480</height>
		<depth>3</depth>
	</size>
	<segmented>0</segmented>
	<object>
		<name>elephant</name>
		<pose>Unspecified</pose>
		<truncated>0</truncated>
		<difficult>0</difficult>
		<occluded>0</occluded>
		<bndbox>
			<xmin>144</xmin>
			<xmax>499</xmax>
			<ymin>209</ymin>
			<ymax>393</ymax>
		</bndbox>
	</object>
</annotation>
