<annotation>
	<folder></folder>
	<filename>036_jpg.rf.f6660f3875013164386a1f9568f9bc25.jpg</filename>
	<path>036_jpg.rf.f6660f3875013164386a1f9568f9bc25.jpg</path>
	<source>
		<database>roboflow.ai</database>
	</source>
	<size>
		<width>640</width>
		<height>391</height>
		<depth>3</depth>
	</size>
	<segmented>0</segmented>
	<object>
		<name>rhino</name>
		<pose>Unspecified</pose>
		<truncated>0</truncated>
		<difficult>0</difficult>
		<occluded>0</occluded>
		<bndbox>
			<xmin>43</xmin>
			<xmax>288</xmax>
			<ymin>179</ymin>
			<ymax>357</ymax>
		</bndbox>
	</object>
	<object>
		<name>rhino</name>
		<pose>Unspecified</pose>
		<truncated>0</truncated>
		<difficult>0</difficult>
		<occluded>0</occluded>
		<bndbox>
			<xmin>307</xmin>
			<xmax>583</xmax>
			<ymin>51</ymin>
			<ymax>356</ymax>
		</bndbox>
	</object>
</annotation>
