<annotation>
	<folder></folder>
	<filename>039_8611c649_jpg.rf.14a2f92dd668298764ccc9df3c371b1d.jpg</filename>
	<path>039_8611c649_jpg.rf.14a2f92dd668298764ccc9df3c371b1d.jpg</path>
	<source>
		<database>roboflow.ai</database>
	</source>
	<size>
		<width>474</width>
		<height>588</height>
		<depth>3</depth>
	</size>
	<segmented>0</segmented>
	<object>
		<name>lion</name>
		<pose>Unspecified</pose>
		<truncated>0</truncated>
		<difficult>0</difficult>
		<occluded>0</occluded>
		<bndbox>
			<xmin>107</xmin>
			<xmax>370</xmax>
			<ymin>8</ymin>
			<ymax>558</ymax>
		</bndbox>
	</object>
</annotation>
