<annotation>
	<folder></folder>
	<filename>069_d227d053_jpg.rf.45815a8ec6f197288f5ecda8f4529b0b.jpg</filename>
	<path>069_d227d053_jpg.rf.45815a8ec6f197288f5ecda8f4529b0b.jpg</path>
	<source>
		<database>roboflow.ai</database>
	</source>
	<size>
		<width>474</width>
		<height>474</height>
		<depth>3</depth>
	</size>
	<segmented>0</segmented>
	<object>
		<name>lion</name>
		<pose>Unspecified</pose>
		<truncated>0</truncated>
		<difficult>0</difficult>
		<occluded>0</occluded>
		<bndbox>
			<xmin>65</xmin>
			<xmax>427</xmax>
			<ymin>82</ymin>
			<ymax>440</ymax>
		</bndbox>
	</object>
</annotation>
