<annotation>
	<folder></folder>
	<filename>010_ff79695c_jpg.rf.90a9b327f06bc4ab8a53a3a883d78cfe.jpg</filename>
	<path>010_ff79695c_jpg.rf.90a9b327f06bc4ab8a53a3a883d78cfe.jpg</path>
	<source>
		<database>roboflow.ai</database>
	</source>
	<size>
		<width>474</width>
		<height>474</height>
		<depth>3</depth>
	</size>
	<segmented>0</segmented>
	<object>
		<name>leopard</name>
		<pose>Unspecified</pose>
		<truncated>0</truncated>
		<difficult>0</difficult>
		<occluded>0</occluded>
		<bndbox>
			<xmin>1</xmin>
			<xmax>474</xmax>
			<ymin>32</ymin>
			<ymax>474</ymax>
		</bndbox>
	</object>
</annotation>
