<annotation>
	<folder></folder>
	<filename>014_jpg.rf.6c0f0c1463c1a0ae8917c4c165ce9ce1.jpg</filename>
	<path>014_jpg.rf.6c0f0c1463c1a0ae8917c4c165ce9ce1.jpg</path>
	<source>
		<database>roboflow.ai</database>
	</source>
	<size>
		<width>852</width>
		<height>480</height>
		<depth>3</depth>
	</size>
	<segmented>0</segmented>
	<object>
		<name>buffalo</name>
		<pose>Unspecified</pose>
		<truncated>0</truncated>
		<difficult>0</difficult>
		<occluded>0</occluded>
		<bndbox>
			<xmin>280</xmin>
			<xmax>534</xmax>
			<ymin>154</ymin>
			<ymax>348</ymax>
		</bndbox>
	</object>
</annotation>
