<annotation>
	<folder></folder>
	<filename>064_jpg.rf.79197dae8d09a2b0bc92f0a86c11b40e.jpg</filename>
	<path>064_jpg.rf.79197dae8d09a2b0bc92f0a86c11b40e.jpg</path>
	<source>
		<database>roboflow.ai</database>
	</source>
	<size>
		<width>253</width>
		<height>381</height>
		<depth>3</depth>
	</size>
	<segmented>0</segmented>
	<object>
		<name>rhino</name>
		<pose>Unspecified</pose>
		<truncated>0</truncated>
		<difficult>0</difficult>
		<occluded>0</occluded>
		<bndbox>
			<xmin>41</xmin>
			<xmax>252</xmax>
			<ymin>86</ymin>
			<ymax>349</ymax>
		</bndbox>
	</object>
</annotation>
