<annotation>
	<folder></folder>
	<filename>062_jpg.rf.423fa4199bddfac36e29dc8e68f64599.jpg</filename>
	<path>062_jpg.rf.423fa4199bddfac36e29dc8e68f64599.jpg</path>
	<source>
		<database>roboflow.ai</database>
	</source>
	<size>
		<width>640</width>
		<height>480</height>
		<depth>3</depth>
	</size>
	<segmented>0</segmented>
	<object>
		<name>elephant</name>
		<pose>Unspecified</pose>
		<truncated>0</truncated>
		<difficult>0</difficult>
		<occluded>0</occluded>
		<bndbox>
			<xmin>124</xmin>
			<xmax>330</xmax>
			<ymin>93</ymin>
			<ymax>342</ymax>
		</bndbox>
	</object>
	<object>
		<name>elephant</name>
		<pose>Unspecified</pose>
		<truncated>0</truncated>
		<difficult>0</difficult>
		<occluded>0</occluded>
		<bndbox>
			<xmin>305</xmin>
			<xmax>396</xmax>
			<ymin>123</ymin>
			<ymax>327</ymax>
		</bndbox>
	</object>
</annotation>
