<annotation>
	<folder></folder>
	<filename>042_jpg.rf.7fd84ebd52f454e0fe5e3437ce7380f3.jpg</filename>
	<path>042_jpg.rf.7fd84ebd52f454e0fe5e3437ce7380f3.jpg</path>
	<source>
		<database>roboflow.ai</database>
	</source>
	<size>
		<width>425</width>
		<height>288</height>
		<depth>3</depth>
	</size>
	<segmented>0</segmented>
	<object>
		<name>buffalo</name>
		<pose>Unspecified</pose>
		<truncated>0</truncated>
		<difficult>0</difficult>
		<occluded>0</occluded>
		<bndbox>
			<xmin>83</xmin>
			<xmax>425</xmax>
			<ymin>41</ymin>
			<ymax>289</ymax>
		</bndbox>
	</object>
</annotation>
