<annotation>
	<folder></folder>
	<filename>021_jpg.rf.9ebf3f79cdff31a03a795440fa943a6a.jpg</filename>
	<path>021_jpg.rf.9ebf3f79cdff31a03a795440fa943a6a.jpg</path>
	<source>
		<database>roboflow.ai</database>
	</source>
	<size>
		<width>200</width>
		<height>160</height>
		<depth>3</depth>
	</size>
	<segmented>0</segmented>
	<object>
		<name>buffalo</name>
		<pose>Unspecified</pose>
		<truncated>0</truncated>
		<difficult>0</difficult>
		<occluded>0</occluded>
		<bndbox>
			<xmin>12</xmin>
			<xmax>201</xmax>
			<ymin>6</ymin>
			<ymax>160</ymax>
		</bndbox>
	</object>
</annotation>
