<annotation>
	<folder></folder>
	<filename>057_27a4671a_jpg.rf.2e88531036d7805b1d9df8e224abd8c5.jpg</filename>
	<path>057_27a4671a_jpg.rf.2e88531036d7805b1d9df8e224abd8c5.jpg</path>
	<source>
		<database>roboflow.ai</database>
	</source>
	<size>
		<width>474</width>
		<height>474</height>
		<depth>3</depth>
	</size>
	<segmented>0</segmented>
	<object>
		<name>leopard</name>
		<pose>Unspecified</pose>
		<truncated>0</truncated>
		<difficult>0</difficult>
		<occluded>0</occluded>
		<bndbox>
			<xmin>185</xmin>
			<xmax>443</xmax>
			<ymin>83</ymin>
			<ymax>455</ymax>
		</bndbox>
	</object>
</annotation>
