<annotation>
	<folder></folder>
	<filename>078_jpg.rf.680211c153c881db402a42b77ba8c3b5.jpg</filename>
	<path>078_jpg.rf.680211c153c881db402a42b77ba8c3b5.jpg</path>
	<source>
		<database>roboflow.ai</database>
	</source>
	<size>
		<width>1200</width>
		<height>800</height>
		<depth>3</depth>
	</size>
	<segmented>0</segmented>
	<object>
		<name>rhino</name>
		<pose>Unspecified</pose>
		<truncated>0</truncated>
		<difficult>0</difficult>
		<occluded>0</occluded>
		<bndbox>
			<xmin>370</xmin>
			<xmax>1200</xmax>
			<ymin>109</ymin>
			<ymax>689</ymax>
		</bndbox>
	</object>
</annotation>
