<annotation>
	<folder></folder>
	<filename>029_2bc10290_jpg.rf.5929248ef67862d21df816c56d34733c.jpg</filename>
	<path>029_2bc10290_jpg.rf.5929248ef67862d21df816c56d34733c.jpg</path>
	<source>
		<database>roboflow.ai</database>
	</source>
	<size>
		<width>474</width>
		<height>450</height>
		<depth>3</depth>
	</size>
	<segmented>0</segmented>
	<object>
		<name>leopard</name>
		<pose>Unspecified</pose>
		<truncated>0</truncated>
		<difficult>0</difficult>
		<occluded>0</occluded>
		<bndbox>
			<xmin>138</xmin>
			<xmax>351</xmax>
			<ymin>152</ymin>
			<ymax>370</ymax>
		</bndbox>
	</object>
</annotation>
