<annotation>
	<folder></folder>
	<filename>069_jpg.rf.119c3f95235b741e41ad96c8cffc4995.jpg</filename>
	<path>069_jpg.rf.119c3f95235b741e41ad96c8cffc4995.jpg</path>
	<source>
		<database>roboflow.ai</database>
	</source>
	<size>
		<width>564</width>
		<height>375</height>
		<depth>3</depth>
	</size>
	<segmented>0</segmented>
	<object>
		<name>rhino</name>
		<pose>Unspecified</pose>
		<truncated>0</truncated>
		<difficult>0</difficult>
		<occluded>0</occluded>
		<bndbox>
			<xmin>2</xmin>
			<xmax>478</xmax>
			<ymin>2</ymin>
			<ymax>350</ymax>
		</bndbox>
	</object>
</annotation>
