<annotation>
	<folder></folder>
	<filename>085_ddb88e5a_jpg.rf.5d51f72465f52ae46bc0103552f6bc0d.jpg</filename>
	<path>085_ddb88e5a_jpg.rf.5d51f72465f52ae46bc0103552f6bc0d.jpg</path>
	<source>
		<database>roboflow.ai</database>
	</source>
	<size>
		<width>474</width>
		<height>562</height>
		<depth>3</depth>
	</size>
	<segmented>0</segmented>
	<object>
		<name>lion</name>
		<pose>Unspecified</pose>
		<truncated>0</truncated>
		<difficult>0</difficult>
		<occluded>0</occluded>
		<bndbox>
			<xmin>36</xmin>
			<xmax>457</xmax>
			<ymin>20</ymin>
			<ymax>529</ymax>
		</bndbox>
	</object>
</annotation>
