<annotation>
	<folder></folder>
	<filename>087_jpg.rf.0bb8b711164d105c5da231e84969d562.jpg</filename>
	<path>087_jpg.rf.0bb8b711164d105c5da231e84969d562.jpg</path>
	<source>
		<database>roboflow.ai</database>
	</source>
	<size>
		<width>860</width>
		<height>573</height>
		<depth>3</depth>
	</size>
	<segmented>0</segmented>
	<object>
		<name>rhino</name>
		<pose>Unspecified</pose>
		<truncated>0</truncated>
		<difficult>0</difficult>
		<occluded>0</occluded>
		<bndbox>
			<xmin>2</xmin>
			<xmax>601</xmax>
			<ymin>2</ymin>
			<ymax>496</ymax>
		</bndbox>
	</object>
	<object>
		<name>rhino</name>
		<pose>Unspecified</pose>
		<truncated>0</truncated>
		<difficult>0</difficult>
		<occluded>0</occluded>
		<bndbox>
			<xmin>320</xmin>
			<xmax>726</xmax>
			<ymin>107</ymin>
			<ymax>408</ymax>
		</bndbox>
	</object>
</annotation>
