<annotation>
	<folder></folder>
	<filename>096_3852ad39_jpg.rf.64da00e15936cc4e27ddb8815a2d1190.jpg</filename>
	<path>096_3852ad39_jpg.rf.64da00e15936cc4e27ddb8815a2d1190.jpg</path>
	<source>
		<database>roboflow.ai</database>
	</source>
	<size>
		<width>474</width>
		<height>575</height>
		<depth>3</depth>
	</size>
	<segmented>0</segmented>
	<object>
		<name>lion</name>
		<pose>Unspecified</pose>
		<truncated>0</truncated>
		<difficult>0</difficult>
		<occluded>0</occluded>
		<bndbox>
			<xmin>1</xmin>
			<xmax>474</xmax>
			<ymin>1</ymin>
			<ymax>575</ymax>
		</bndbox>
	</object>
</annotation>
