<annotation>
	<folder></folder>
	<filename>013_jpg.rf.2659200893e86622a60f3d2a16e8985f.jpg</filename>
	<path>013_jpg.rf.2659200893e86622a60f3d2a16e8985f.jpg</path>
	<source>
		<database>roboflow.ai</database>
	</source>
	<size>
		<width>627</width>
		<height>418</height>
		<depth>3</depth>
	</size>
	<segmented>0</segmented>
	<object>
		<name>rhino</name>
		<pose>Unspecified</pose>
		<truncated>0</truncated>
		<difficult>0</difficult>
		<occluded>0</occluded>
		<bndbox>
			<xmin>366</xmin>
			<xmax>621</xmax>
			<ymin>112</ymin>
			<ymax>346</ymax>
		</bndbox>
	</object>
	<object>
		<name>rhino</name>
		<pose>Unspecified</pose>
		<truncated>0</truncated>
		<difficult>0</difficult>
		<occluded>0</occluded>
		<bndbox>
			<xmin>6</xmin>
			<xmax>391</xmax>
			<ymin>135</ymin>
			<ymax>350</ymax>
		</bndbox>
	</object>
</annotation>
