<annotation>
	<folder></folder>
	<filename>069_jpg.rf.af63014d00aa68b98b62d083227d2879.jpg</filename>
	<path>069_jpg.rf.af63014d00aa68b98b62d083227d2879.jpg</path>
	<source>
		<database>roboflow.ai</database>
	</source>
	<size>
		<width>227</width>
		<height>150</height>
		<depth>3</depth>
	</size>
	<segmented>0</segmented>
	<object>
		<name>buffalo</name>
		<pose>Unspecified</pose>
		<truncated>0</truncated>
		<difficult>0</difficult>
		<occluded>0</occluded>
		<bndbox>
			<xmin>2</xmin>
			<xmax>218</xmax>
			<ymin>25</ymin>
			<ymax>145</ymax>
		</bndbox>
	</object>
</annotation>
