<annotation>
	<folder></folder>
	<filename>042_f7bd4f26_jpg.rf.ac469df80217749cad4c148bf6d161fe.jpg</filename>
	<path>042_f7bd4f26_jpg.rf.ac469df80217749cad4c148bf6d161fe.jpg</path>
	<source>
		<database>roboflow.ai</database>
	</source>
	<size>
		<width>474</width>
		<height>398</height>
		<depth>3</depth>
	</size>
	<segmented>0</segmented>
	<object>
		<name>lion</name>
		<pose>Unspecified</pose>
		<truncated>0</truncated>
		<difficult>0</difficult>
		<occluded>0</occluded>
		<bndbox>
			<xmin>100</xmin>
			<xmax>433</xmax>
			<ymin>15</ymin>
			<ymax>398</ymax>
		</bndbox>
	</object>
</annotation>
