<annotation>
	<folder></folder>
	<filename>031_f23e85d9_jpg.rf.696f18aca80941c914bfc76ec7d731f8.jpg</filename>
	<path>031_f23e85d9_jpg.rf.696f18aca80941c914bfc76ec7d731f8.jpg</path>
	<source>
		<database>roboflow.ai</database>
	</source>
	<size>
		<width>474</width>
		<height>474</height>
		<depth>3</depth>
	</size>
	<segmented>0</segmented>
	<object>
		<name>leopard</name>
		<pose>Unspecified</pose>
		<truncated>0</truncated>
		<difficult>0</difficult>
		<occluded>0</occluded>
		<bndbox>
			<xmin>1</xmin>
			<xmax>446</xmax>
			<ymin>1</ymin>
			<ymax>433</ymax>
		</bndbox>
	</object>
</annotation>
