<annotation>
	<folder></folder>
	<filename>010_jpg.rf.7b24ba657b8831b599c895f102a6b2da.jpg</filename>
	<path>010_jpg.rf.7b24ba657b8831b599c895f102a6b2da.jpg</path>
	<source>
		<database>roboflow.ai</database>
	</source>
	<size>
		<width>300</width>
		<height>400</height>
		<depth>3</depth>
	</size>
	<segmented>0</segmented>
	<object>
		<name>buffalo</name>
		<pose>Unspecified</pose>
		<truncated>0</truncated>
		<difficult>0</difficult>
		<occluded>0</occluded>
		<bndbox>
			<xmin>64</xmin>
			<xmax>184</xmax>
			<ymin>88</ymin>
			<ymax>241</ymax>
		</bndbox>
	</object>
</annotation>
