<annotation>
	<folder></folder>
	<filename>083_jpg.rf.e018a8f703fbc085ecbd8ea031dab5c6.jpg</filename>
	<path>083_jpg.rf.e018a8f703fbc085ecbd8ea031dab5c6.jpg</path>
	<source>
		<database>roboflow.ai</database>
	</source>
	<size>
		<width>640</width>
		<height>415</height>
		<depth>3</depth>
	</size>
	<segmented>0</segmented>
	<object>
		<name>elephant</name>
		<pose>Unspecified</pose>
		<truncated>0</truncated>
		<difficult>0</difficult>
		<occluded>0</occluded>
		<bndbox>
			<xmin>77</xmin>
			<xmax>437</xmax>
			<ymin>62</ymin>
			<ymax>379</ymax>
		</bndbox>
	</object>
</annotation>
