<annotation>
	<folder></folder>
	<filename>066_jpg.rf.b9b9cbf99764572addd0554413525393.jpg</filename>
	<path>066_jpg.rf.b9b9cbf99764572addd0554413525393.jpg</path>
	<source>
		<database>roboflow.ai</database>
	</source>
	<size>
		<width>480</width>
		<height>640</height>
		<depth>3</depth>
	</size>
	<segmented>0</segmented>
	<object>
		<name>elephant</name>
		<pose>Unspecified</pose>
		<truncated>0</truncated>
		<difficult>0</difficult>
		<occluded>0</occluded>
		<bndbox>
			<xmin>170</xmin>
			<xmax>426</xmax>
			<ymin>277</ymin>
			<ymax>640</ymax>
		</bndbox>
	</object>
</annotation>
