<annotation>
	<folder></folder>
	<filename>100_9c877fac_jpg.rf.d7c4ebe0799a45e4107f4b65ab09733d.jpg</filename>
	<path>100_9c877fac_jpg.rf.d7c4ebe0799a45e4107f4b65ab09733d.jpg</path>
	<source>
		<database>roboflow.ai</database>
	</source>
	<size>
		<width>474</width>
		<height>564</height>
		<depth>3</depth>
	</size>
	<segmented>0</segmented>
	<object>
		<name>leopard</name>
		<pose>Unspecified</pose>
		<truncated>0</truncated>
		<difficult>0</difficult>
		<occluded>0</occluded>
		<bndbox>
			<xmin>13</xmin>
			<xmax>395</xmax>
			<ymin>125</ymin>
			<ymax>470</ymax>
		</bndbox>
	</object>
</annotation>
