<annotation>
	<folder></folder>
	<filename>001_jpg.rf.e807288c570360a1455b32d6f52d9118.jpg</filename>
	<path>001_jpg.rf.e807288c570360a1455b32d6f52d9118.jpg</path>
	<source>
		<database>roboflow.ai</database>
	</source>
	<size>
		<width>591</width>
		<height>640</height>
		<depth>3</depth>
	</size>
	<segmented>0</segmented>
	<object>
		<name>elephant</name>
		<pose>Unspecified</pose>
		<truncated>0</truncated>
		<difficult>0</difficult>
		<occluded>0</occluded>
		<bndbox>
			<xmin>156</xmin>
			<xmax>592</xmax>
			<ymin>176</ymin>
			<ymax>640</ymax>
		</bndbox>
	</object>
	<object>
		<name>elephant</name>
		<pose>Unspecified</pose>
		<truncated>0</truncated>
		<difficult>0</difficult>
		<occluded>0</occluded>
		<bndbox>
			<xmin>2</xmin>
			<xmax>393</xmax>
			<ymin>11</ymin>
			<ymax>605</ymax>
		</bndbox>
	</object>
</annotation>
