<annotation>
	<folder></folder>
	<filename>045_b26ec8ab_jpg.rf.79eb66e80aad00e24541bb61862beb12.jpg</filename>
	<path>045_b26ec8ab_jpg.rf.79eb66e80aad00e24541bb61862beb12.jpg</path>
	<source>
		<database>roboflow.ai</database>
	</source>
	<size>
		<width>474</width>
		<height>591</height>
		<depth>3</depth>
	</size>
	<segmented>0</segmented>
	<object>
		<name>leopard</name>
		<pose>Unspecified</pose>
		<truncated>0</truncated>
		<difficult>0</difficult>
		<occluded>0</occluded>
		<bndbox>
			<xmin>94</xmin>
			<xmax>474</xmax>
			<ymin>98</ymin>
			<ymax>558</ymax>
		</bndbox>
	</object>
</annotation>
