<annotation>
	<folder></folder>
	<filename>060_jpg.rf.39f5b038a1d91121272ffeb33f6a5a6a.jpg</filename>
	<path>060_jpg.rf.39f5b038a1d91121272ffeb33f6a5a6a.jpg</path>
	<source>
		<database>roboflow.ai</database>
	</source>
	<size>
		<width>1000</width>
		<height>665</height>
		<depth>3</depth>
	</size>
	<segmented>0</segmented>
	<object>
		<name>rhino</name>
		<pose>Unspecified</pose>
		<truncated>0</truncated>
		<difficult>0</difficult>
		<occluded>0</occluded>
		<bndbox>
			<xmin>299</xmin>
			<xmax>749</xmax>
			<ymin>353</ymin>
			<ymax>576</ymax>
		</bndbox>
	</object>
</annotation>
