<annotation>
	<folder></folder>
	<filename>091_jpg.rf.88165174f468aa1f95a7d63c7a79ea08.jpg</filename>
	<path>091_jpg.rf.88165174f468aa1f95a7d63c7a79ea08.jpg</path>
	<source>
		<database>roboflow.ai</database>
	</source>
	<size>
		<width>640</width>
		<height>640</height>
		<depth>3</depth>
	</size>
	<segmented>0</segmented>
	<object>
		<name>elephant</name>
		<pose>Unspecified</pose>
		<truncated>0</truncated>
		<difficult>0</difficult>
		<occluded>0</occluded>
		<bndbox>
			<xmin>14</xmin>
			<xmax>640</xmax>
			<ymin>2</ymin>
			<ymax>625</ymax>
		</bndbox>
	</object>
</annotation>
