<annotation>
	<folder></folder>
	<filename>024_jpg.rf.eda76b014f32fab8e4195b34c61ff960.jpg</filename>
	<path>024_jpg.rf.eda76b014f32fab8e4195b34c61ff960.jpg</path>
	<source>
		<database>roboflow.ai</database>
	</source>
	<size>
		<width>590</width>
		<height>393</height>
		<depth>3</depth>
	</size>
	<segmented>0</segmented>
	<object>
		<name>rhino</name>
		<pose>Unspecified</pose>
		<truncated>0</truncated>
		<difficult>0</difficult>
		<occluded>0</occluded>
		<bndbox>
			<xmin>28</xmin>
			<xmax>191</xmax>
			<ymin>80</ymin>
			<ymax>265</ymax>
		</bndbox>
	</object>
	<object>
		<name>rhino</name>
		<pose>Unspecified</pose>
		<truncated>0</truncated>
		<difficult>0</difficult>
		<occluded>0</occluded>
		<bndbox>
			<xmin>208</xmin>
			<xmax>585</xmax>
			<ymin>50</ymin>
			<ymax>304</ymax>
		</bndbox>
	</object>
</annotation>
