<annotation>
	<folder></folder>
	<filename>098_jpg.rf.24b6f72a2cd1dc3eb51165d0dc395500.jpg</filename>
	<path>098_jpg.rf.24b6f72a2cd1dc3eb51165d0dc395500.jpg</path>
	<source>
		<database>roboflow.ai</database>
	</source>
	<size>
		<width>1024</width>
		<height>681</height>
		<depth>3</depth>
	</size>
	<segmented>0</segmented>
	<object>
		<name>rhino</name>
		<pose>Unspecified</pose>
		<truncated>0</truncated>
		<difficult>0</difficult>
		<occluded>0</occluded>
		<bndbox>
			<xmin>2</xmin>
			<xmax>776</xmax>
			<ymin>2</ymin>
			<ymax>576</ymax>
		</bndbox>
	</object>
</annotation>
