<annotation>
	<folder></folder>
	<filename>099_jpg.rf.23a6acdd09b01e206268faa436a558a4.jpg</filename>
	<path>099_jpg.rf.23a6acdd09b01e206268faa436a558a4.jpg</path>
	<source>
		<database>roboflow.ai</database>
	</source>
	<size>
		<width>800</width>
		<height>600</height>
		<depth>3</depth>
	</size>
	<segmented>0</segmented>
	<object>
		<name>rhino</name>
		<pose>Unspecified</pose>
		<truncated>0</truncated>
		<difficult>0</difficult>
		<occluded>0</occluded>
		<bndbox>
			<xmin>54</xmin>
			<xmax>485</xmax>
			<ymin>309</ymin>
			<ymax>535</ymax>
		</bndbox>
	</object>
	<object>
		<name>rhino</name>
		<pose>Unspecified</pose>
		<truncated>0</truncated>
		<difficult>0</difficult>
		<occluded>0</occluded>
		<bndbox>
			<xmin>2</xmin>
			<xmax>790</xmax>
			<ymin>12</ymin>
			<ymax>504</ymax>
		</bndbox>
	</object>
</annotation>
