<annotation>
	<folder></folder>
	<filename>054_jpg.rf.36e5c0317742cc6ae62833de0566f10d.jpg</filename>
	<path>054_jpg.rf.36e5c0317742cc6ae62833de0566f10d.jpg</path>
	<source>
		<database>roboflow.ai</database>
	</source>
	<size>
		<width>640</width>
		<height>480</height>
		<depth>3</depth>
	</size>
	<segmented>0</segmented>
	<object>
		<name>elephant</name>
		<pose>Unspecified</pose>
		<truncated>0</truncated>
		<difficult>0</difficult>
		<occluded>0</occluded>
		<bndbox>
			<xmin>458</xmin>
			<xmax>527</xmax>
			<ymin>69</ymin>
			<ymax>169</ymax>
		</bndbox>
	</object>
	<object>
		<name>elephant</name>
		<pose>Unspecified</pose>
		<truncated>0</truncated>
		<difficult>0</difficult>
		<occluded>0</occluded>
		<bndbox>
			<xmin>130</xmin>
			<xmax>394</xmax>
			<ymin>203</ymin>
			<ymax>382</ymax>
		</bndbox>
	</object>
</annotation>
