<annotation>
	<folder></folder>
	<filename>024_632ba173_jpg.rf.020bfb2e45afe44c5fa2df65726e5c51.jpg</filename>
	<path>024_632ba173_jpg.rf.020bfb2e45afe44c5fa2df65726e5c51.jpg</path>
	<source>
		<database>roboflow.ai</database>
	</source>
	<size>
		<width>474</width>
		<height>539</height>
		<depth>3</depth>
	</size>
	<segmented>0</segmented>
	<object>
		<name>leopard</name>
		<pose>Unspecified</pose>
		<truncated>0</truncated>
		<difficult>0</difficult>
		<occluded>0</occluded>
		<bndbox>
			<xmin>119</xmin>
			<xmax>474</xmax>
			<ymin>124</ymin>
			<ymax>501</ymax>
		</bndbox>
	</object>
</annotation>
