<annotation>
	<folder></folder>
	<filename>055_jpg.rf.0114da1912169f81c3bfb9c45da48ed5.jpg</filename>
	<path>055_jpg.rf.0114da1912169f81c3bfb9c45da48ed5.jpg</path>
	<source>
		<database>roboflow.ai</database>
	</source>
	<size>
		<width>150</width>
		<height>99</height>
		<depth>3</depth>
	</size>
	<segmented>0</segmented>
	<object>
		<name>rhino</name>
		<pose>Unspecified</pose>
		<truncated>0</truncated>
		<difficult>0</difficult>
		<occluded>0</occluded>
		<bndbox>
			<xmin>24</xmin>
			<xmax>69</xmax>
			<ymin>46</ymin>
			<ymax>68</ymax>
		</bndbox>
	</object>
	<object>
		<name>rhino</name>
		<pose>Unspecified</pose>
		<truncated>0</truncated>
		<difficult>0</difficult>
		<occluded>0</occluded>
		<bndbox>
			<xmin>74</xmin>
			<xmax>124</xmax>
			<ymin>44</ymin>
			<ymax>68</ymax>
		</bndbox>
	</object>
</annotation>
