<annotation>
	<folder></folder>
	<filename>033_29965301_jpg.rf.75b0122181de039eb24579bba65945b8.jpg</filename>
	<path>033_29965301_jpg.rf.75b0122181de039eb24579bba65945b8.jpg</path>
	<source>
		<database>roboflow.ai</database>
	</source>
	<size>
		<width>474</width>
		<height>474</height>
		<depth>3</depth>
	</size>
	<segmented>0</segmented>
	<object>
		<name>leopard</name>
		<pose>Unspecified</pose>
		<truncated>0</truncated>
		<difficult>0</difficult>
		<occluded>0</occluded>
		<bndbox>
			<xmin>122</xmin>
			<xmax>342</xmax>
			<ymin>135</ymin>
			<ymax>425</ymax>
		</bndbox>
	</object>
</annotation>
