<annotation>
	<folder></folder>
	<filename>009_6639bba8_jpg.rf.03b588dc28fb98fb383a9d44bce2e339.jpg</filename>
	<path>009_6639bba8_jpg.rf.03b588dc28fb98fb383a9d44bce2e339.jpg</path>
	<source>
		<database>roboflow.ai</database>
	</source>
	<size>
		<width>474</width>
		<height>450</height>
		<depth>3</depth>
	</size>
	<segmented>0</segmented>
	<object>
		<name>lion</name>
		<pose>Unspecified</pose>
		<truncated>0</truncated>
		<difficult>0</difficult>
		<occluded>0</occluded>
		<bndbox>
			<xmin>10</xmin>
			<xmax>474</xmax>
			<ymin>1</ymin>
			<ymax>450</ymax>
		</bndbox>
	</object>
</annotation>
