<annotation>
	<folder></folder>
	<filename>082_jpg.rf.e374ebe987024313d24126ab5d0d8cb8.jpg</filename>
	<path>082_jpg.rf.e374ebe987024313d24126ab5d0d8cb8.jpg</path>
	<source>
		<database>roboflow.ai</database>
	</source>
	<size>
		<width>1728</width>
		<height>1152</height>
		<depth>3</depth>
	</size>
	<segmented>0</segmented>
	<object>
		<name>buffalo</name>
		<pose>Unspecified</pose>
		<truncated>0</truncated>
		<difficult>0</difficult>
		<occluded>0</occluded>
		<bndbox>
			<xmin>131</xmin>
			<xmax>1627</xmax>
			<ymin>192</ymin>
			<ymax>1152</ymax>
		</bndbox>
	</object>
</annotation>
