<annotation>
	<folder></folder>
	<filename>073_c7c7ee6e_jpg.rf.5a5381b259b69a1047f72e53f9f9e60c.jpg</filename>
	<path>073_c7c7ee6e_jpg.rf.5a5381b259b69a1047f72e53f9f9e60c.jpg</path>
	<source>
		<database>roboflow.ai</database>
	</source>
	<size>
		<width>474</width>
		<height>416</height>
		<depth>3</depth>
	</size>
	<segmented>0</segmented>
	<object>
		<name>lion</name>
		<pose>Unspecified</pose>
		<truncated>0</truncated>
		<difficult>0</difficult>
		<occluded>0</occluded>
		<bndbox>
			<xmin>6</xmin>
			<xmax>451</xmax>
			<ymin>57</ymin>
			<ymax>378</ymax>
		</bndbox>
	</object>
</annotation>
