<annotation>
	<folder></folder>
	<filename>072_dca96fcd_jpg.rf.44d8c9dac357d004668e5b5f1ead603a.jpg</filename>
	<path>072_dca96fcd_jpg.rf.44d8c9dac357d004668e5b5f1ead603a.jpg</path>
	<source>
		<database>roboflow.ai</database>
	</source>
	<size>
		<width>474</width>
		<height>531</height>
		<depth>3</depth>
	</size>
	<segmented>0</segmented>
	<object>
		<name>lion</name>
		<pose>Unspecified</pose>
		<truncated>0</truncated>
		<difficult>0</difficult>
		<occluded>0</occluded>
		<bndbox>
			<xmin>1</xmin>
			<xmax>474</xmax>
			<ymin>1</ymin>
			<ymax>531</ymax>
		</bndbox>
	</object>
</annotation>
