<annotation>
	<folder></folder>
	<filename>016_4c49d0b7_jpg.rf.ccde54c13520b6a3430e13566268d86d.jpg</filename>
	<path>016_4c49d0b7_jpg.rf.ccde54c13520b6a3430e13566268d86d.jpg</path>
	<source>
		<database>roboflow.ai</database>
	</source>
	<size>
		<width>474</width>
		<height>474</height>
		<depth>3</depth>
	</size>
	<segmented>0</segmented>
	<object>
		<name>leopard</name>
		<pose>Unspecified</pose>
		<truncated>0</truncated>
		<difficult>0</difficult>
		<occluded>0</occluded>
		<bndbox>
			<xmin>1</xmin>
			<xmax>474</xmax>
			<ymin>106</ymin>
			<ymax>329</ymax>
		</bndbox>
	</object>
</annotation>
