<annotation>
	<folder></folder>
	<filename>041_5624aa74_jpg.rf.98e659f0595e76a789c31244f4aa31e1.jpg</filename>
	<path>041_5624aa74_jpg.rf.98e659f0595e76a789c31244f4aa31e1.jpg</path>
	<source>
		<database>roboflow.ai</database>
	</source>
	<size>
		<width>474</width>
		<height>592</height>
		<depth>3</depth>
	</size>
	<segmented>0</segmented>
	<object>
		<name>lion</name>
		<pose>Unspecified</pose>
		<truncated>0</truncated>
		<difficult>0</difficult>
		<occluded>0</occluded>
		<bndbox>
			<xmin>67</xmin>
			<xmax>204</xmax>
			<ymin>97</ymin>
			<ymax>313</ymax>
		</bndbox>
	</object>
	<object>
		<name>lion</name>
		<pose>Unspecified</pose>
		<truncated>0</truncated>
		<difficult>0</difficult>
		<occluded>0</occluded>
		<bndbox>
			<xmin>150</xmin>
			<xmax>283</xmax>
			<ymin>136</ymin>
			<ymax>428</ymax>
		</bndbox>
	</object>
	<object>
		<name>lion</name>
		<pose>Unspecified</pose>
		<truncated>0</truncated>
		<difficult>0</difficult>
		<occluded>0</occluded>
		<bndbox>
			<xmin>229</xmin>
			<xmax>390</xmax>
			<ymin>186</ymin>
			<ymax>492</ymax>
		</bndbox>
	</object>
</annotation>
