<annotation>
	<folder></folder>
	<filename>071_jpg.rf.2b45f739e7163ccba66198641d3ec172.jpg</filename>
	<path>071_jpg.rf.2b45f739e7163ccba66198641d3ec172.jpg</path>
	<source>
		<database>roboflow.ai</database>
	</source>
	<size>
		<width>640</width>
		<height>425</height>
		<depth>3</depth>
	</size>
	<segmented>0</segmented>
	<object>
		<name>elephant</name>
		<pose>Unspecified</pose>
		<truncated>0</truncated>
		<difficult>0</difficult>
		<occluded>0</occluded>
		<bndbox>
			<xmin>245</xmin>
			<xmax>501</xmax>
			<ymin>198</ymin>
			<ymax>367</ymax>
		</bndbox>
	</object>
	<object>
		<name>elephant</name>
		<pose>Unspecified</pose>
		<truncated>0</truncated>
		<difficult>0</difficult>
		<occluded>0</occluded>
		<bndbox>
			<xmin>179</xmin>
			<xmax>284</xmax>
			<ymin>179</ymin>
			<ymax>272</ymax>
		</bndbox>
	</object>
	<object>
		<name>elephant</name>
		<pose>Unspecified</pose>
		<truncated>0</truncated>
		<difficult>0</difficult>
		<occluded>0</occluded>
		<bndbox>
			<xmin>2</xmin>
			<xmax>98</xmax>
			<ymin>178</ymin>
			<ymax>298</ymax>
		</bndbox>
	</object>
</annotation>
