<annotation>
	<folder></folder>
	<filename>048_jpg.rf.bd51bd9e2662415811b294a5076b0996.jpg</filename>
	<path>048_jpg.rf.bd51bd9e2662415811b294a5076b0996.jpg</path>
	<source>
		<database>roboflow.ai</database>
	</source>
	<size>
		<width>1024</width>
		<height>681</height>
		<depth>3</depth>
	</size>
	<segmented>0</segmented>
	<object>
		<name>buffalo</name>
		<pose>Unspecified</pose>
		<truncated>0</truncated>
		<difficult>0</difficult>
		<occluded>0</occluded>
		<bndbox>
			<xmin>219</xmin>
			<xmax>742</xmax>
			<ymin>143</ymin>
			<ymax>632</ymax>
		</bndbox>
	</object>
</annotation>
