<annotation>
	<folder></folder>
	<filename>001_jpg.rf.3aa3f765a3682bb7215e7f887d7d96a5.jpg</filename>
	<path>001_jpg.rf.3aa3f765a3682bb7215e7f887d7d96a5.jpg</path>
	<source>
		<database>roboflow.ai</database>
	</source>
	<size>
		<width>816</width>
		<height>459</height>
		<depth>3</depth>
	</size>
	<segmented>0</segmented>
	<object>
		<name>rhino</name>
		<pose>Unspecified</pose>
		<truncated>0</truncated>
		<difficult>0</difficult>
		<occluded>0</occluded>
		<bndbox>
			<xmin>237</xmin>
			<xmax>545</xmax>
			<ymin>45</ymin>
			<ymax>449</ymax>
		</bndbox>
	</object>
	<object>
		<name>rhino</name>
		<pose>Unspecified</pose>
		<truncated>0</truncated>
		<difficult>0</difficult>
		<occluded>0</occluded>
		<bndbox>
			<xmin>508</xmin>
			<xmax>643</xmax>
			<ymin>230</ymin>
			<ymax>447</ymax>
		</bndbox>
	</object>
</annotation>
