<annotation>
	<folder></folder>
	<filename>058_jpg.rf.0fe897e2dea15e72ba7fcac2e8bc000d.jpg</filename>
	<path>058_jpg.rf.0fe897e2dea15e72ba7fcac2e8bc000d.jpg</path>
	<source>
		<database>roboflow.ai</database>
	</source>
	<size>
		<width>585</width>
		<height>640</height>
		<depth>3</depth>
	</size>
	<segmented>0</segmented>
	<object>
		<name>elephant</name>
		<pose>Unspecified</pose>
		<truncated>0</truncated>
		<difficult>0</difficult>
		<occluded>0</occluded>
		<bndbox>
			<xmin>294</xmin>
			<xmax>585</xmax>
			<ymin>30</ymin>
			<ymax>478</ymax>
		</bndbox>
	</object>
	<object>
		<name>elephant</name>
		<pose>Unspecified</pose>
		<truncated>0</truncated>
		<difficult>0</difficult>
		<occluded>0</occluded>
		<bndbox>
			<xmin>12</xmin>
			<xmax>495</xmax>
			<ymin>127</ymin>
			<ymax>584</ymax>
		</bndbox>
	</object>
</annotation>
