<annotation>
	<folder></folder>
	<filename>028_365460cc_jpg.rf.68cd7da1e1a31fd8976ff52f112e5344.jpg</filename>
	<path>028_365460cc_jpg.rf.68cd7da1e1a31fd8976ff52f112e5344.jpg</path>
	<source>
		<database>roboflow.ai</database>
	</source>
	<size>
		<width>474</width>
		<height>592</height>
		<depth>3</depth>
	</size>
	<segmented>0</segmented>
	<object>
		<name>lion</name>
		<pose>Unspecified</pose>
		<truncated>0</truncated>
		<difficult>0</difficult>
		<occluded>0</occluded>
		<bndbox>
			<xmin>40</xmin>
			<xmax>474</xmax>
			<ymin>80</ymin>
			<ymax>592</ymax>
		</bndbox>
	</object>
</annotation>
