<annotation>
	<folder></folder>
	<filename>096_jpg.rf.09f34634ed580e5b26f4762687424489.jpg</filename>
	<path>096_jpg.rf.09f34634ed580e5b26f4762687424489.jpg</path>
	<source>
		<database>roboflow.ai</database>
	</source>
	<size>
		<width>457</width>
		<height>640</height>
		<depth>3</depth>
	</size>
	<segmented>0</segmented>
	<object>
		<name>elephant</name>
		<pose>Unspecified</pose>
		<truncated>0</truncated>
		<difficult>0</difficult>
		<occluded>0</occluded>
		<bndbox>
			<xmin>43</xmin>
			<xmax>325</xmax>
			<ymin>194</ymin>
			<ymax>612</ymax>
		</bndbox>
	</object>
</annotation>
