<annotation>
	<folder></folder>
	<filename>037_jpg.rf.82899f3fa9f7a947fee70562bba51fe8.jpg</filename>
	<path>037_jpg.rf.82899f3fa9f7a947fee70562bba51fe8.jpg</path>
	<source>
		<database>roboflow.ai</database>
	</source>
	<size>
		<width>640</width>
		<height>408</height>
		<depth>3</depth>
	</size>
	<segmented>0</segmented>
	<object>
		<name>elephant</name>
		<pose>Unspecified</pose>
		<truncated>0</truncated>
		<difficult>0</difficult>
		<occluded>0</occluded>
		<bndbox>
			<xmin>267</xmin>
			<xmax>572</xmax>
			<ymin>123</ymin>
			<ymax>372</ymax>
		</bndbox>
	</object>
	<object>
		<name>elephant</name>
		<pose>Unspecified</pose>
		<truncated>0</truncated>
		<difficult>0</difficult>
		<occluded>0</occluded>
		<bndbox>
			<xmin>16</xmin>
			<xmax>334</xmax>
			<ymin>133</ymin>
			<ymax>375</ymax>
		</bndbox>
	</object>
</annotation>
