<annotation>
	<folder></folder>
	<filename>071_50cd9467_jpg.rf.b7bcd9129ebba25c5ce434077996216a.jpg</filename>
	<path>071_50cd9467_jpg.rf.b7bcd9129ebba25c5ce434077996216a.jpg</path>
	<source>
		<database>roboflow.ai</database>
	</source>
	<size>
		<width>474</width>
		<height>474</height>
		<depth>3</depth>
	</size>
	<segmented>0</segmented>
	<object>
		<name>lion</name>
		<pose>Unspecified</pose>
		<truncated>0</truncated>
		<difficult>0</difficult>
		<occluded>0</occluded>
		<bndbox>
			<xmin>1</xmin>
			<xmax>452</xmax>
			<ymin>113</ymin>
			<ymax>474</ymax>
		</bndbox>
	</object>
</annotation>
