<annotation>
	<folder></folder>
	<filename>005_2777e570_jpg.rf.5f6efcc2c0b660b6349421c7093be801.jpg</filename>
	<path>005_2777e570_jpg.rf.5f6efcc2c0b660b6349421c7093be801.jpg</path>
	<source>
		<database>roboflow.ai</database>
	</source>
	<size>
		<width>474</width>
		<height>474</height>
		<depth>3</depth>
	</size>
	<segmented>0</segmented>
	<object>
		<name>lion</name>
		<pose>Unspecified</pose>
		<truncated>0</truncated>
		<difficult>0</difficult>
		<occluded>0</occluded>
		<bndbox>
			<xmin>81</xmin>
			<xmax>284</xmax>
			<ymin>154</ymin>
			<ymax>474</ymax>
		</bndbox>
	</object>
</annotation>
