<annotation>
	<folder></folder>
	<filename>048_jpg.rf.aa33e0bfab2e8f9b5714d91d3ae996a8.jpg</filename>
	<path>048_jpg.rf.aa33e0bfab2e8f9b5714d91d3ae996a8.jpg</path>
	<source>
		<database>roboflow.ai</database>
	</source>
	<size>
		<width>427</width>
		<height>640</height>
		<depth>3</depth>
	</size>
	<segmented>0</segmented>
	<object>
		<name>elephant</name>
		<pose>Unspecified</pose>
		<truncated>0</truncated>
		<difficult>0</difficult>
		<occluded>0</occluded>
		<bndbox>
			<xmin>27</xmin>
			<xmax>419</xmax>
			<ymin>224</ymin>
			<ymax>509</ymax>
		</bndbox>
	</object>
</annotation>
