<annotation>
	<folder></folder>
	<filename>069_jpg.rf.820c9b468e899a5b5636d9d209b3153e.jpg</filename>
	<path>069_jpg.rf.820c9b468e899a5b5636d9d209b3153e.jpg</path>
	<source>
		<database>roboflow.ai</database>
	</source>
	<size>
		<width>640</width>
		<height>480</height>
		<depth>3</depth>
	</size>
	<segmented>0</segmented>
	<object>
		<name>elephant</name>
		<pose>Unspecified</pose>
		<truncated>0</truncated>
		<difficult>0</difficult>
		<occluded>0</occluded>
		<bndbox>
			<xmin>191</xmin>
			<xmax>577</xmax>
			<ymin>144</ymin>
			<ymax>480</ymax>
		</bndbox>
	</object>
</annotation>
