<annotation>
	<folder></folder>
	<filename>023_jpg.rf.fa2cc5f40cec45175240334a167da29b.jpg</filename>
	<path>023_jpg.rf.fa2cc5f40cec45175240334a167da29b.jpg</path>
	<source>
		<database>roboflow.ai</database>
	</source>
	<size>
		<width>600</width>
		<height>300</height>
		<depth>3</depth>
	</size>
	<segmented>0</segmented>
	<object>
		<name>rhino</name>
		<pose>Unspecified</pose>
		<truncated>0</truncated>
		<difficult>0</difficult>
		<occluded>0</occluded>
		<bndbox>
			<xmin>405</xmin>
			<xmax>601</xmax>
			<ymin>146</ymin>
			<ymax>300</ymax>
		</bndbox>
	</object>
	<object>
		<name>rhino</name>
		<pose>Unspecified</pose>
		<truncated>0</truncated>
		<difficult>0</difficult>
		<occluded>0</occluded>
		<bndbox>
			<xmin>18</xmin>
			<xmax>491</xmax>
			<ymin>2</ymin>
			<ymax>292</ymax>
		</bndbox>
	</object>
</annotation>
