<annotation>
	<folder></folder>
	<filename>098_611a7111_jpg.rf.8bd3808e29b54d735d2e3eed7ae31474.jpg</filename>
	<path>098_611a7111_jpg.rf.8bd3808e29b54d735d2e3eed7ae31474.jpg</path>
	<source>
		<database>roboflow.ai</database>
	</source>
	<size>
		<width>474</width>
		<height>474</height>
		<depth>3</depth>
	</size>
	<segmented>0</segmented>
	<object>
		<name>leopard</name>
		<pose>Unspecified</pose>
		<truncated>0</truncated>
		<difficult>0</difficult>
		<occluded>0</occluded>
		<bndbox>
			<xmin>170</xmin>
			<xmax>439</xmax>
			<ymin>225</ymin>
			<ymax>437</ymax>
		</bndbox>
	</object>
</annotation>
