<annotation>
	<folder></folder>
	<filename>037_jpg.rf.15415cd3b4f2781fd7b636088ef92f10.jpg</filename>
	<path>037_jpg.rf.15415cd3b4f2781fd7b636088ef92f10.jpg</path>
	<source>
		<database>roboflow.ai</database>
	</source>
	<size>
		<width>1200</width>
		<height>800</height>
		<depth>3</depth>
	</size>
	<segmented>0</segmented>
	<object>
		<name>buffalo</name>
		<pose>Unspecified</pose>
		<truncated>0</truncated>
		<difficult>0</difficult>
		<occluded>0</occluded>
		<bndbox>
			<xmin>192</xmin>
			<xmax>977</xmax>
			<ymin>111</ymin>
			<ymax>718</ymax>
		</bndbox>
	</object>
</annotation>
