<annotation>
	<folder></folder>
	<filename>038_fa82c16e_jpg.rf.952a8f627b16da0db7e0aae5e5b07214.jpg</filename>
	<path>038_fa82c16e_jpg.rf.952a8f627b16da0db7e0aae5e5b07214.jpg</path>
	<source>
		<database>roboflow.ai</database>
	</source>
	<size>
		<width>474</width>
		<height>426</height>
		<depth>3</depth>
	</size>
	<segmented>0</segmented>
	<object>
		<name>lion</name>
		<pose>Unspecified</pose>
		<truncated>0</truncated>
		<difficult>0</difficult>
		<occluded>0</occluded>
		<bndbox>
			<xmin>1</xmin>
			<xmax>472</xmax>
			<ymin>19</ymin>
			<ymax>426</ymax>
		</bndbox>
	</object>
</annotation>
