<annotation>
	<folder></folder>
	<filename>051_2ab95520_jpg.rf.9f7aca7600a7098924a4e0902299132b.jpg</filename>
	<path>051_2ab95520_jpg.rf.9f7aca7600a7098924a4e0902299132b.jpg</path>
	<source>
		<database>roboflow.ai</database>
	</source>
	<size>
		<width>474</width>
		<height>528</height>
		<depth>3</depth>
	</size>
	<segmented>0</segmented>
	<object>
		<name>lion</name>
		<pose>Unspecified</pose>
		<truncated>0</truncated>
		<difficult>0</difficult>
		<occluded>0</occluded>
		<bndbox>
			<xmin>1</xmin>
			<xmax>474</xmax>
			<ymin>1</ymin>
			<ymax>528</ymax>
		</bndbox>
	</object>
</annotation>
