<annotation>
	<folder></folder>
	<filename>074_ed8f753c_jpg.rf.c16e077d16dd1b4496aebd5a4f864a1e.jpg</filename>
	<path>074_ed8f753c_jpg.rf.c16e077d16dd1b4496aebd5a4f864a1e.jpg</path>
	<source>
		<database>roboflow.ai</database>
	</source>
	<size>
		<width>474</width>
		<height>478</height>
		<depth>3</depth>
	</size>
	<segmented>0</segmented>
	<object>
		<name>lion</name>
		<pose>Unspecified</pose>
		<truncated>0</truncated>
		<difficult>0</difficult>
		<occluded>0</occluded>
		<bndbox>
			<xmin>28</xmin>
			<xmax>456</xmax>
			<ymin>58</ymin>
			<ymax>453</ymax>
		</bndbox>
	</object>
</annotation>
