<annotation>
	<folder></folder>
	<filename>047_jpg.rf.b265b7422aa9693ad8ff7cafc245b6ad.jpg</filename>
	<path>047_jpg.rf.b265b7422aa9693ad8ff7cafc245b6ad.jpg</path>
	<source>
		<database>roboflow.ai</database>
	</source>
	<size>
		<width>852</width>
		<height>480</height>
		<depth>3</depth>
	</size>
	<segmented>0</segmented>
	<object>
		<name>buffalo</name>
		<pose>Unspecified</pose>
		<truncated>0</truncated>
		<difficult>0</difficult>
		<occluded>0</occluded>
		<bndbox>
			<xmin>322</xmin>
			<xmax>650</xmax>
			<ymin>123</ymin>
			<ymax>411</ymax>
		</bndbox>
	</object>
</annotation>
