<annotation>
	<folder></folder>
	<filename>014_jpg.rf.25450c8c91561944917e620b05267bad.jpg</filename>
	<path>014_jpg.rf.25450c8c91561944917e620b05267bad.jpg</path>
	<source>
		<database>roboflow.ai</database>
	</source>
	<size>
		<width>640</width>
		<height>506</height>
		<depth>3</depth>
	</size>
	<segmented>0</segmented>
	<object>
		<name>elephant</name>
		<pose>Unspecified</pose>
		<truncated>0</truncated>
		<difficult>0</difficult>
		<occluded>0</occluded>
		<bndbox>
			<xmin>2</xmin>
			<xmax>598</xmax>
			<ymin>25</ymin>
			<ymax>506</ymax>
		</bndbox>
	</object>
	<object>
		<name>elephant</name>
		<pose>Unspecified</pose>
		<truncated>0</truncated>
		<difficult>0</difficult>
		<occluded>0</occluded>
		<bndbox>
			<xmin>445</xmin>
			<xmax>640</xmax>
			<ymin>184</ymin>
			<ymax>353</ymax>
		</bndbox>
	</object>
</annotation>
