<annotation>
	<folder></folder>
	<filename>024_jpg.rf.b13cebd0236ad2e30c443edbb9bc4a62.jpg</filename>
	<path>024_jpg.rf.b13cebd0236ad2e30c443edbb9bc4a62.jpg</path>
	<source>
		<database>roboflow.ai</database>
	</source>
	<size>
		<width>227</width>
		<height>150</height>
		<depth>3</depth>
	</size>
	<segmented>0</segmented>
	<object>
		<name>buffalo</name>
		<pose>Unspecified</pose>
		<truncated>0</truncated>
		<difficult>0</difficult>
		<occluded>0</occluded>
		<bndbox>
			<xmin>2</xmin>
			<xmax>169</xmax>
			<ymin>7</ymin>
			<ymax>150</ymax>
		</bndbox>
	</object>
</annotation>
