<annotation>
	<folder></folder>
	<filename>028_eea47d94_jpg.rf.85cf3f21ce9614255ab44df70557115c.jpg</filename>
	<path>028_eea47d94_jpg.rf.85cf3f21ce9614255ab44df70557115c.jpg</path>
	<source>
		<database>roboflow.ai</database>
	</source>
	<size>
		<width>474</width>
		<height>474</height>
		<depth>3</depth>
	</size>
	<segmented>0</segmented>
	<object>
		<name>leopard</name>
		<pose>Unspecified</pose>
		<truncated>0</truncated>
		<difficult>0</difficult>
		<occluded>0</occluded>
		<bndbox>
			<xmin>1</xmin>
			<xmax>419</xmax>
			<ymin>55</ymin>
			<ymax>474</ymax>
		</bndbox>
	</object>
</annotation>
