<annotation>
	<folder></folder>
	<filename>073_jpg.rf.4f6890c710c325c8629cc6a2a623adde.jpg</filename>
	<path>073_jpg.rf.4f6890c710c325c8629cc6a2a623adde.jpg</path>
	<source>
		<database>roboflow.ai</database>
	</source>
	<size>
		<width>1600</width>
		<height>1140</height>
		<depth>3</depth>
	</size>
	<segmented>0</segmented>
	<object>
		<name>rhino</name>
		<pose>Unspecified</pose>
		<truncated>0</truncated>
		<difficult>0</difficult>
		<occluded>0</occluded>
		<bndbox>
			<xmin>685</xmin>
			<xmax>1587</xmax>
			<ymin>103</ymin>
			<ymax>1093</ymax>
		</bndbox>
	</object>
	<object>
		<name>rhino</name>
		<pose>Unspecified</pose>
		<truncated>0</truncated>
		<difficult>0</difficult>
		<occluded>0</occluded>
		<bndbox>
			<xmin>77</xmin>
			<xmax>822</xmax>
			<ymin>103</ymin>
			<ymax>916</ymax>
		</bndbox>
	</object>
</annotation>
