<annotation>
	<folder></folder>
	<filename>023_jpg.rf.b337fa66fef20c6c82b2e587cec726b3.jpg</filename>
	<path>023_jpg.rf.b337fa66fef20c6c82b2e587cec726b3.jpg</path>
	<source>
		<database>roboflow.ai</database>
	</source>
	<size>
		<width>640</width>
		<height>381</height>
		<depth>3</depth>
	</size>
	<segmented>0</segmented>
	<object>
		<name>elephant</name>
		<pose>Unspecified</pose>
		<truncated>0</truncated>
		<difficult>0</difficult>
		<occluded>0</occluded>
		<bndbox>
			<xmin>220</xmin>
			<xmax>441</xmax>
			<ymin>120</ymin>
			<ymax>381</ymax>
		</bndbox>
	</object>
</annotation>
