<annotation>
	<folder></folder>
	<filename>077_jpg.rf.5f8aaee883509b80e8191a5595841f55.jpg</filename>
	<path>077_jpg.rf.5f8aaee883509b80e8191a5595841f55.jpg</path>
	<source>
		<database>roboflow.ai</database>
	</source>
	<size>
		<width>448</width>
		<height>315</height>
		<depth>3</depth>
	</size>
	<segmented>0</segmented>
	<object>
		<name>buffalo</name>
		<pose>Unspecified</pose>
		<truncated>0</truncated>
		<difficult>0</difficult>
		<occluded>0</occluded>
		<bndbox>
			<xmin>139</xmin>
			<xmax>275</xmax>
			<ymin>84</ymin>
			<ymax>284</ymax>
		</bndbox>
	</object>
</annotation>
