<annotation>
	<folder></folder>
	<filename>083_jpg.rf.b75cf6c41352efb3be5812fd90f9bf44.jpg</filename>
	<path>083_jpg.rf.b75cf6c41352efb3be5812fd90f9bf44.jpg</path>
	<source>
		<database>roboflow.ai</database>
	</source>
	<size>
		<width>1307</width>
		<height>1080</height>
		<depth>3</depth>
	</size>
	<segmented>0</segmented>
	<object>
		<name>buffalo</name>
		<pose>Unspecified</pose>
		<truncated>0</truncated>
		<difficult>0</difficult>
		<occluded>0</occluded>
		<bndbox>
			<xmin>90</xmin>
			<xmax>1056</xmax>
			<ymin>124</ymin>
			<ymax>1080</ymax>
		</bndbox>
	</object>
</annotation>
