<annotation>
	<folder></folder>
	<filename>013_dd4de910_jpg.rf.ff1fdc951f12125a385c5d1b91e3ff0b.jpg</filename>
	<path>013_dd4de910_jpg.rf.ff1fdc951f12125a385c5d1b91e3ff0b.jpg</path>
	<source>
		<database>roboflow.ai</database>
	</source>
	<size>
		<width>474</width>
		<height>474</height>
		<depth>3</depth>
	</size>
	<segmented>0</segmented>
	<object>
		<name>lion</name>
		<pose>Unspecified</pose>
		<truncated>0</truncated>
		<difficult>0</difficult>
		<occluded>0</occluded>
		<bndbox>
			<xmin>125</xmin>
			<xmax>474</xmax>
			<ymin>1</ymin>
			<ymax>250</ymax>
		</bndbox>
	</object>
	<object>
		<name>lion</name>
		<pose>Unspecified</pose>
		<truncated>0</truncated>
		<difficult>0</difficult>
		<occluded>0</occluded>
		<bndbox>
			<xmin>64</xmin>
			<xmax>474</xmax>
			<ymin>82</ymin>
			<ymax>474</ymax>
		</bndbox>
	</object>
	<object>
		<name>lion</name>
		<pose>Unspecified</pose>
		<truncated>0</truncated>
		<difficult>0</difficult>
		<occluded>0</occluded>
		<bndbox>
			<xmin>1</xmin>
			<xmax>210</xmax>
			<ymin>206</ymin>
			<ymax>460</ymax>
		</bndbox>
	</object>
</annotation>
