<annotation>
	<folder></folder>
	<filename>050_jpg.rf.b7958c1806e0caf726402357fd1352b1.jpg</filename>
	<path>050_jpg.rf.b7958c1806e0caf726402357fd1352b1.jpg</path>
	<source>
		<database>roboflow.ai</database>
	</source>
	<size>
		<width>640</width>
		<height>483</height>
		<depth>3</depth>
	</size>
	<segmented>0</segmented>
	<object>
		<name>elephant</name>
		<pose>Unspecified</pose>
		<truncated>0</truncated>
		<difficult>0</difficult>
		<occluded>0</occluded>
		<bndbox>
			<xmin>327</xmin>
			<xmax>635</xmax>
			<ymin>6</ymin>
			<ymax>445</ymax>
		</bndbox>
	</object>
	<object>
		<name>elephant</name>
		<pose>Unspecified</pose>
		<truncated>0</truncated>
		<difficult>0</difficult>
		<occluded>0</occluded>
		<bndbox>
			<xmin>5</xmin>
			<xmax>319</xmax>
			<ymin>178</ymin>
			<ymax>449</ymax>
		</bndbox>
	</object>
	<object>
		<name>elephant</name>
		<pose>Unspecified</pose>
		<truncated>0</truncated>
		<difficult>0</difficult>
		<occluded>0</occluded>
		<bndbox>
			<xmin>83</xmin>
			<xmax>397</xmax>
			<ymin>91</ymin>
			<ymax>435</ymax>
		</bndbox>
	</object>
</annotation>
