<annotation>
	<folder></folder>
	<filename>066_jpg.rf.4d316220051d1177aed06fe960d07b9c.jpg</filename>
	<path>066_jpg.rf.4d316220051d1177aed06fe960d07b9c.jpg</path>
	<source>
		<database>roboflow.ai</database>
	</source>
	<size>
		<width>320</width>
		<height>300</height>
		<depth>3</depth>
	</size>
	<segmented>0</segmented>
	<object>
		<name>rhino</name>
		<pose>Unspecified</pose>
		<truncated>0</truncated>
		<difficult>0</difficult>
		<occluded>0</occluded>
		<bndbox>
			<xmin>23</xmin>
			<xmax>290</xmax>
			<ymin>18</ymin>
			<ymax>268</ymax>
		</bndbox>
	</object>
</annotation>
