<annotation>
	<folder></folder>
	<filename>004_jpg.rf.2756d0bd20b249e0e07277d7f5c0db38.jpg</filename>
	<path>004_jpg.rf.2756d0bd20b249e0e07277d7f5c0db38.jpg</path>
	<source>
		<database>roboflow.ai</database>
	</source>
	<size>
		<width>640</width>
		<height>480</height>
		<depth>3</depth>
	</size>
	<segmented>0</segmented>
	<object>
		<name>elephant</name>
		<pose>Unspecified</pose>
		<truncated>0</truncated>
		<difficult>0</difficult>
		<occluded>0</occluded>
		<bndbox>
			<xmin>114</xmin>
			<xmax>353</xmax>
			<ymin>221</ymin>
			<ymax>419</ymax>
		</bndbox>
	</object>
	<object>
		<name>elephant</name>
		<pose>Unspecified</pose>
		<truncated>0</truncated>
		<difficult>0</difficult>
		<occluded>0</occluded>
		<bndbox>
			<xmin>268</xmin>
			<xmax>468</xmax>
			<ymin>230</ymin>
			<ymax>403</ymax>
		</bndbox>
	</object>
</annotation>
