<annotation>
	<folder></folder>
	<filename>017_27d36fbc_jpg.rf.00dd4231c8fedc85d30f1809081c6643.jpg</filename>
	<path>017_27d36fbc_jpg.rf.00dd4231c8fedc85d30f1809081c6643.jpg</path>
	<source>
		<database>roboflow.ai</database>
	</source>
	<size>
		<width>474</width>
		<height>592</height>
		<depth>3</depth>
	</size>
	<segmented>0</segmented>
	<object>
		<name>lion</name>
		<pose>Unspecified</pose>
		<truncated>0</truncated>
		<difficult>0</difficult>
		<occluded>0</occluded>
		<bndbox>
			<xmin>1</xmin>
			<xmax>474</xmax>
			<ymin>1</ymin>
			<ymax>592</ymax>
		</bndbox>
	</object>
</annotation>
