<annotation>
	<folder></folder>
	<filename>001_e3a72e55_jpg.rf.38b68bb298b15019d4712bd0db40138f.jpg</filename>
	<path>001_e3a72e55_jpg.rf.38b68bb298b15019d4712bd0db40138f.jpg</path>
	<source>
		<database>roboflow.ai</database>
	</source>
	<size>
		<width>474</width>
		<height>526</height>
		<depth>3</depth>
	</size>
	<segmented>0</segmented>
	<object>
		<name>lion</name>
		<pose>Unspecified</pose>
		<truncated>0</truncated>
		<difficult>0</difficult>
		<occluded>0</occluded>
		<bndbox>
			<xmin>1</xmin>
			<xmax>307</xmax>
			<ymin>133</ymin>
			<ymax>508</ymax>
		</bndbox>
	</object>
</annotation>
