<annotation>
	<folder></folder>
	<filename>061_jpg.rf.b17d6e4b9d73b73d1c57b7065ad9e4c8.jpg</filename>
	<path>061_jpg.rf.b17d6e4b9d73b73d1c57b7065ad9e4c8.jpg</path>
	<source>
		<database>roboflow.ai</database>
	</source>
	<size>
		<width>524</width>
		<height>640</height>
		<depth>3</depth>
	</size>
	<segmented>0</segmented>
	<object>
		<name>elephant</name>
		<pose>Unspecified</pose>
		<truncated>0</truncated>
		<difficult>0</difficult>
		<occluded>0</occluded>
		<bndbox>
			<xmin>74</xmin>
			<xmax>408</xmax>
			<ymin>246</ymin>
			<ymax>504</ymax>
		</bndbox>
	</object>
	<object>
		<name>elephant</name>
		<pose>Unspecified</pose>
		<truncated>0</truncated>
		<difficult>0</difficult>
		<occluded>0</occluded>
		<bndbox>
			<xmin>33</xmin>
			<xmax>493</xmax>
			<ymin>43</ymin>
			<ymax>490</ymax>
		</bndbox>
	</object>
</annotation>
