<annotation>
	<folder></folder>
	<filename>056_JPG.rf.6a06f8f7274f7c05637711eaf0f2a2da.jpg</filename>
	<path>056_JPG.rf.6a06f8f7274f7c05637711eaf0f2a2da.jpg</path>
	<source>
		<database>roboflow.ai</database>
	</source>
	<size>
		<width>800</width>
		<height>558</height>
		<depth>3</depth>
	</size>
	<segmented>0</segmented>
	<object>
		<name>rhino</name>
		<pose>Unspecified</pose>
		<truncated>0</truncated>
		<difficult>0</difficult>
		<occluded>0</occluded>
		<bndbox>
			<xmin>61</xmin>
			<xmax>757</xmax>
			<ymin>48</ymin>
			<ymax>558</ymax>
		</bndbox>
	</object>
</annotation>
