<annotation>
	<folder></folder>
	<filename>022_jpg.rf.af55c0bd7b88ccce1763a3c8c61b2583.jpg</filename>
	<path>022_jpg.rf.af55c0bd7b88ccce1763a3c8c61b2583.jpg</path>
	<source>
		<database>roboflow.ai</database>
	</source>
	<size>
		<width>640</width>
		<height>427</height>
		<depth>3</depth>
	</size>
	<segmented>0</segmented>
	<object>
		<name>elephant</name>
		<pose>Unspecified</pose>
		<truncated>0</truncated>
		<difficult>0</difficult>
		<occluded>0</occluded>
		<bndbox>
			<xmin>2</xmin>
			<xmax>256</xmax>
			<ymin>4</ymin>
			<ymax>343</ymax>
		</bndbox>
	</object>
	<object>
		<name>elephant</name>
		<pose>Unspecified</pose>
		<truncated>0</truncated>
		<difficult>0</difficult>
		<occluded>0</occluded>
		<bndbox>
			<xmin>283</xmin>
			<xmax>553</xmax>
			<ymin>72</ymin>
			<ymax>283</ymax>
		</bndbox>
	</object>
</annotation>
