<annotation>
	<folder></folder>
	<filename>088_jpg.rf.5387d897d74e2b1c95f9cc03c5d01712.jpg</filename>
	<path>088_jpg.rf.5387d897d74e2b1c95f9cc03c5d01712.jpg</path>
	<source>
		<database>roboflow.ai</database>
	</source>
	<size>
		<width>1280</width>
		<height>720</height>
		<depth>3</depth>
	</size>
	<segmented>0</segmented>
	<object>
		<name>buffalo</name>
		<pose>Unspecified</pose>
		<truncated>0</truncated>
		<difficult>0</difficult>
		<occluded>0</occluded>
		<bndbox>
			<xmin>76</xmin>
			<xmax>1145</xmax>
			<ymin>52</ymin>
			<ymax>692</ymax>
		</bndbox>
	</object>
</annotation>
