<annotation>
	<folder></folder>
	<filename>038_jpg.rf.f517002e937394f9d706188a95143980.jpg</filename>
	<path>038_jpg.rf.f517002e937394f9d706188a95143980.jpg</path>
	<source>
		<database>roboflow.ai</database>
	</source>
	<size>
		<width>600</width>
		<height>440</height>
		<depth>3</depth>
	</size>
	<segmented>0</segmented>
	<object>
		<name>rhino</name>
		<pose>Unspecified</pose>
		<truncated>0</truncated>
		<difficult>0</difficult>
		<occluded>0</occluded>
		<bndbox>
			<xmin>88</xmin>
			<xmax>505</xmax>
			<ymin>69</ymin>
			<ymax>388</ymax>
		</bndbox>
	</object>
</annotation>
