<annotation>
	<folder></folder>
	<filename>003_70480afa_jpg.rf.b188a15923e445e004b0d709e8a5c062.jpg</filename>
	<path>003_70480afa_jpg.rf.b188a15923e445e004b0d709e8a5c062.jpg</path>
	<source>
		<database>roboflow.ai</database>
	</source>
	<size>
		<width>474</width>
		<height>414</height>
		<depth>3</depth>
	</size>
	<segmented>0</segmented>
	<object>
		<name>lion</name>
		<pose>Unspecified</pose>
		<truncated>0</truncated>
		<difficult>0</difficult>
		<occluded>0</occluded>
		<bndbox>
			<xmin>1</xmin>
			<xmax>420</xmax>
			<ymin>40</ymin>
			<ymax>406</ymax>
		</bndbox>
	</object>
</annotation>
