<annotation>
	<folder></folder>
	<filename>049_d8aee99a_jpg.rf.7ae7c2b1b258866fdf0f2108d5d711bb.jpg</filename>
	<path>049_d8aee99a_jpg.rf.7ae7c2b1b258866fdf0f2108d5d711bb.jpg</path>
	<source>
		<database>roboflow.ai</database>
	</source>
	<size>
		<width>474</width>
		<height>409</height>
		<depth>3</depth>
	</size>
	<segmented>0</segmented>
	<object>
		<name>leopard</name>
		<pose>Unspecified</pose>
		<truncated>0</truncated>
		<difficult>0</difficult>
		<occluded>0</occluded>
		<bndbox>
			<xmin>92</xmin>
			<xmax>384</xmax>
			<ymin>39</ymin>
			<ymax>409</ymax>
		</bndbox>
	</object>
</annotation>
