<annotation>
	<folder></folder>
	<filename>085_jpg.rf.750ef21cc58d5bcf30852e50e646e28b.jpg</filename>
	<path>085_jpg.rf.750ef21cc58d5bcf30852e50e646e28b.jpg</path>
	<source>
		<database>roboflow.ai</database>
	</source>
	<size>
		<width>640</width>
		<height>426</height>
		<depth>3</depth>
	</size>
	<segmented>0</segmented>
	<object>
		<name>elephant</name>
		<pose>Unspecified</pose>
		<truncated>0</truncated>
		<difficult>0</difficult>
		<occluded>0</occluded>
		<bndbox>
			<xmin>219</xmin>
			<xmax>498</xmax>
			<ymin>181</ymin>
			<ymax>387</ymax>
		</bndbox>
	</object>
	<object>
		<name>elephant</name>
		<pose>Unspecified</pose>
		<truncated>0</truncated>
		<difficult>0</difficult>
		<occluded>0</occluded>
		<bndbox>
			<xmin>95</xmin>
			<xmax>549</xmax>
			<ymin>55</ymin>
			<ymax>381</ymax>
		</bndbox>
	</object>
</annotation>
