<annotation>
	<folder></folder>
	<filename>092_jpg.rf.f8036a6a7dcf1d9c8a33ef1fd857d5f3.jpg</filename>
	<path>092_jpg.rf.f8036a6a7dcf1d9c8a33ef1fd857d5f3.jpg</path>
	<source>
		<database>roboflow.ai</database>
	</source>
	<size>
		<width>3269</width>
		<height>2287</height>
		<depth>3</depth>
	</size>
	<segmented>0</segmented>
	<object>
		<name>buffalo</name>
		<pose>Unspecified</pose>
		<truncated>0</truncated>
		<difficult>0</difficult>
		<occluded>0</occluded>
		<bndbox>
			<xmin>259</xmin>
			<xmax>3269</xmax>
			<ymin>3</ymin>
			<ymax>2269</ymax>
		</bndbox>
	</object>
</annotation>
