<annotation>
	<folder></folder>
	<filename>014_28b82c9d_jpg.rf.3685ab438a8c9981f9dd86ac399807f3.jpg</filename>
	<path>014_28b82c9d_jpg.rf.3685ab438a8c9981f9dd86ac399807f3.jpg</path>
	<source>
		<database>roboflow.ai</database>
	</source>
	<size>
		<width>474</width>
		<height>498</height>
		<depth>3</depth>
	</size>
	<segmented>0</segmented>
	<object>
		<name>leopard</name>
		<pose>Unspecified</pose>
		<truncated>0</truncated>
		<difficult>0</difficult>
		<occluded>0</occluded>
		<bndbox>
			<xmin>146</xmin>
			<xmax>474</xmax>
			<ymin>76</ymin>
			<ymax>306</ymax>
		</bndbox>
	</object>
</annotation>
