<annotation>
	<folder></folder>
	<filename>051_jpg.rf.f514b92f67c9cd8b98661a95054812a4.jpg</filename>
	<path>051_jpg.rf.f514b92f67c9cd8b98661a95054812a4.jpg</path>
	<source>
		<database>roboflow.ai</database>
	</source>
	<size>
		<width>2711</width>
		<height>1820</height>
		<depth>3</depth>
	</size>
	<segmented>0</segmented>
	<object>
		<name>buffalo</name>
		<pose>Unspecified</pose>
		<truncated>0</truncated>
		<difficult>0</difficult>
		<occluded>0</occluded>
		<bndbox>
			<xmin>842</xmin>
			<xmax>1890</xmax>
			<ymin>697</ymin>
			<ymax>1435</ymax>
		</bndbox>
	</object>
	<object>
		<name>buffalo</name>
		<pose>Unspecified</pose>
		<truncated>0</truncated>
		<difficult>0</difficult>
		<occluded>0</occluded>
		<bndbox>
			<xmin>1880</xmin>
			<xmax>2137</xmax>
			<ymin>911</ymin>
			<ymax>1416</ymax>
		</bndbox>
	</object>
</annotation>
