<annotation>
	<folder></folder>
	<filename>052_jpg.rf.88efbe3f429b779b87fa8705eb487039.jpg</filename>
	<path>052_jpg.rf.88efbe3f429b779b87fa8705eb487039.jpg</path>
	<source>
		<database>roboflow.ai</database>
	</source>
	<size>
		<width>927</width>
		<height>1106</height>
		<depth>3</depth>
	</size>
	<segmented>0</segmented>
	<object>
		<name>rhino</name>
		<pose>Unspecified</pose>
		<truncated>0</truncated>
		<difficult>0</difficult>
		<occluded>0</occluded>
		<bndbox>
			<xmin>24</xmin>
			<xmax>827</xmax>
			<ymin>26</ymin>
			<ymax>1009</ymax>
		</bndbox>
	</object>
</annotation>
