<annotation>
	<folder></folder>
	<filename>085_jpg.rf.f05e9ca5b1f765c4b74231a439343970.jpg</filename>
	<path>085_jpg.rf.f05e9ca5b1f765c4b74231a439343970.jpg</path>
	<source>
		<database>roboflow.ai</database>
	</source>
	<size>
		<width>1280</width>
		<height>720</height>
		<depth>3</depth>
	</size>
	<segmented>0</segmented>
	<object>
		<name>buffalo</name>
		<pose>Unspecified</pose>
		<truncated>0</truncated>
		<difficult>0</difficult>
		<occluded>0</occluded>
		<bndbox>
			<xmin>211</xmin>
			<xmax>1202</xmax>
			<ymin>12</ymin>
			<ymax>720</ymax>
		</bndbox>
	</object>
</annotation>
