<annotation>
	<folder></folder>
	<filename>021_jpg.rf.734dfea73272a892c8e380bcce840f5c.jpg</filename>
	<path>021_jpg.rf.734dfea73272a892c8e380bcce840f5c.jpg</path>
	<source>
		<database>roboflow.ai</database>
	</source>
	<size>
		<width>625</width>
		<height>417</height>
		<depth>3</depth>
	</size>
	<segmented>0</segmented>
	<object>
		<name>rhino</name>
		<pose>Unspecified</pose>
		<truncated>0</truncated>
		<difficult>0</difficult>
		<occluded>0</occluded>
		<bndbox>
			<xmin>116</xmin>
			<xmax>524</xmax>
			<ymin>32</ymin>
			<ymax>392</ymax>
		</bndbox>
	</object>
</annotation>
