<annotation>
	<folder></folder>
	<filename>039_jpg.rf.5e88aedc284c9fc3cfebe407e95c8247.jpg</filename>
	<path>039_jpg.rf.5e88aedc284c9fc3cfebe407e95c8247.jpg</path>
	<source>
		<database>roboflow.ai</database>
	</source>
	<size>
		<width>640</width>
		<height>506</height>
		<depth>3</depth>
	</size>
	<segmented>0</segmented>
	<object>
		<name>elephant</name>
		<pose>Unspecified</pose>
		<truncated>0</truncated>
		<difficult>0</difficult>
		<occluded>0</occluded>
		<bndbox>
			<xmin>195</xmin>
			<xmax>562</xmax>
			<ymin>110</ymin>
			<ymax>436</ymax>
		</bndbox>
	</object>
</annotation>
