<annotation>
	<folder></folder>
	<filename>002_jpg.rf.fd9347038c4aaf807b596f64e4923a33.jpg</filename>
	<path>002_jpg.rf.fd9347038c4aaf807b596f64e4923a33.jpg</path>
	<source>
		<database>roboflow.ai</database>
	</source>
	<size>
		<width>640</width>
		<height>427</height>
		<depth>3</depth>
	</size>
	<segmented>0</segmented>
	<object>
		<name>elephant</name>
		<pose>Unspecified</pose>
		<truncated>0</truncated>
		<difficult>0</difficult>
		<occluded>0</occluded>
		<bndbox>
			<xmin>143</xmin>
			<xmax>588</xmax>
			<ymin>21</ymin>
			<ymax>427</ymax>
		</bndbox>
	</object>
	<object>
		<name>elephant</name>
		<pose>Unspecified</pose>
		<truncated>0</truncated>
		<difficult>0</difficult>
		<occluded>0</occluded>
		<bndbox>
			<xmin>452</xmin>
			<xmax>639</xmax>
			<ymin>3</ymin>
			<ymax>427</ymax>
		</bndbox>
	</object>
</annotation>
