<annotation>
	<folder></folder>
	<filename>031_16ce7c04_jpg.rf.6ce84c02c8a3d565831b868b3fe2eec7.jpg</filename>
	<path>031_16ce7c04_jpg.rf.6ce84c02c8a3d565831b868b3fe2eec7.jpg</path>
	<source>
		<database>roboflow.ai</database>
	</source>
	<size>
		<width>474</width>
		<height>478</height>
		<depth>3</depth>
	</size>
	<segmented>0</segmented>
	<object>
		<name>lion</name>
		<pose>Unspecified</pose>
		<truncated>0</truncated>
		<difficult>0</difficult>
		<occluded>0</occluded>
		<bndbox>
			<xmin>63</xmin>
			<xmax>472</xmax>
			<ymin>5</ymin>
			<ymax>457</ymax>
		</bndbox>
	</object>
</annotation>
