<annotation>
	<folder></folder>
	<filename>054_9aa7113a_jpg.rf.0f8df5476ab1e065bf000a9d2ee5adab.jpg</filename>
	<path>054_9aa7113a_jpg.rf.0f8df5476ab1e065bf000a9d2ee5adab.jpg</path>
	<source>
		<database>roboflow.ai</database>
	</source>
	<size>
		<width>474</width>
		<height>450</height>
		<depth>3</depth>
	</size>
	<segmented>0</segmented>
	<object>
		<name>lion</name>
		<pose>Unspecified</pose>
		<truncated>0</truncated>
		<difficult>0</difficult>
		<occluded>0</occluded>
		<bndbox>
			<xmin>13</xmin>
			<xmax>474</xmax>
			<ymin>17</ymin>
			<ymax>450</ymax>
		</bndbox>
	</object>
</annotation>
