<annotation>
	<folder></folder>
	<filename>062_6176b709_jpg.rf.b442606089e5dba90a90efcb3943fafe.jpg</filename>
	<path>062_6176b709_jpg.rf.b442606089e5dba90a90efcb3943fafe.jpg</path>
	<source>
		<database>roboflow.ai</database>
	</source>
	<size>
		<width>474</width>
		<height>474</height>
		<depth>3</depth>
	</size>
	<segmented>0</segmented>
	<object>
		<name>leopard</name>
		<pose>Unspecified</pose>
		<truncated>0</truncated>
		<difficult>0</difficult>
		<occluded>0</occluded>
		<bndbox>
			<xmin>1</xmin>
			<xmax>474</xmax>
			<ymin>5</ymin>
			<ymax>474</ymax>
		</bndbox>
	</object>
</annotation>
