<annotation>
	<folder></folder>
	<filename>076_227ab74a_jpg.rf.f9a735aa9d9dd99bab4593065e08ec2f.jpg</filename>
	<path>076_227ab74a_jpg.rf.f9a735aa9d9dd99bab4593065e08ec2f.jpg</path>
	<source>
		<database>roboflow.ai</database>
	</source>
	<size>
		<width>474</width>
		<height>403</height>
		<depth>3</depth>
	</size>
	<segmented>0</segmented>
	<object>
		<name>leopard</name>
		<pose>Unspecified</pose>
		<truncated>0</truncated>
		<difficult>0</difficult>
		<occluded>0</occluded>
		<bndbox>
			<xmin>31</xmin>
			<xmax>474</xmax>
			<ymin>5</ymin>
			<ymax>403</ymax>
		</bndbox>
	</object>
</annotation>
