<annotation>
	<folder></folder>
	<filename>023_fd25d140_jpg.rf.eae38969c968f07ae056f0a60e097ac3.jpg</filename>
	<path>023_fd25d140_jpg.rf.eae38969c968f07ae056f0a60e097ac3.jpg</path>
	<source>
		<database>roboflow.ai</database>
	</source>
	<size>
		<width>474</width>
		<height>474</height>
		<depth>3</depth>
	</size>
	<segmented>0</segmented>
	<object>
		<name>lion</name>
		<pose>Unspecified</pose>
		<truncated>0</truncated>
		<difficult>0</difficult>
		<occluded>0</occluded>
		<bndbox>
			<xmin>7</xmin>
			<xmax>433</xmax>
			<ymin>65</ymin>
			<ymax>399</ymax>
		</bndbox>
	</object>
</annotation>
