<annotation>
	<folder></folder>
	<filename>001_jpg.rf.b4cd2274fc7650a69fcfaf0cde9d84d8.jpg</filename>
	<path>001_jpg.rf.b4cd2274fc7650a69fcfaf0cde9d84d8.jpg</path>
	<source>
		<database>roboflow.ai</database>
	</source>
	<size>
		<width>800</width>
		<height>411</height>
		<depth>3</depth>
	</size>
	<segmented>0</segmented>
	<object>
		<name>buffalo</name>
		<pose>Unspecified</pose>
		<truncated>0</truncated>
		<difficult>0</difficult>
		<occluded>0</occluded>
		<bndbox>
			<xmin>202</xmin>
			<xmax>696</xmax>
			<ymin>141</ymin>
			<ymax>406</ymax>
		</bndbox>
	</object>
</annotation>
