<annotation>
	<folder></folder>
	<filename>005_jpg.rf.a5e19df1dab53ab795a9c64d6159e39e.jpg</filename>
	<path>005_jpg.rf.a5e19df1dab53ab795a9c64d6159e39e.jpg</path>
	<source>
		<database>roboflow.ai</database>
	</source>
	<size>
		<width>640</width>
		<height>335</height>
		<depth>3</depth>
	</size>
	<segmented>0</segmented>
	<object>
		<name>elephant</name>
		<pose>Unspecified</pose>
		<truncated>0</truncated>
		<difficult>0</difficult>
		<occluded>0</occluded>
		<bndbox>
			<xmin>240</xmin>
			<xmax>592</xmax>
			<ymin>2</ymin>
			<ymax>333</ymax>
		</bndbox>
	</object>
	<object>
		<name>elephant</name>
		<pose>Unspecified</pose>
		<truncated>0</truncated>
		<difficult>0</difficult>
		<occluded>0</occluded>
		<bndbox>
			<xmin>2</xmin>
			<xmax>226</xmax>
			<ymin>2</ymin>
			<ymax>332</ymax>
		</bndbox>
	</object>
</annotation>
