<annotation>
	<folder></folder>
	<filename>021_353f5e78_jpg.rf.00ae0ce99c2f17241832447ea0883046.jpg</filename>
	<path>021_353f5e78_jpg.rf.00ae0ce99c2f17241832447ea0883046.jpg</path>
	<source>
		<database>roboflow.ai</database>
	</source>
	<size>
		<width>474</width>
		<height>474</height>
		<depth>3</depth>
	</size>
	<segmented>0</segmented>
	<object>
		<name>lion</name>
		<pose>Unspecified</pose>
		<truncated>0</truncated>
		<difficult>0</difficult>
		<occluded>0</occluded>
		<bndbox>
			<xmin>34</xmin>
			<xmax>360</xmax>
			<ymin>12</ymin>
			<ymax>453</ymax>
		</bndbox>
	</object>
</annotation>
