<annotation>
	<folder></folder>
	<filename>017_jpg.rf.684c82a13ac8ded69706f335f23de8e1.jpg</filename>
	<path>017_jpg.rf.684c82a13ac8ded69706f335f23de8e1.jpg</path>
	<source>
		<database>roboflow.ai</database>
	</source>
	<size>
		<width>852</width>
		<height>480</height>
		<depth>3</depth>
	</size>
	<segmented>0</segmented>
	<object>
		<name>buffalo</name>
		<pose>Unspecified</pose>
		<truncated>0</truncated>
		<difficult>0</difficult>
		<occluded>0</occluded>
		<bndbox>
			<xmin>23</xmin>
			<xmax>774</xmax>
			<ymin>18</ymin>
			<ymax>471</ymax>
		</bndbox>
	</object>
</annotation>
