<annotation>
	<folder></folder>
	<filename>090_jpg.rf.9aa9e00b01444e52c1e31a8a11c86a1d.jpg</filename>
	<path>090_jpg.rf.9aa9e00b01444e52c1e31a8a11c86a1d.jpg</path>
	<source>
		<database>roboflow.ai</database>
	</source>
	<size>
		<width>640</width>
		<height>629</height>
		<depth>3</depth>
	</size>
	<segmented>0</segmented>
	<object>
		<name>elephant</name>
		<pose>Unspecified</pose>
		<truncated>0</truncated>
		<difficult>0</difficult>
		<occluded>0</occluded>
		<bndbox>
			<xmin>20</xmin>
			<xmax>640</xmax>
			<ymin>32</ymin>
			<ymax>629</ymax>
		</bndbox>
	</object>
</annotation>
