<annotation>
	<folder></folder>
	<filename>068_jpg.rf.0cfedf4e5541fa15045fa8fae46bb89d.jpg</filename>
	<path>068_jpg.rf.0cfedf4e5541fa15045fa8fae46bb89d.jpg</path>
	<source>
		<database>roboflow.ai</database>
	</source>
	<size>
		<width>1024</width>
		<height>728</height>
		<depth>3</depth>
	</size>
	<segmented>0</segmented>
	<object>
		<name>buffalo</name>
		<pose>Unspecified</pose>
		<truncated>0</truncated>
		<difficult>0</difficult>
		<occluded>0</occluded>
		<bndbox>
			<xmin>2</xmin>
			<xmax>928</xmax>
			<ymin>193</ymin>
			<ymax>725</ymax>
		</bndbox>
	</object>
</annotation>
