<annotation>
	<folder></folder>
	<filename>052_jpg.rf.1711906d2efc3cabaada0e179c4a0930.jpg</filename>
	<path>052_jpg.rf.1711906d2efc3cabaada0e179c4a0930.jpg</path>
	<source>
		<database>roboflow.ai</database>
	</source>
	<size>
		<width>426</width>
		<height>640</height>
		<depth>3</depth>
	</size>
	<segmented>0</segmented>
	<object>
		<name>elephant</name>
		<pose>Unspecified</pose>
		<truncated>0</truncated>
		<difficult>0</difficult>
		<occluded>0</occluded>
		<bndbox>
			<xmin>27</xmin>
			<xmax>327</xmax>
			<ymin>129</ymin>
			<ymax>607</ymax>
		</bndbox>
	</object>
</annotation>
