<annotation>
	<folder></folder>
	<filename>043_63927daa_jpg.rf.ca884af87b2a1a36d1d797ab0b351f37.jpg</filename>
	<path>043_63927daa_jpg.rf.ca884af87b2a1a36d1d797ab0b351f37.jpg</path>
	<source>
		<database>roboflow.ai</database>
	</source>
	<size>
		<width>474</width>
		<height>399</height>
		<depth>3</depth>
	</size>
	<segmented>0</segmented>
	<object>
		<name>leopard</name>
		<pose>Unspecified</pose>
		<truncated>0</truncated>
		<difficult>0</difficult>
		<occluded>0</occluded>
		<bndbox>
			<xmin>1</xmin>
			<xmax>426</xmax>
			<ymin>74</ymin>
			<ymax>321</ymax>
		</bndbox>
	</object>
</annotation>
