<annotation>
	<folder></folder>
	<filename>056_16060bae_jpg.rf.37bc4467cb229eac77e860fcf1c09cd8.jpg</filename>
	<path>056_16060bae_jpg.rf.37bc4467cb229eac77e860fcf1c09cd8.jpg</path>
	<source>
		<database>roboflow.ai</database>
	</source>
	<size>
		<width>474</width>
		<height>413</height>
		<depth>3</depth>
	</size>
	<segmented>0</segmented>
	<object>
		<name>lion</name>
		<pose>Unspecified</pose>
		<truncated>0</truncated>
		<difficult>0</difficult>
		<occluded>0</occluded>
		<bndbox>
			<xmin>78</xmin>
			<xmax>474</xmax>
			<ymin>1</ymin>
			<ymax>413</ymax>
		</bndbox>
	</object>
</annotation>
