<annotation>
	<folder></folder>
	<filename>101_jpg.rf.6bd6d3102c2e2098776a9a7230bd32a6.jpg</filename>
	<path>101_jpg.rf.6bd6d3102c2e2098776a9a7230bd32a6.jpg</path>
	<source>
		<database>roboflow.ai</database>
	</source>
	<size>
		<width>618</width>
		<height>410</height>
		<depth>3</depth>
	</size>
	<segmented>0</segmented>
	<object>
		<name>rhino</name>
		<pose>Unspecified</pose>
		<truncated>0</truncated>
		<difficult>0</difficult>
		<occluded>0</occluded>
		<bndbox>
			<xmin>154</xmin>
			<xmax>497</xmax>
			<ymin>41</ymin>
			<ymax>351</ymax>
		</bndbox>
	</object>
</annotation>
