<annotation>
	<folder></folder>
	<filename>059_jpg.rf.ef0bacf1859c5762e9973e9182f96435.jpg</filename>
	<path>059_jpg.rf.ef0bacf1859c5762e9973e9182f96435.jpg</path>
	<source>
		<database>roboflow.ai</database>
	</source>
	<size>
		<width>1100</width>
		<height>575</height>
		<depth>3</depth>
	</size>
	<segmented>0</segmented>
	<object>
		<name>rhino</name>
		<pose>Unspecified</pose>
		<truncated>0</truncated>
		<difficult>0</difficult>
		<occluded>0</occluded>
		<bndbox>
			<xmin>426</xmin>
			<xmax>927</xmax>
			<ymin>34</ymin>
			<ymax>442</ymax>
		</bndbox>
	</object>
</annotation>
