<annotation>
	<folder></folder>
	<filename>025_9656cc64_jpg.rf.3a77baa5fe6bf4d4cc22e58906f8f082.jpg</filename>
	<path>025_9656cc64_jpg.rf.3a77baa5fe6bf4d4cc22e58906f8f082.jpg</path>
	<source>
		<database>roboflow.ai</database>
	</source>
	<size>
		<width>474</width>
		<height>571</height>
		<depth>3</depth>
	</size>
	<segmented>0</segmented>
	<object>
		<name>leopard</name>
		<pose>Unspecified</pose>
		<truncated>0</truncated>
		<difficult>0</difficult>
		<occluded>0</occluded>
		<bndbox>
			<xmin>111</xmin>
			<xmax>313</xmax>
			<ymin>100</ymin>
			<ymax>488</ymax>
		</bndbox>
	</object>
</annotation>
