<annotation>
	<folder></folder>
	<filename>046_85f6b534_jpg.rf.df2c2d887f543b32ae2f75b762c58d02.jpg</filename>
	<path>046_85f6b534_jpg.rf.df2c2d887f543b32ae2f75b762c58d02.jpg</path>
	<source>
		<database>roboflow.ai</database>
	</source>
	<size>
		<width>474</width>
		<height>515</height>
		<depth>3</depth>
	</size>
	<segmented>0</segmented>
	<object>
		<name>leopard</name>
		<pose>Unspecified</pose>
		<truncated>0</truncated>
		<difficult>0</difficult>
		<occluded>0</occluded>
		<bndbox>
			<xmin>127</xmin>
			<xmax>349</xmax>
			<ymin>29</ymin>
			<ymax>459</ymax>
		</bndbox>
	</object>
</annotation>
