<annotation>
	<folder></folder>
	<filename>075_3805f373_jpg.rf.8ee57b2c9d7978f5998150072a4f8bbc.jpg</filename>
	<path>075_3805f373_jpg.rf.8ee57b2c9d7978f5998150072a4f8bbc.jpg</path>
	<source>
		<database>roboflow.ai</database>
	</source>
	<size>
		<width>474</width>
		<height>474</height>
		<depth>3</depth>
	</size>
	<segmented>0</segmented>
	<object>
		<name>leopard</name>
		<pose>Unspecified</pose>
		<truncated>0</truncated>
		<difficult>0</difficult>
		<occluded>0</occluded>
		<bndbox>
			<xmin>128</xmin>
			<xmax>269</xmax>
			<ymin>107</ymin>
			<ymax>430</ymax>
		</bndbox>
	</object>
</annotation>
