<annotation>
	<folder></folder>
	<filename>064_0fe052cd_jpg.rf.45ecc680d90b1193160d3d6838e58a7a.jpg</filename>
	<path>064_0fe052cd_jpg.rf.45ecc680d90b1193160d3d6838e58a7a.jpg</path>
	<source>
		<database>roboflow.ai</database>
	</source>
	<size>
		<width>474</width>
		<height>474</height>
		<depth>3</depth>
	</size>
	<segmented>0</segmented>
	<object>
		<name>lion</name>
		<pose>Unspecified</pose>
		<truncated>0</truncated>
		<difficult>0</difficult>
		<occluded>0</occluded>
		<bndbox>
			<xmin>323</xmin>
			<xmax>474</xmax>
			<ymin>32</ymin>
			<ymax>280</ymax>
		</bndbox>
	</object>
	<object>
		<name>lion</name>
		<pose>Unspecified</pose>
		<truncated>0</truncated>
		<difficult>0</difficult>
		<occluded>0</occluded>
		<bndbox>
			<xmin>168</xmin>
			<xmax>474</xmax>
			<ymin>148</ymin>
			<ymax>434</ymax>
		</bndbox>
	</object>
	<object>
		<name>lion</name>
		<pose>Unspecified</pose>
		<truncated>0</truncated>
		<difficult>0</difficult>
		<occluded>0</occluded>
		<bndbox>
			<xmin>1</xmin>
			<xmax>190</xmax>
			<ymin>120</ymin>
			<ymax>474</ymax>
		</bndbox>
	</object>
</annotation>
