<annotation>
	<folder></folder>
	<filename>012_jpg.rf.262168aacfd8187eb121fb4962972c06.jpg</filename>
	<path>012_jpg.rf.262168aacfd8187eb121fb4962972c06.jpg</path>
	<source>
		<database>roboflow.ai</database>
	</source>
	<size>
		<width>852</width>
		<height>480</height>
		<depth>3</depth>
	</size>
	<segmented>0</segmented>
	<object>
		<name>buffalo</name>
		<pose>Unspecified</pose>
		<truncated>0</truncated>
		<difficult>0</difficult>
		<occluded>0</occluded>
		<bndbox>
			<xmin>173</xmin>
			<xmax>646</xmax>
			<ymin>20</ymin>
			<ymax>448</ymax>
		</bndbox>
	</object>
</annotation>
