<annotation>
	<folder></folder>
	<filename>023_240c793a_jpg.rf.5802706b21aa6983d5052a9a030c1794.jpg</filename>
	<path>023_240c793a_jpg.rf.5802706b21aa6983d5052a9a030c1794.jpg</path>
	<source>
		<database>roboflow.ai</database>
	</source>
	<size>
		<width>474</width>
		<height>579</height>
		<depth>3</depth>
	</size>
	<segmented>0</segmented>
	<object>
		<name>leopard</name>
		<pose>Unspecified</pose>
		<truncated>0</truncated>
		<difficult>0</difficult>
		<occluded>0</occluded>
		<bndbox>
			<xmin>1</xmin>
			<xmax>409</xmax>
			<ymin>7</ymin>
			<ymax>565</ymax>
		</bndbox>
	</object>
</annotation>
