<annotation>
	<folder></folder>
	<filename>091_52e73a35_jpg.rf.712e8ab2848dcecbff40635ebd99ecda.jpg</filename>
	<path>091_52e73a35_jpg.rf.712e8ab2848dcecbff40635ebd99ecda.jpg</path>
	<source>
		<database>roboflow.ai</database>
	</source>
	<size>
		<width>474</width>
		<height>573</height>
		<depth>3</depth>
	</size>
	<segmented>0</segmented>
	<object>
		<name>leopard</name>
		<pose>Unspecified</pose>
		<truncated>0</truncated>
		<difficult>0</difficult>
		<occluded>0</occluded>
		<bndbox>
			<xmin>1</xmin>
			<xmax>412</xmax>
			<ymin>39</ymin>
			<ymax>573</ymax>
		</bndbox>
	</object>
</annotation>
