<annotation>
	<folder></folder>
	<filename>072_jpg.rf.d93c77a24412f173d5b82628d299b7d4.jpg</filename>
	<path>072_jpg.rf.d93c77a24412f173d5b82628d299b7d4.jpg</path>
	<source>
		<database>roboflow.ai</database>
	</source>
	<size>
		<width>640</width>
		<height>480</height>
		<depth>3</depth>
	</size>
	<segmented>0</segmented>
	<object>
		<name>elephant</name>
		<pose>Unspecified</pose>
		<truncated>0</truncated>
		<difficult>0</difficult>
		<occluded>0</occluded>
		<bndbox>
			<xmin>52</xmin>
			<xmax>541</xmax>
			<ymin>48</ymin>
			<ymax>480</ymax>
		</bndbox>
	</object>
</annotation>
