<annotation>
	<folder></folder>
	<filename>057_jpg.rf.8c7ab8395145b69e9f82015a4b156bff.jpg</filename>
	<path>057_jpg.rf.8c7ab8395145b69e9f82015a4b156bff.jpg</path>
	<source>
		<database>roboflow.ai</database>
	</source>
	<size>
		<width>426</width>
		<height>640</height>
		<depth>3</depth>
	</size>
	<segmented>0</segmented>
	<object>
		<name>elephant</name>
		<pose>Unspecified</pose>
		<truncated>0</truncated>
		<difficult>0</difficult>
		<occluded>0</occluded>
		<bndbox>
			<xmin>81</xmin>
			<xmax>234</xmax>
			<ymin>228</ymin>
			<ymax>554</ymax>
		</bndbox>
	</object>
</annotation>
