<annotation>
	<folder></folder>
	<filename>063_f335a6a2_jpg.rf.1ffe004917f9fbf1965a025422f4342a.jpg</filename>
	<path>063_f335a6a2_jpg.rf.1ffe004917f9fbf1965a025422f4342a.jpg</path>
	<source>
		<database>roboflow.ai</database>
	</source>
	<size>
		<width>474</width>
		<height>538</height>
		<depth>3</depth>
	</size>
	<segmented>0</segmented>
	<object>
		<name>leopard</name>
		<pose>Unspecified</pose>
		<truncated>0</truncated>
		<difficult>0</difficult>
		<occluded>0</occluded>
		<bndbox>
			<xmin>1</xmin>
			<xmax>463</xmax>
			<ymin>1</ymin>
			<ymax>501</ymax>
		</bndbox>
	</object>
</annotation>
