<annotation>
	<folder></folder>
	<filename>044_jpg.rf.9fe445363edff3ac08d23b722cfcb449.jpg</filename>
	<path>044_jpg.rf.9fe445363edff3ac08d23b722cfcb449.jpg</path>
	<source>
		<database>roboflow.ai</database>
	</source>
	<size>
		<width>616</width>
		<height>427</height>
		<depth>3</depth>
	</size>
	<segmented>0</segmented>
	<object>
		<name>rhino</name>
		<pose>Unspecified</pose>
		<truncated>0</truncated>
		<difficult>0</difficult>
		<occluded>0</occluded>
		<bndbox>
			<xmin>359</xmin>
			<xmax>568</xmax>
			<ymin>78</ymin>
			<ymax>368</ymax>
		</bndbox>
	</object>
</annotation>
