<annotation>
	<folder></folder>
	<filename>034_jpg.rf.5fcfbd25756d36911dad6cdb2d71880e.jpg</filename>
	<path>034_jpg.rf.5fcfbd25756d36911dad6cdb2d71880e.jpg</path>
	<source>
		<database>roboflow.ai</database>
	</source>
	<size>
		<width>960</width>
		<height>540</height>
		<depth>3</depth>
	</size>
	<segmented>0</segmented>
	<object>
		<name>buffalo</name>
		<pose>Unspecified</pose>
		<truncated>0</truncated>
		<difficult>0</difficult>
		<occluded>0</occluded>
		<bndbox>
			<xmin>264</xmin>
			<xmax>777</xmax>
			<ymin>130</ymin>
			<ymax>452</ymax>
		</bndbox>
	</object>
</annotation>
