<annotation>
	<folder></folder>
	<filename>081_34c8746f_jpg.rf.44c767ce3dcdbdb84072531fe593abc0.jpg</filename>
	<path>081_34c8746f_jpg.rf.44c767ce3dcdbdb84072531fe593abc0.jpg</path>
	<source>
		<database>roboflow.ai</database>
	</source>
	<size>
		<width>474</width>
		<height>571</height>
		<depth>3</depth>
	</size>
	<segmented>0</segmented>
	<object>
		<name>leopard</name>
		<pose>Unspecified</pose>
		<truncated>0</truncated>
		<difficult>0</difficult>
		<occluded>0</occluded>
		<bndbox>
			<xmin>1</xmin>
			<xmax>367</xmax>
			<ymin>22</ymin>
			<ymax>546</ymax>
		</bndbox>
	</object>
</annotation>
