<annotation>
	<folder></folder>
	<filename>068_29111e61_jpg.rf.7f1bbd41d0afc9601c8e05bfd1f31b79.jpg</filename>
	<path>068_29111e61_jpg.rf.7f1bbd41d0afc9601c8e05bfd1f31b79.jpg</path>
	<source>
		<database>roboflow.ai</database>
	</source>
	<size>
		<width>474</width>
		<height>590</height>
		<depth>3</depth>
	</size>
	<segmented>0</segmented>
	<object>
		<name>lion</name>
		<pose>Unspecified</pose>
		<truncated>0</truncated>
		<difficult>0</difficult>
		<occluded>0</occluded>
		<bndbox>
			<xmin>1</xmin>
			<xmax>443</xmax>
			<ymin>100</ymin>
			<ymax>590</ymax>
		</bndbox>
	</object>
</annotation>
