<annotation>
	<folder></folder>
	<filename>084_3f777d55_jpg.rf.68b87fffaa923e6cf703a520eb8124a7.jpg</filename>
	<path>084_3f777d55_jpg.rf.68b87fffaa923e6cf703a520eb8124a7.jpg</path>
	<source>
		<database>roboflow.ai</database>
	</source>
	<size>
		<width>474</width>
		<height>500</height>
		<depth>3</depth>
	</size>
	<segmented>0</segmented>
	<object>
		<name>lion</name>
		<pose>Unspecified</pose>
		<truncated>0</truncated>
		<difficult>0</difficult>
		<occluded>0</occluded>
		<bndbox>
			<xmin>1</xmin>
			<xmax>474</xmax>
			<ymin>13</ymin>
			<ymax>474</ymax>
		</bndbox>
	</object>
</annotation>
