<annotation>
	<folder></folder>
	<filename>094_a4711158_jpg.rf.bdb5c9c70c70ad1f9dce1fdf1ebbed45.jpg</filename>
	<path>094_a4711158_jpg.rf.bdb5c9c70c70ad1f9dce1fdf1ebbed45.jpg</path>
	<source>
		<database>roboflow.ai</database>
	</source>
	<size>
		<width>474</width>
		<height>473</height>
		<depth>3</depth>
	</size>
	<segmented>0</segmented>
	<object>
		<name>leopard</name>
		<pose>Unspecified</pose>
		<truncated>0</truncated>
		<difficult>0</difficult>
		<occluded>0</occluded>
		<bndbox>
			<xmin>80</xmin>
			<xmax>416</xmax>
			<ymin>112</ymin>
			<ymax>342</ymax>
		</bndbox>
	</object>
</annotation>
