<annotation>
	<folder></folder>
	<filename>020_jpg.rf.986c49575a690a94f3b62a425b54f80e.jpg</filename>
	<path>020_jpg.rf.986c49575a690a94f3b62a425b54f80e.jpg</path>
	<source>
		<database>roboflow.ai</database>
	</source>
	<size>
		<width>1024</width>
		<height>683</height>
		<depth>3</depth>
	</size>
	<segmented>0</segmented>
	<object>
		<name>rhino</name>
		<pose>Unspecified</pose>
		<truncated>0</truncated>
		<difficult>0</difficult>
		<occluded>0</occluded>
		<bndbox>
			<xmin>628</xmin>
			<xmax>841</xmax>
			<ymin>395</ymin>
			<ymax>592</ymax>
		</bndbox>
	</object>
	<object>
		<name>rhino</name>
		<pose>Unspecified</pose>
		<truncated>0</truncated>
		<difficult>0</difficult>
		<occluded>0</occluded>
		<bndbox>
			<xmin>90</xmin>
			<xmax>747</xmax>
			<ymin>77</ymin>
			<ymax>536</ymax>
		</bndbox>
	</object>
</annotation>
