<annotation>
	<folder></folder>
	<filename>046_jpg.rf.218f3cd43de9d3a6b4e39f05cf89ce35.jpg</filename>
	<path>046_jpg.rf.218f3cd43de9d3a6b4e39f05cf89ce35.jpg</path>
	<source>
		<database>roboflow.ai</database>
	</source>
	<size>
		<width>640</width>
		<height>427</height>
		<depth>3</depth>
	</size>
	<segmented>0</segmented>
	<object>
		<name>elephant</name>
		<pose>Unspecified</pose>
		<truncated>0</truncated>
		<difficult>0</difficult>
		<occluded>0</occluded>
		<bndbox>
			<xmin>266</xmin>
			<xmax>578</xmax>
			<ymin>16</ymin>
			<ymax>407</ymax>
		</bndbox>
	</object>
</annotation>
