<annotation>
	<folder></folder>
	<filename>100_399736d4_jpg.rf.695b828003425662dd0bd7f091bcf9b9.jpg</filename>
	<path>100_399736d4_jpg.rf.695b828003425662dd0bd7f091bcf9b9.jpg</path>
	<source>
		<database>roboflow.ai</database>
	</source>
	<size>
		<width>474</width>
		<height>411</height>
		<depth>3</depth>
	</size>
	<segmented>0</segmented>
	<object>
		<name>lion</name>
		<pose>Unspecified</pose>
		<truncated>0</truncated>
		<difficult>0</difficult>
		<occluded>0</occluded>
		<bndbox>
			<xmin>122</xmin>
			<xmax>398</xmax>
			<ymin>62</ymin>
			<ymax>366</ymax>
		</bndbox>
	</object>
	<object>
		<name>lion</name>
		<pose>Unspecified</pose>
		<truncated>0</truncated>
		<difficult>0</difficult>
		<occluded>0</occluded>
		<bndbox>
			<xmin>48</xmin>
			<xmax>289</xmax>
			<ymin>80</ymin>
			<ymax>381</ymax>
		</bndbox>
	</object>
</annotation>
