<annotation>
	<folder></folder>
	<filename>054_jpg.rf.ed0436a19055291db508225bb0325d3e.jpg</filename>
	<path>054_jpg.rf.ed0436a19055291db508225bb0325d3e.jpg</path>
	<source>
		<database>roboflow.ai</database>
	</source>
	<size>
		<width>800</width>
		<height>600</height>
		<depth>3</depth>
	</size>
	<segmented>0</segmented>
	<object>
		<name>rhino</name>
		<pose>Unspecified</pose>
		<truncated>0</truncated>
		<difficult>0</difficult>
		<occluded>0</occluded>
		<bndbox>
			<xmin>232</xmin>
			<xmax>750</xmax>
			<ymin>111</ymin>
			<ymax>445</ymax>
		</bndbox>
	</object>
</annotation>
