<annotation>
	<folder></folder>
	<filename>089_jpg.rf.c1ad9951613e6da26b59c32beab05a43.jpg</filename>
	<path>089_jpg.rf.c1ad9951613e6da26b59c32beab05a43.jpg</path>
	<source>
		<database>roboflow.ai</database>
	</source>
	<size>
		<width>600</width>
		<height>400</height>
		<depth>3</depth>
	</size>
	<segmented>0</segmented>
	<object>
		<name>rhino</name>
		<pose>Unspecified</pose>
		<truncated>0</truncated>
		<difficult>0</difficult>
		<occluded>0</occluded>
		<bndbox>
			<xmin>112</xmin>
			<xmax>568</xmax>
			<ymin>124</ymin>
			<ymax>349</ymax>
		</bndbox>
	</object>
</annotation>
