<annotation>
	<folder></folder>
	<filename>032_jpg.rf.3e7e7a63a1d256d492057f6495d7fda5.jpg</filename>
	<path>032_jpg.rf.3e7e7a63a1d256d492057f6495d7fda5.jpg</path>
	<source>
		<database>roboflow.ai</database>
	</source>
	<size>
		<width>184</width>
		<height>239</height>
		<depth>3</depth>
	</size>
	<segmented>0</segmented>
	<object>
		<name>buffalo</name>
		<pose>Unspecified</pose>
		<truncated>0</truncated>
		<difficult>0</difficult>
		<occluded>0</occluded>
		<bndbox>
			<xmin>13</xmin>
			<xmax>162</xmax>
			<ymin>54</ymin>
			<ymax>226</ymax>
		</bndbox>
	</object>
</annotation>
