<annotation>
	<folder></folder>
	<filename>086_jpg.rf.9ebc787c525f8eeb66973dc08a2dcc0c.jpg</filename>
	<path>086_jpg.rf.9ebc787c525f8eeb66973dc08a2dcc0c.jpg</path>
	<source>
		<database>roboflow.ai</database>
	</source>
	<size>
		<width>640</width>
		<height>428</height>
		<depth>3</depth>
	</size>
	<segmented>0</segmented>
	<object>
		<name>elephant</name>
		<pose>Unspecified</pose>
		<truncated>0</truncated>
		<difficult>0</difficult>
		<occluded>0</occluded>
		<bndbox>
			<xmin>54</xmin>
			<xmax>338</xmax>
			<ymin>99</ymin>
			<ymax>384</ymax>
		</bndbox>
	</object>
	<object>
		<name>elephant</name>
		<pose>Unspecified</pose>
		<truncated>0</truncated>
		<difficult>0</difficult>
		<occluded>0</occluded>
		<bndbox>
			<xmin>399</xmin>
			<xmax>542</xmax>
			<ymin>146</ymin>
			<ymax>341</ymax>
		</bndbox>
	</object>
</annotation>
