<annotation>
	<folder></folder>
	<filename>026_bb5a4dc8_jpg.rf.5db9685417bb9b0c126837fae4d1ea20.jpg</filename>
	<path>026_bb5a4dc8_jpg.rf.5db9685417bb9b0c126837fae4d1ea20.jpg</path>
	<source>
		<database>roboflow.ai</database>
	</source>
	<size>
		<width>474</width>
		<height>474</height>
		<depth>3</depth>
	</size>
	<segmented>0</segmented>
	<object>
		<name>leopard</name>
		<pose>Unspecified</pose>
		<truncated>0</truncated>
		<difficult>0</difficult>
		<occluded>0</occluded>
		<bndbox>
			<xmin>1</xmin>
			<xmax>441</xmax>
			<ymin>1</ymin>
			<ymax>389</ymax>
		</bndbox>
	</object>
	<object>
		<name>leopard</name>
		<pose>Unspecified</pose>
		<truncated>0</truncated>
		<difficult>0</difficult>
		<occluded>0</occluded>
		<bndbox>
			<xmin>1</xmin>
			<xmax>474</xmax>
			<ymin>156</ymin>
			<ymax>407</ymax>
		</bndbox>
	</object>
</annotation>
