<annotation>
	<folder></folder>
	<filename>032_63c7a35b_jpg.rf.c168a6a1db2e31c074768d733751682b.jpg</filename>
	<path>032_63c7a35b_jpg.rf.c168a6a1db2e31c074768d733751682b.jpg</path>
	<source>
		<database>roboflow.ai</database>
	</source>
	<size>
		<width>474</width>
		<height>474</height>
		<depth>3</depth>
	</size>
	<segmented>0</segmented>
	<object>
		<name>leopard</name>
		<pose>Unspecified</pose>
		<truncated>0</truncated>
		<difficult>0</difficult>
		<occluded>0</occluded>
		<bndbox>
			<xmin>81</xmin>
			<xmax>395</xmax>
			<ymin>1</ymin>
			<ymax>455</ymax>
		</bndbox>
	</object>
</annotation>
