<annotation>
	<folder></folder>
	<filename>013_jpg.rf.8890d65e67d1e9b5d24e07a75a02ab7a.jpg</filename>
	<path>013_jpg.rf.8890d65e67d1e9b5d24e07a75a02ab7a.jpg</path>
	<source>
		<database>roboflow.ai</database>
	</source>
	<size>
		<width>852</width>
		<height>480</height>
		<depth>3</depth>
	</size>
	<segmented>0</segmented>
	<object>
		<name>buffalo</name>
		<pose>Unspecified</pose>
		<truncated>0</truncated>
		<difficult>0</difficult>
		<occluded>0</occluded>
		<bndbox>
			<xmin>310</xmin>
			<xmax>598</xmax>
			<ymin>45</ymin>
			<ymax>444</ymax>
		</bndbox>
	</object>
</annotation>
