<annotation>
	<folder></folder>
	<filename>003_jpg.rf.d38deba09bce1ba3ca413ee8ff2bad88.jpg</filename>
	<path>003_jpg.rf.d38deba09bce1ba3ca413ee8ff2bad88.jpg</path>
	<source>
		<database>roboflow.ai</database>
	</source>
	<size>
		<width>1200</width>
		<height>858</height>
		<depth>3</depth>
	</size>
	<segmented>0</segmented>
	<object>
		<name>rhino</name>
		<pose>Unspecified</pose>
		<truncated>0</truncated>
		<difficult>0</difficult>
		<occluded>0</occluded>
		<bndbox>
			<xmin>2</xmin>
			<xmax>990</xmax>
			<ymin>233</ymin>
			<ymax>841</ymax>
		</bndbox>
	</object>
</annotation>
