<annotation>
	<folder></folder>
	<filename>068_fe8766a1_jpg.rf.99e9632a4f3311caa8ccec9d1a28f154.jpg</filename>
	<path>068_fe8766a1_jpg.rf.99e9632a4f3311caa8ccec9d1a28f154.jpg</path>
	<source>
		<database>roboflow.ai</database>
	</source>
	<size>
		<width>474</width>
		<height>474</height>
		<depth>3</depth>
	</size>
	<segmented>0</segmented>
	<object>
		<name>leopard</name>
		<pose>Unspecified</pose>
		<truncated>0</truncated>
		<difficult>0</difficult>
		<occluded>0</occluded>
		<bndbox>
			<xmin>1</xmin>
			<xmax>387</xmax>
			<ymin>1</ymin>
			<ymax>371</ymax>
		</bndbox>
	</object>
</annotation>
