<annotation>
	<folder></folder>
	<filename>077_92efde8b_jpg.rf.4608a9427cf022be857a8f17cb844d01.jpg</filename>
	<path>077_92efde8b_jpg.rf.4608a9427cf022be857a8f17cb844d01.jpg</path>
	<source>
		<database>roboflow.ai</database>
	</source>
	<size>
		<width>474</width>
		<height>474</height>
		<depth>3</depth>
	</size>
	<segmented>0</segmented>
	<object>
		<name>leopard</name>
		<pose>Unspecified</pose>
		<truncated>0</truncated>
		<difficult>0</difficult>
		<occluded>0</occluded>
		<bndbox>
			<xmin>34</xmin>
			<xmax>267</xmax>
			<ymin>31</ymin>
			<ymax>451</ymax>
		</bndbox>
	</object>
</annotation>
