<annotation>
	<folder></folder>
	<filename>036_e65c25fc_jpg.rf.51bb316f02b28d039edc0c9d34656114.jpg</filename>
	<path>036_e65c25fc_jpg.rf.51bb316f02b28d039edc0c9d34656114.jpg</path>
	<source>
		<database>roboflow.ai</database>
	</source>
	<size>
		<width>474</width>
		<height>410</height>
		<depth>3</depth>
	</size>
	<segmented>0</segmented>
	<object>
		<name>lion</name>
		<pose>Unspecified</pose>
		<truncated>0</truncated>
		<difficult>0</difficult>
		<occluded>0</occluded>
		<bndbox>
			<xmin>1</xmin>
			<xmax>423</xmax>
			<ymin>55</ymin>
			<ymax>386</ymax>
		</bndbox>
	</object>
</annotation>
