<annotation>
	<folder></folder>
	<filename>096_jpg.rf.a0f7a9e1aa3bcc169e687ea081f37ade.jpg</filename>
	<path>096_jpg.rf.a0f7a9e1aa3bcc169e687ea081f37ade.jpg</path>
	<source>
		<database>roboflow.ai</database>
	</source>
	<size>
		<width>3648</width>
		<height>2736</height>
		<depth>3</depth>
	</size>
	<segmented>0</segmented>
	<object>
		<name>buffalo</name>
		<pose>Unspecified</pose>
		<truncated>0</truncated>
		<difficult>0</difficult>
		<occluded>0</occluded>
		<bndbox>
			<xmin>1151</xmin>
			<xmax>3378</xmax>
			<ymin>1048</ymin>
			<ymax>2068</ymax>
		</bndbox>
	</object>
</annotation>
