<annotation>
	<folder></folder>
	<filename>009_jpg.rf.04a74f72ae378566a621e0a75a5b9738.jpg</filename>
	<path>009_jpg.rf.04a74f72ae378566a621e0a75a5b9738.jpg</path>
	<source>
		<database>roboflow.ai</database>
	</source>
	<size>
		<width>640</width>
		<height>507</height>
		<depth>3</depth>
	</size>
	<segmented>0</segmented>
	<object>
		<name>elephant</name>
		<pose>Unspecified</pose>
		<truncated>0</truncated>
		<difficult>0</difficult>
		<occluded>0</occluded>
		<bndbox>
			<xmin>443</xmin>
			<xmax>531</xmax>
			<ymin>231</ymin>
			<ymax>396</ymax>
		</bndbox>
	</object>
</annotation>
