<annotation>
	<folder></folder>
	<filename>043_jpg.rf.2b745ced2868b07c713c0afd738bc2a0.jpg</filename>
	<path>043_jpg.rf.2b745ced2868b07c713c0afd738bc2a0.jpg</path>
	<source>
		<database>roboflow.ai</database>
	</source>
	<size>
		<width>640</width>
		<height>427</height>
		<depth>3</depth>
	</size>
	<segmented>0</segmented>
	<object>
		<name>elephant</name>
		<pose>Unspecified</pose>
		<truncated>0</truncated>
		<difficult>0</difficult>
		<occluded>0</occluded>
		<bndbox>
			<xmin>144</xmin>
			<xmax>620</xmax>
			<ymin>42</ymin>
			<ymax>375</ymax>
		</bndbox>
	</object>
</annotation>
