<annotation>
	<folder></folder>
	<filename>058_35a4d456_jpg.rf.c748d8747dd74764e859a10895f76f33.jpg</filename>
	<path>058_35a4d456_jpg.rf.c748d8747dd74764e859a10895f76f33.jpg</path>
	<source>
		<database>roboflow.ai</database>
	</source>
	<size>
		<width>474</width>
		<height>474</height>
		<depth>3</depth>
	</size>
	<segmented>0</segmented>
	<object>
		<name>lion</name>
		<pose>Unspecified</pose>
		<truncated>0</truncated>
		<difficult>0</difficult>
		<occluded>0</occluded>
		<bndbox>
			<xmin>1</xmin>
			<xmax>473</xmax>
			<ymin>56</ymin>
			<ymax>474</ymax>
		</bndbox>
	</object>
</annotation>
