<annotation>
	<folder></folder>
	<filename>059_jpg.rf.50e903d81f6a4b21029e49ca9f712e9c.jpg</filename>
	<path>059_jpg.rf.50e903d81f6a4b21029e49ca9f712e9c.jpg</path>
	<source>
		<database>roboflow.ai</database>
	</source>
	<size>
		<width>640</width>
		<height>360</height>
		<depth>3</depth>
	</size>
	<segmented>0</segmented>
	<object>
		<name>elephant</name>
		<pose>Unspecified</pose>
		<truncated>0</truncated>
		<difficult>0</difficult>
		<occluded>0</occluded>
		<bndbox>
			<xmin>187</xmin>
			<xmax>383</xmax>
			<ymin>90</ymin>
			<ymax>247</ymax>
		</bndbox>
	</object>
</annotation>
