<annotation>
	<folder></folder>
	<filename>082_29fe484e_jpg.rf.f4d3cb66a8facc912988d72ee49125fd.jpg</filename>
	<path>082_29fe484e_jpg.rf.f4d3cb66a8facc912988d72ee49125fd.jpg</path>
	<source>
		<database>roboflow.ai</database>
	</source>
	<size>
		<width>474</width>
		<height>470</height>
		<depth>3</depth>
	</size>
	<segmented>0</segmented>
	<object>
		<name>leopard</name>
		<pose>Unspecified</pose>
		<truncated>0</truncated>
		<difficult>0</difficult>
		<occluded>0</occluded>
		<bndbox>
			<xmin>65</xmin>
			<xmax>421</xmax>
			<ymin>15</ymin>
			<ymax>454</ymax>
		</bndbox>
	</object>
</annotation>
