<annotation>
	<folder></folder>
	<filename>079_b8a64c47_jpg.rf.a4a7fd1adf940dd7baa1d67456965537.jpg</filename>
	<path>079_b8a64c47_jpg.rf.a4a7fd1adf940dd7baa1d67456965537.jpg</path>
	<source>
		<database>roboflow.ai</database>
	</source>
	<size>
		<width>474</width>
		<height>585</height>
		<depth>3</depth>
	</size>
	<segmented>0</segmented>
	<object>
		<name>leopard</name>
		<pose>Unspecified</pose>
		<truncated>0</truncated>
		<difficult>0</difficult>
		<occluded>0</occluded>
		<bndbox>
			<xmin>1</xmin>
			<xmax>474</xmax>
			<ymin>13</ymin>
			<ymax>511</ymax>
		</bndbox>
	</object>
	<object>
		<name>leopard</name>
		<pose>Unspecified</pose>
		<truncated>0</truncated>
		<difficult>0</difficult>
		<occluded>0</occluded>
		<bndbox>
			<xmin>141</xmin>
			<xmax>377</xmax>
			<ymin>110</ymin>
			<ymax>585</ymax>
		</bndbox>
	</object>
</annotation>
