<annotation>
	<folder></folder>
	<filename>094_jpg.rf.f0b40e5f33da9630204df15ea2314ed0.jpg</filename>
	<path>094_jpg.rf.f0b40e5f33da9630204df15ea2314ed0.jpg</path>
	<source>
		<database>roboflow.ai</database>
	</source>
	<size>
		<width>217</width>
		<height>150</height>
		<depth>3</depth>
	</size>
	<segmented>0</segmented>
	<object>
		<name>rhino</name>
		<pose>Unspecified</pose>
		<truncated>0</truncated>
		<difficult>0</difficult>
		<occluded>0</occluded>
		<bndbox>
			<xmin>44</xmin>
			<xmax>143</xmax>
			<ymin>46</ymin>
			<ymax>96</ymax>
		</bndbox>
	</object>
</annotation>
