<annotation>
	<folder></folder>
	<filename>044_jpg.rf.440a051f8f5f4911bf64495c5163031b.jpg</filename>
	<path>044_jpg.rf.440a051f8f5f4911bf64495c5163031b.jpg</path>
	<source>
		<database>roboflow.ai</database>
	</source>
	<size>
		<width>960</width>
		<height>540</height>
		<depth>3</depth>
	</size>
	<segmented>0</segmented>
	<object>
		<name>buffalo</name>
		<pose>Unspecified</pose>
		<truncated>0</truncated>
		<difficult>0</difficult>
		<occluded>0</occluded>
		<bndbox>
			<xmin>3</xmin>
			<xmax>733</xmax>
			<ymin>105</ymin>
			<ymax>540</ymax>
		</bndbox>
	</object>
</annotation>
