<annotation>
	<folder></folder>
	<filename>032_jpg.rf.703b5510c47fe784780857f132a70957.jpg</filename>
	<path>032_jpg.rf.703b5510c47fe784780857f132a70957.jpg</path>
	<source>
		<database>roboflow.ai</database>
	</source>
	<size>
		<width>800</width>
		<height>600</height>
		<depth>3</depth>
	</size>
	<segmented>0</segmented>
	<object>
		<name>rhino</name>
		<pose>Unspecified</pose>
		<truncated>0</truncated>
		<difficult>0</difficult>
		<occluded>0</occluded>
		<bndbox>
			<xmin>231</xmin>
			<xmax>733</xmax>
			<ymin>160</ymin>
			<ymax>565</ymax>
		</bndbox>
	</object>
</annotation>
