<annotation>
	<folder></folder>
	<filename>018_jpg.rf.5e04e44b8bc02eac2abffab15da9eb4c.jpg</filename>
	<path>018_jpg.rf.5e04e44b8bc02eac2abffab15da9eb4c.jpg</path>
	<source>
		<database>roboflow.ai</database>
	</source>
	<size>
		<width>1000</width>
		<height>697</height>
		<depth>3</depth>
	</size>
	<segmented>0</segmented>
	<object>
		<name>buffalo</name>
		<pose>Unspecified</pose>
		<truncated>0</truncated>
		<difficult>0</difficult>
		<occluded>0</occluded>
		<bndbox>
			<xmin>112</xmin>
			<xmax>867</xmax>
			<ymin>95</ymin>
			<ymax>662</ymax>
		</bndbox>
	</object>
</annotation>
