<annotation>
	<folder></folder>
	<filename>087_be68e537_jpg.rf.f595f09df8e6dbea8034d9c395155eaa.jpg</filename>
	<path>087_be68e537_jpg.rf.f595f09df8e6dbea8034d9c395155eaa.jpg</path>
	<source>
		<database>roboflow.ai</database>
	</source>
	<size>
		<width>474</width>
		<height>535</height>
		<depth>3</depth>
	</size>
	<segmented>0</segmented>
	<object>
		<name>lion</name>
		<pose>Unspecified</pose>
		<truncated>0</truncated>
		<difficult>0</difficult>
		<occluded>0</occluded>
		<bndbox>
			<xmin>6</xmin>
			<xmax>264</xmax>
			<ymin>13</ymin>
			<ymax>487</ymax>
		</bndbox>
	</object>
	<object>
		<name>lion</name>
		<pose>Unspecified</pose>
		<truncated>0</truncated>
		<difficult>0</difficult>
		<occluded>0</occluded>
		<bndbox>
			<xmin>74</xmin>
			<xmax>474</xmax>
			<ymin>83</ymin>
			<ymax>513</ymax>
		</bndbox>
	</object>
</annotation>
