<annotation>
	<folder></folder>
	<filename>035_jpg.rf.56eed20f7ce958fd16e98b76cada35e4.jpg</filename>
	<path>035_jpg.rf.56eed20f7ce958fd16e98b76cada35e4.jpg</path>
	<source>
		<database>roboflow.ai</database>
	</source>
	<size>
		<width>800</width>
		<height>600</height>
		<depth>3</depth>
	</size>
	<segmented>0</segmented>
	<object>
		<name>rhino</name>
		<pose>Unspecified</pose>
		<truncated>0</truncated>
		<difficult>0</difficult>
		<occluded>0</occluded>
		<bndbox>
			<xmin>181</xmin>
			<xmax>800</xmax>
			<ymin>6</ymin>
			<ymax>515</ymax>
		</bndbox>
	</object>
	<object>
		<name>rhino</name>
		<pose>Unspecified</pose>
		<truncated>0</truncated>
		<difficult>0</difficult>
		<occluded>0</occluded>
		<bndbox>
			<xmin>22</xmin>
			<xmax>576</xmax>
			<ymin>56</ymin>
			<ymax>480</ymax>
		</bndbox>
	</object>
</annotation>
