<annotation>
	<folder></folder>
	<filename>092_jpg.rf.185546a8afc50e436b6f1f9bb2f65161.jpg</filename>
	<path>092_jpg.rf.185546a8afc50e436b6f1f9bb2f65161.jpg</path>
	<source>
		<database>roboflow.ai</database>
	</source>
	<size>
		<width>640</width>
		<height>480</height>
		<depth>3</depth>
	</size>
	<segmented>0</segmented>
	<object>
		<name>elephant</name>
		<pose>Unspecified</pose>
		<truncated>0</truncated>
		<difficult>0</difficult>
		<occluded>0</occluded>
		<bndbox>
			<xmin>173</xmin>
			<xmax>438</xmax>
			<ymin>125</ymin>
			<ymax>411</ymax>
		</bndbox>
	</object>
</annotation>
