<annotation>
	<folder></folder>
	<filename>004_823b8214_jpg.rf.467eac480a69211af37c9ec4177d3df7.jpg</filename>
	<path>004_823b8214_jpg.rf.467eac480a69211af37c9ec4177d3df7.jpg</path>
	<source>
		<database>roboflow.ai</database>
	</source>
	<size>
		<width>474</width>
		<height>472</height>
		<depth>3</depth>
	</size>
	<segmented>0</segmented>
	<object>
		<name>leopard</name>
		<pose>Unspecified</pose>
		<truncated>0</truncated>
		<difficult>0</difficult>
		<occluded>0</occluded>
		<bndbox>
			<xmin>102</xmin>
			<xmax>474</xmax>
			<ymin>77</ymin>
			<ymax>472</ymax>
		</bndbox>
	</object>
</annotation>
