<annotation>
	<folder></folder>
	<filename>094_jpg.rf.fe6f8b43f6167085694e1eb31811ef90.jpg</filename>
	<path>094_jpg.rf.fe6f8b43f6167085694e1eb31811ef90.jpg</path>
	<source>
		<database>roboflow.ai</database>
	</source>
	<size>
		<width>2598</width>
		<height>1571</height>
		<depth>3</depth>
	</size>
	<segmented>0</segmented>
	<object>
		<name>buffalo</name>
		<pose>Unspecified</pose>
		<truncated>0</truncated>
		<difficult>0</difficult>
		<occluded>0</occluded>
		<bndbox>
			<xmin>2</xmin>
			<xmax>2513</xmax>
			<ymin>163</ymin>
			<ymax>1553</ymax>
		</bndbox>
	</object>
</annotation>
