<annotation>
	<folder></folder>
	<filename>011_0feb6e12_jpg.rf.13abfa710d3d99dd14a072f860f424de.jpg</filename>
	<path>011_0feb6e12_jpg.rf.13abfa710d3d99dd14a072f860f424de.jpg</path>
	<source>
		<database>roboflow.ai</database>
	</source>
	<size>
		<width>474</width>
		<height>457</height>
		<depth>3</depth>
	</size>
	<segmented>0</segmented>
	<object>
		<name>leopard</name>
		<pose>Unspecified</pose>
		<truncated>0</truncated>
		<difficult>0</difficult>
		<occluded>0</occluded>
		<bndbox>
			<xmin>45</xmin>
			<xmax>474</xmax>
			<ymin>18</ymin>
			<ymax>457</ymax>
		</bndbox>
	</object>
</annotation>
