<annotation>
	<folder></folder>
	<filename>063_jpg.rf.1e6636ebbb827a3095ff5f1179d82ffe.jpg</filename>
	<path>063_jpg.rf.1e6636ebbb827a3095ff5f1179d82ffe.jpg</path>
	<source>
		<database>roboflow.ai</database>
	</source>
	<size>
		<width>513</width>
		<height>414</height>
		<depth>3</depth>
	</size>
	<segmented>0</segmented>
	<object>
		<name>buffalo</name>
		<pose>Unspecified</pose>
		<truncated>0</truncated>
		<difficult>0</difficult>
		<occluded>0</occluded>
		<bndbox>
			<xmin>142</xmin>
			<xmax>495</xmax>
			<ymin>96</ymin>
			<ymax>398</ymax>
		</bndbox>
	</object>
	<object>
		<name>buffalo</name>
		<pose>Unspecified</pose>
		<truncated>0</truncated>
		<difficult>0</difficult>
		<occluded>0</occluded>
		<bndbox>
			<xmin>13</xmin>
			<xmax>185</xmax>
			<ymin>131</ymin>
			<ymax>320</ymax>
		</bndbox>
	</object>
	<object>
		<name>buffalo</name>
		<pose>Unspecified</pose>
		<truncated>0</truncated>
		<difficult>0</difficult>
		<occluded>0</occluded>
		<bndbox>
			<xmin>407</xmin>
			<xmax>513</xmax>
			<ymin>85</ymin>
			<ymax>171</ymax>
		</bndbox>
	</object>
	<object>
		<name>buffalo</name>
		<pose>Unspecified</pose>
		<truncated>0</truncated>
		<difficult>0</difficult>
		<occluded>0</occluded>
		<bndbox>
			<xmin>179</xmin>
			<xmax>321</xmax>
			<ymin>71</ymin>
			<ymax>149</ymax>
		</bndbox>
	</object>
</annotation>
