<annotation>
	<folder></folder>
	<filename>018_9b586f24_jpg.rf.15b786c62f957d7cc1ca4eadef979c88.jpg</filename>
	<path>018_9b586f24_jpg.rf.15b786c62f957d7cc1ca4eadef979c88.jpg</path>
	<source>
		<database>roboflow.ai</database>
	</source>
	<size>
		<width>474</width>
		<height>439</height>
		<depth>3</depth>
	</size>
	<segmented>0</segmented>
	<object>
		<name>leopard</name>
		<pose>Unspecified</pose>
		<truncated>0</truncated>
		<difficult>0</difficult>
		<occluded>0</occluded>
		<bndbox>
			<xmin>155</xmin>
			<xmax>316</xmax>
			<ymin>28</ymin>
			<ymax>416</ymax>
		</bndbox>
	</object>
</annotation>
