<annotation>
	<folder></folder>
	<filename>048_7d2b39cf_jpg.rf.823b7b11dcc42bb54fdfc5ad3d615a49.jpg</filename>
	<path>048_7d2b39cf_jpg.rf.823b7b11dcc42bb54fdfc5ad3d615a49.jpg</path>
	<source>
		<database>roboflow.ai</database>
	</source>
	<size>
		<width>474</width>
		<height>474</height>
		<depth>3</depth>
	</size>
	<segmented>0</segmented>
	<object>
		<name>lion</name>
		<pose>Unspecified</pose>
		<truncated>0</truncated>
		<difficult>0</difficult>
		<occluded>0</occluded>
		<bndbox>
			<xmin>1</xmin>
			<xmax>232</xmax>
			<ymin>100</ymin>
			<ymax>393</ymax>
		</bndbox>
	</object>
	<object>
		<name>lion</name>
		<pose>Unspecified</pose>
		<truncated>0</truncated>
		<difficult>0</difficult>
		<occluded>0</occluded>
		<bndbox>
			<xmin>174</xmin>
			<xmax>474</xmax>
			<ymin>104</ymin>
			<ymax>395</ymax>
		</bndbox>
	</object>
</annotation>
