<annotation>
	<folder></folder>
	<filename>052_jpg.rf.53f279068935f88d62b99f2b360b9887.jpg</filename>
	<path>052_jpg.rf.53f279068935f88d62b99f2b360b9887.jpg</path>
	<source>
		<database>roboflow.ai</database>
	</source>
	<size>
		<width>600</width>
		<height>399</height>
		<depth>3</depth>
	</size>
	<segmented>0</segmented>
	<object>
		<name>buffalo</name>
		<pose>Unspecified</pose>
		<truncated>0</truncated>
		<difficult>0</difficult>
		<occluded>0</occluded>
		<bndbox>
			<xmin>99</xmin>
			<xmax>464</xmax>
			<ymin>72</ymin>
			<ymax>369</ymax>
		</bndbox>
	</object>
</annotation>
