<annotation>
	<folder></folder>
	<filename>051_jpg.rf.3a20eaf394fa18d493b25964e9db47af.jpg</filename>
	<path>051_jpg.rf.3a20eaf394fa18d493b25964e9db47af.jpg</path>
	<source>
		<database>roboflow.ai</database>
	</source>
	<size>
		<width>800</width>
		<height>533</height>
		<depth>3</depth>
	</size>
	<segmented>0</segmented>
	<object>
		<name>rhino</name>
		<pose>Unspecified</pose>
		<truncated>0</truncated>
		<difficult>0</difficult>
		<occluded>0</occluded>
		<bndbox>
			<xmin>95</xmin>
			<xmax>800</xmax>
			<ymin>2</ymin>
			<ymax>531</ymax>
		</bndbox>
	</object>
</annotation>
