<annotation>
	<folder></folder>
	<filename>020_jpg.rf.02b5ed456ef396e5df33872830938b02.jpg</filename>
	<path>020_jpg.rf.02b5ed456ef396e5df33872830938b02.jpg</path>
	<source>
		<database>roboflow.ai</database>
	</source>
	<size>
		<width>300</width>
		<height>200</height>
		<depth>3</depth>
	</size>
	<segmented>0</segmented>
	<object>
		<name>buffalo</name>
		<pose>Unspecified</pose>
		<truncated>0</truncated>
		<difficult>0</difficult>
		<occluded>0</occluded>
		<bndbox>
			<xmin>65</xmin>
			<xmax>237</xmax>
			<ymin>45</ymin>
			<ymax>188</ymax>
		</bndbox>
	</object>
</annotation>
