<annotation>
	<folder></folder>
	<filename>050_jpg.rf.2d71212d0291ab2304d8e4c53092e40f.jpg</filename>
	<path>050_jpg.rf.2d71212d0291ab2304d8e4c53092e40f.jpg</path>
	<source>
		<database>roboflow.ai</database>
	</source>
	<size>
		<width>450</width>
		<height>288</height>
		<depth>3</depth>
	</size>
	<segmented>0</segmented>
	<object>
		<name>rhino</name>
		<pose>Unspecified</pose>
		<truncated>0</truncated>
		<difficult>0</difficult>
		<occluded>0</occluded>
		<bndbox>
			<xmin>34</xmin>
			<xmax>278</xmax>
			<ymin>151</ymin>
			<ymax>283</ymax>
		</bndbox>
	</object>
</annotation>
