<annotation>
	<folder></folder>
	<filename>067_jpg.rf.32cb77d7155fa965a07d7020a4665b0b.jpg</filename>
	<path>067_jpg.rf.32cb77d7155fa965a07d7020a4665b0b.jpg</path>
	<source>
		<database>roboflow.ai</database>
	</source>
	<size>
		<width>746</width>
		<height>968</height>
		<depth>3</depth>
	</size>
	<segmented>0</segmented>
	<object>
		<name>buffalo</name>
		<pose>Unspecified</pose>
		<truncated>0</truncated>
		<difficult>0</difficult>
		<occluded>0</occluded>
		<bndbox>
			<xmin>34</xmin>
			<xmax>710</xmax>
			<ymin>95</ymin>
			<ymax>924</ymax>
		</bndbox>
	</object>
</annotation>
