<annotation>
	<folder></folder>
	<filename>056_jpg.rf.a09baf993493b32c8bf4460f4f353c25.jpg</filename>
	<path>056_jpg.rf.a09baf993493b32c8bf4460f4f353c25.jpg</path>
	<source>
		<database>roboflow.ai</database>
	</source>
	<size>
		<width>424</width>
		<height>640</height>
		<depth>3</depth>
	</size>
	<segmented>0</segmented>
	<object>
		<name>elephant</name>
		<pose>Unspecified</pose>
		<truncated>0</truncated>
		<difficult>0</difficult>
		<occluded>0</occluded>
		<bndbox>
			<xmin>58</xmin>
			<xmax>387</xmax>
			<ymin>9</ymin>
			<ymax>640</ymax>
		</bndbox>
	</object>
</annotation>
