<annotation>
	<folder></folder>
	<filename>098_jpg.rf.602a666af84e2c41a0a843db9c6c4ce6.jpg</filename>
	<path>098_jpg.rf.602a666af84e2c41a0a843db9c6c4ce6.jpg</path>
	<source>
		<database>roboflow.ai</database>
	</source>
	<size>
		<width>640</width>
		<height>480</height>
		<depth>3</depth>
	</size>
	<segmented>0</segmented>
	<object>
		<name>elephant</name>
		<pose>Unspecified</pose>
		<truncated>0</truncated>
		<difficult>0</difficult>
		<occluded>0</occluded>
		<bndbox>
			<xmin>86</xmin>
			<xmax>608</xmax>
			<ymin>98</ymin>
			<ymax>475</ymax>
		</bndbox>
	</object>
	<object>
		<name>elephant</name>
		<pose>Unspecified</pose>
		<truncated>0</truncated>
		<difficult>0</difficult>
		<occluded>0</occluded>
		<bndbox>
			<xmin>2</xmin>
			<xmax>445</xmax>
			<ymin>2</ymin>
			<ymax>317</ymax>
		</bndbox>
	</object>
</annotation>
