<annotation>
	<folder></folder>
	<filename>100_jpg.rf.fff770371eecec6f877ae62af72dd237.jpg</filename>
	<path>100_jpg.rf.fff770371eecec6f877ae62af72dd237.jpg</path>
	<source>
		<database>roboflow.ai</database>
	</source>
	<size>
		<width>1280</width>
		<height>857</height>
		<depth>3</depth>
	</size>
	<segmented>0</segmented>
	<object>
		<name>rhino</name>
		<pose>Unspecified</pose>
		<truncated>0</truncated>
		<difficult>0</difficult>
		<occluded>0</occluded>
		<bndbox>
			<xmin>173</xmin>
			<xmax>802</xmax>
			<ymin>272</ymin>
			<ymax>846</ymax>
		</bndbox>
	</object>
</annotation>
