<annotation>
	<folder></folder>
	<filename>039_fd79efac_jpg.rf.69a49f9d85b68718016dd9fcf72ea3df.jpg</filename>
	<path>039_fd79efac_jpg.rf.69a49f9d85b68718016dd9fcf72ea3df.jpg</path>
	<source>
		<database>roboflow.ai</database>
	</source>
	<size>
		<width>474</width>
		<height>474</height>
		<depth>3</depth>
	</size>
	<segmented>0</segmented>
	<object>
		<name>leopard</name>
		<pose>Unspecified</pose>
		<truncated>0</truncated>
		<difficult>0</difficult>
		<occluded>0</occluded>
		<bndbox>
			<xmin>96</xmin>
			<xmax>474</xmax>
			<ymin>105</ymin>
			<ymax>474</ymax>
		</bndbox>
	</object>
</annotation>
