<annotation>
	<folder></folder>
	<filename>033_jpg.rf.5912b43d466d4f0f8b8afe13edce4aa0.jpg</filename>
	<path>033_jpg.rf.5912b43d466d4f0f8b8afe13edce4aa0.jpg</path>
	<source>
		<database>roboflow.ai</database>
	</source>
	<size>
		<width>2560</width>
		<height>1600</height>
		<depth>3</depth>
	</size>
	<segmented>0</segmented>
	<object>
		<name>buffalo</name>
		<pose>Unspecified</pose>
		<truncated>0</truncated>
		<difficult>0</difficult>
		<occluded>0</occluded>
		<bndbox>
			<xmin>685</xmin>
			<xmax>2560</xmax>
			<ymin>10</ymin>
			<ymax>1594</ymax>
		</bndbox>
	</object>
</annotation>
