<annotation>
	<folder></folder>
	<filename>043_8132540a_jpg.rf.b57152c61bea670e1a88db1797ad90b8.jpg</filename>
	<path>043_8132540a_jpg.rf.b57152c61bea670e1a88db1797ad90b8.jpg</path>
	<source>
		<database>roboflow.ai</database>
	</source>
	<size>
		<width>474</width>
		<height>568</height>
		<depth>3</depth>
	</size>
	<segmented>0</segmented>
	<object>
		<name>lion</name>
		<pose>Unspecified</pose>
		<truncated>0</truncated>
		<difficult>0</difficult>
		<occluded>0</occluded>
		<bndbox>
			<xmin>36</xmin>
			<xmax>474</xmax>
			<ymin>47</ymin>
			<ymax>541</ymax>
		</bndbox>
	</object>
</annotation>
