<annotation>
	<folder></folder>
	<filename>034_85be49c5_jpg.rf.38d81ab6d871d28706b904708a3bc00b.jpg</filename>
	<path>034_85be49c5_jpg.rf.38d81ab6d871d28706b904708a3bc00b.jpg</path>
	<source>
		<database>roboflow.ai</database>
	</source>
	<size>
		<width>474</width>
		<height>473</height>
		<depth>3</depth>
	</size>
	<segmented>0</segmented>
	<object>
		<name>lion</name>
		<pose>Unspecified</pose>
		<truncated>0</truncated>
		<difficult>0</difficult>
		<occluded>0</occluded>
		<bndbox>
			<xmin>142</xmin>
			<xmax>474</xmax>
			<ymin>57</ymin>
			<ymax>473</ymax>
		</bndbox>
	</object>
</annotation>
