<annotation>
	<folder></folder>
	<filename>081_jpg.rf.77270c7b12122710d495926f93c79513.jpg</filename>
	<path>081_jpg.rf.77270c7b12122710d495926f93c79513.jpg</path>
	<source>
		<database>roboflow.ai</database>
	</source>
	<size>
		<width>576</width>
		<height>640</height>
		<depth>3</depth>
	</size>
	<segmented>0</segmented>
	<object>
		<name>elephant</name>
		<pose>Unspecified</pose>
		<truncated>0</truncated>
		<difficult>0</difficult>
		<occluded>0</occluded>
		<bndbox>
			<xmin>113</xmin>
			<xmax>428</xmax>
			<ymin>174</ymin>
			<ymax>640</ymax>
		</bndbox>
	</object>
</annotation>
