<annotation>
	<folder></folder>
	<filename>057_jpg.rf.f49deb0684e87b55b7bb852fc93a47a0.jpg</filename>
	<path>057_jpg.rf.f49deb0684e87b55b7bb852fc93a47a0.jpg</path>
	<source>
		<database>roboflow.ai</database>
	</source>
	<size>
		<width>129</width>
		<height>86</height>
		<depth>3</depth>
	</size>
	<segmented>0</segmented>
	<object>
		<name>rhino</name>
		<pose>Unspecified</pose>
		<truncated>0</truncated>
		<difficult>0</difficult>
		<occluded>0</occluded>
		<bndbox>
			<xmin>35</xmin>
			<xmax>113</xmax>
			<ymin>6</ymin>
			<ymax>82</ymax>
		</bndbox>
	</object>
</annotation>
