<annotation>
	<folder></folder>
	<filename>090_041a805d_jpg.rf.e01e81b17092bcea3429b53d530510fc.jpg</filename>
	<path>090_041a805d_jpg.rf.e01e81b17092bcea3429b53d530510fc.jpg</path>
	<source>
		<database>roboflow.ai</database>
	</source>
	<size>
		<width>474</width>
		<height>466</height>
		<depth>3</depth>
	</size>
	<segmented>0</segmented>
	<object>
		<name>lion</name>
		<pose>Unspecified</pose>
		<truncated>0</truncated>
		<difficult>0</difficult>
		<occluded>0</occluded>
		<bndbox>
			<xmin>1</xmin>
			<xmax>394</xmax>
			<ymin>16</ymin>
			<ymax>466</ymax>
		</bndbox>
	</object>
</annotation>
