<annotation>
	<folder></folder>
	<filename>097_c87f4cfe_jpg.rf.b7bfc15c9d67ec6efd27fdb9f7a553f7.jpg</filename>
	<path>097_c87f4cfe_jpg.rf.b7bfc15c9d67ec6efd27fdb9f7a553f7.jpg</path>
	<source>
		<database>roboflow.ai</database>
	</source>
	<size>
		<width>474</width>
		<height>569</height>
		<depth>3</depth>
	</size>
	<segmented>0</segmented>
	<object>
		<name>lion</name>
		<pose>Unspecified</pose>
		<truncated>0</truncated>
		<difficult>0</difficult>
		<occluded>0</occluded>
		<bndbox>
			<xmin>117</xmin>
			<xmax>365</xmax>
			<ymin>42</ymin>
			<ymax>558</ymax>
		</bndbox>
	</object>
	<object>
		<name>lion</name>
		<pose>Unspecified</pose>
		<truncated>0</truncated>
		<difficult>0</difficult>
		<occluded>0</occluded>
		<bndbox>
			<xmin>1</xmin>
			<xmax>181</xmax>
			<ymin>279</ymin>
			<ymax>473</ymax>
		</bndbox>
	</object>
</annotation>
