<annotation>
	<folder></folder>
	<filename>095_jpg.rf.8d2d79b2a3e8cb5aacd08dbf4576bf7e.jpg</filename>
	<path>095_jpg.rf.8d2d79b2a3e8cb5aacd08dbf4576bf7e.jpg</path>
	<source>
		<database>roboflow.ai</database>
	</source>
	<size>
		<width>640</width>
		<height>480</height>
		<depth>3</depth>
	</size>
	<segmented>0</segmented>
	<object>
		<name>elephant</name>
		<pose>Unspecified</pose>
		<truncated>0</truncated>
		<difficult>0</difficult>
		<occluded>0</occluded>
		<bndbox>
			<xmin>342</xmin>
			<xmax>568</xmax>
			<ymin>108</ymin>
			<ymax>308</ymax>
		</bndbox>
	</object>
	<object>
		<name>elephant</name>
		<pose>Unspecified</pose>
		<truncated>0</truncated>
		<difficult>0</difficult>
		<occluded>0</occluded>
		<bndbox>
			<xmin>179</xmin>
			<xmax>331</xmax>
			<ymin>146</ymin>
			<ymax>317</ymax>
		</bndbox>
	</object>
</annotation>
