<annotation>
	<folder></folder>
	<filename>033_7747165a_jpg.rf.db66ecbd8f7793bc4b42ea97206fe5d8.jpg</filename>
	<path>033_7747165a_jpg.rf.db66ecbd8f7793bc4b42ea97206fe5d8.jpg</path>
	<source>
		<database>roboflow.ai</database>
	</source>
	<size>
		<width>474</width>
		<height>590</height>
		<depth>3</depth>
	</size>
	<segmented>0</segmented>
	<object>
		<name>lion</name>
		<pose>Unspecified</pose>
		<truncated>0</truncated>
		<difficult>0</difficult>
		<occluded>0</occluded>
		<bndbox>
			<xmin>1</xmin>
			<xmax>474</xmax>
			<ymin>26</ymin>
			<ymax>590</ymax>
		</bndbox>
	</object>
</annotation>
