<annotation>
	<folder></folder>
	<filename>046_f62bac90_jpg.rf.1ec113fdac35bbcb3537ad75c394ed86.jpg</filename>
	<path>046_f62bac90_jpg.rf.1ec113fdac35bbcb3537ad75c394ed86.jpg</path>
	<source>
		<database>roboflow.ai</database>
	</source>
	<size>
		<width>474</width>
		<height>474</height>
		<depth>3</depth>
	</size>
	<segmented>0</segmented>
	<object>
		<name>lion</name>
		<pose>Unspecified</pose>
		<truncated>0</truncated>
		<difficult>0</difficult>
		<occluded>0</occluded>
		<bndbox>
			<xmin>224</xmin>
			<xmax>474</xmax>
			<ymin>1</ymin>
			<ymax>430</ymax>
		</bndbox>
	</object>
	<object>
		<name>lion</name>
		<pose>Unspecified</pose>
		<truncated>0</truncated>
		<difficult>0</difficult>
		<occluded>0</occluded>
		<bndbox>
			<xmin>1</xmin>
			<xmax>474</xmax>
			<ymin>66</ymin>
			<ymax>474</ymax>
		</bndbox>
	</object>
	<object>
		<name>lion</name>
		<pose>Unspecified</pose>
		<truncated>0</truncated>
		<difficult>0</difficult>
		<occluded>0</occluded>
		<bndbox>
			<xmin>1</xmin>
			<xmax>194</xmax>
			<ymin>185</ymin>
			<ymax>474</ymax>
		</bndbox>
	</object>
</annotation>
