<annotation>
	<folder></folder>
	<filename>022_jpg.rf.ab3ee20d6245331991dda4d429e85c7b.jpg</filename>
	<path>022_jpg.rf.ab3ee20d6245331991dda4d429e85c7b.jpg</path>
	<source>
		<database>roboflow.ai</database>
	</source>
	<size>
		<width>625</width>
		<height>325</height>
		<depth>3</depth>
	</size>
	<segmented>0</segmented>
	<object>
		<name>rhino</name>
		<pose>Unspecified</pose>
		<truncated>0</truncated>
		<difficult>0</difficult>
		<occluded>0</occluded>
		<bndbox>
			<xmin>211</xmin>
			<xmax>326</xmax>
			<ymin>165</ymin>
			<ymax>281</ymax>
		</bndbox>
	</object>
	<object>
		<name>rhino</name>
		<pose>Unspecified</pose>
		<truncated>0</truncated>
		<difficult>0</difficult>
		<occluded>0</occluded>
		<bndbox>
			<xmin>294</xmin>
			<xmax>521</xmax>
			<ymin>15</ymin>
			<ymax>319</ymax>
		</bndbox>
	</object>
</annotation>
