<annotation>
	<folder></folder>
	<filename>026_jpg.rf.fc44b0334a1d5f60b3d504df73c58b7d.jpg</filename>
	<path>026_jpg.rf.fc44b0334a1d5f60b3d504df73c58b7d.jpg</path>
	<source>
		<database>roboflow.ai</database>
	</source>
	<size>
		<width>600</width>
		<height>440</height>
		<depth>3</depth>
	</size>
	<segmented>0</segmented>
	<object>
		<name>buffalo</name>
		<pose>Unspecified</pose>
		<truncated>0</truncated>
		<difficult>0</difficult>
		<occluded>0</occluded>
		<bndbox>
			<xmin>145</xmin>
			<xmax>449</xmax>
			<ymin>13</ymin>
			<ymax>440</ymax>
		</bndbox>
	</object>
</annotation>
