<annotation>
	<folder></folder>
	<filename>034_jpg.rf.d220826cd3764816a55cdd6d2e27f84b.jpg</filename>
	<path>034_jpg.rf.d220826cd3764816a55cdd6d2e27f84b.jpg</path>
	<source>
		<database>roboflow.ai</database>
	</source>
	<size>
		<width>800</width>
		<height>600</height>
		<depth>3</depth>
	</size>
	<segmented>0</segmented>
	<object>
		<name>rhino</name>
		<pose>Unspecified</pose>
		<truncated>0</truncated>
		<difficult>0</difficult>
		<occluded>0</occluded>
		<bndbox>
			<xmin>294</xmin>
			<xmax>469</xmax>
			<ymin>334</ymin>
			<ymax>549</ymax>
		</bndbox>
	</object>
	<object>
		<name>rhino</name>
		<pose>Unspecified</pose>
		<truncated>0</truncated>
		<difficult>0</difficult>
		<occluded>0</occluded>
		<bndbox>
			<xmin>2</xmin>
			<xmax>576</xmax>
			<ymin>18</ymin>
			<ymax>480</ymax>
		</bndbox>
	</object>
</annotation>
