<annotation>
	<folder></folder>
	<filename>008_jpg.rf.ac2cb73e75437fe8e2eea9876f32e4d5.jpg</filename>
	<path>008_jpg.rf.ac2cb73e75437fe8e2eea9876f32e4d5.jpg</path>
	<source>
		<database>roboflow.ai</database>
	</source>
	<size>
		<width>1024</width>
		<height>768</height>
		<depth>3</depth>
	</size>
	<segmented>0</segmented>
	<object>
		<name>buffalo</name>
		<pose>Unspecified</pose>
		<truncated>0</truncated>
		<difficult>0</difficult>
		<occluded>0</occluded>
		<bndbox>
			<xmin>33</xmin>
			<xmax>944</xmax>
			<ymin>61</ymin>
			<ymax>625</ymax>
		</bndbox>
	</object>
</annotation>
