<annotation>
	<folder></folder>
	<filename>004_jpg.rf.f23c3cfeee2b3e013a60a13ddecfc843.jpg</filename>
	<path>004_jpg.rf.f23c3cfeee2b3e013a60a13ddecfc843.jpg</path>
	<source>
		<database>roboflow.ai</database>
	</source>
	<size>
		<width>1920</width>
		<height>1047</height>
		<depth>3</depth>
	</size>
	<segmented>0</segmented>
	<object>
		<name>buffalo</name>
		<pose>Unspecified</pose>
		<truncated>0</truncated>
		<difficult>0</difficult>
		<occluded>0</occluded>
		<bndbox>
			<xmin>257</xmin>
			<xmax>1230</xmax>
			<ymin>300</ymin>
			<ymax>984</ymax>
		</bndbox>
	</object>
</annotation>
