<annotation>
	<folder></folder>
	<filename>097_jpg.rf.8005eb90ff073c5059c30ad3ef68535c.jpg</filename>
	<path>097_jpg.rf.8005eb90ff073c5059c30ad3ef68535c.jpg</path>
	<source>
		<database>roboflow.ai</database>
	</source>
	<size>
		<width>350</width>
		<height>250</height>
		<depth>3</depth>
	</size>
	<segmented>0</segmented>
	<object>
		<name>rhino</name>
		<pose>Unspecified</pose>
		<truncated>0</truncated>
		<difficult>0</difficult>
		<occluded>0</occluded>
		<bndbox>
			<xmin>8</xmin>
			<xmax>188</xmax>
			<ymin>4</ymin>
			<ymax>250</ymax>
		</bndbox>
	</object>
</annotation>
