<annotation>
	<folder></folder>
	<filename>045_1bf7cefd_jpg.rf.66c11daf15273c0dfc0e0bc0413f86c1.jpg</filename>
	<path>045_1bf7cefd_jpg.rf.66c11daf15273c0dfc0e0bc0413f86c1.jpg</path>
	<source>
		<database>roboflow.ai</database>
	</source>
	<size>
		<width>474</width>
		<height>569</height>
		<depth>3</depth>
	</size>
	<segmented>0</segmented>
	<object>
		<name>lion</name>
		<pose>Unspecified</pose>
		<truncated>0</truncated>
		<difficult>0</difficult>
		<occluded>0</occluded>
		<bndbox>
			<xmin>144</xmin>
			<xmax>361</xmax>
			<ymin>98</ymin>
			<ymax>494</ymax>
		</bndbox>
	</object>
</annotation>
