<annotation>
	<folder></folder>
	<filename>011_jpg.rf.c02a226840101b15b4bcd3131f8d4cf9.jpg</filename>
	<path>011_jpg.rf.c02a226840101b15b4bcd3131f8d4cf9.jpg</path>
	<source>
		<database>roboflow.ai</database>
	</source>
	<size>
		<width>299</width>
		<height>200</height>
		<depth>3</depth>
	</size>
	<segmented>0</segmented>
	<object>
		<name>buffalo</name>
		<pose>Unspecified</pose>
		<truncated>0</truncated>
		<difficult>0</difficult>
		<occluded>0</occluded>
		<bndbox>
			<xmin>68</xmin>
			<xmax>249</xmax>
			<ymin>43</ymin>
			<ymax>165</ymax>
		</bndbox>
	</object>
	<object>
		<name>buffalo</name>
		<pose>Unspecified</pose>
		<truncated>0</truncated>
		<difficult>0</difficult>
		<occluded>0</occluded>
		<bndbox>
			<xmin>57</xmin>
			<xmax>123</xmax>
			<ymin>23</ymin>
			<ymax>67</ymax>
		</bndbox>
	</object>
	<object>
		<name>buffalo</name>
		<pose>Unspecified</pose>
		<truncated>0</truncated>
		<difficult>0</difficult>
		<occluded>0</occluded>
		<bndbox>
			<xmin>176</xmin>
			<xmax>224</xmax>
			<ymin>25</ymin>
			<ymax>51</ymax>
		</bndbox>
	</object>
	<object>
		<name>buffalo</name>
		<pose>Unspecified</pose>
		<truncated>0</truncated>
		<difficult>0</difficult>
		<occluded>0</occluded>
		<bndbox>
			<xmin>219</xmin>
			<xmax>264</xmax>
			<ymin>30</ymin>
			<ymax>53</ymax>
		</bndbox>
	</object>
</annotation>
