<annotation>
	<folder></folder>
	<filename>053_jpg.rf.28a81e4032152806e6fe5b124ae5b2dd.jpg</filename>
	<path>053_jpg.rf.28a81e4032152806e6fe5b124ae5b2dd.jpg</path>
	<source>
		<database>roboflow.ai</database>
	</source>
	<size>
		<width>960</width>
		<height>540</height>
		<depth>3</depth>
	</size>
	<segmented>0</segmented>
	<object>
		<name>buffalo</name>
		<pose>Unspecified</pose>
		<truncated>0</truncated>
		<difficult>0</difficult>
		<occluded>0</occluded>
		<bndbox>
			<xmin>26</xmin>
			<xmax>822</xmax>
			<ymin>57</ymin>
			<ymax>540</ymax>
		</bndbox>
	</object>
</annotation>
