<annotation>
	<folder></folder>
	<filename>022_jpg.rf.0a9c373e9a90baa8f9960d8940d94f10.jpg</filename>
	<path>022_jpg.rf.0a9c373e9a90baa8f9960d8940d94f10.jpg</path>
	<source>
		<database>roboflow.ai</database>
	</source>
	<size>
		<width>1024</width>
		<height>653</height>
		<depth>3</depth>
	</size>
	<segmented>0</segmented>
	<object>
		<name>buffalo</name>
		<pose>Unspecified</pose>
		<truncated>0</truncated>
		<difficult>0</difficult>
		<occluded>0</occluded>
		<bndbox>
			<xmin>27</xmin>
			<xmax>365</xmax>
			<ymin>174</ymin>
			<ymax>408</ymax>
		</bndbox>
	</object>
	<object>
		<name>buffalo</name>
		<pose>Unspecified</pose>
		<truncated>0</truncated>
		<difficult>0</difficult>
		<occluded>0</occluded>
		<bndbox>
			<xmin>690</xmin>
			<xmax>996</xmax>
			<ymin>204</ymin>
			<ymax>496</ymax>
		</bndbox>
	</object>
</annotation>
