<annotation>
	<folder></folder>
	<filename>066_jpg.rf.8ae0f03209c9912e30b39e7528ef5207.jpg</filename>
	<path>066_jpg.rf.8ae0f03209c9912e30b39e7528ef5207.jpg</path>
	<source>
		<database>roboflow.ai</database>
	</source>
	<size>
		<width>960</width>
		<height>540</height>
		<depth>3</depth>
	</size>
	<segmented>0</segmented>
	<object>
		<name>buffalo</name>
		<pose>Unspecified</pose>
		<truncated>0</truncated>
		<difficult>0</difficult>
		<occluded>0</occluded>
		<bndbox>
			<xmin>181</xmin>
			<xmax>494</xmax>
			<ymin>214</ymin>
			<ymax>465</ymax>
		</bndbox>
	</object>
	<object>
		<name>buffalo</name>
		<pose>Unspecified</pose>
		<truncated>0</truncated>
		<difficult>0</difficult>
		<occluded>0</occluded>
		<bndbox>
			<xmin>516</xmin>
			<xmax>767</xmax>
			<ymin>194</ymin>
			<ymax>454</ymax>
		</bndbox>
	</object>
</annotation>
