<annotation>
	<folder></folder>
	<filename>082_jpg.rf.7829db26398b227e146aad64a0463d18.jpg</filename>
	<path>082_jpg.rf.7829db26398b227e146aad64a0463d18.jpg</path>
	<source>
		<database>roboflow.ai</database>
	</source>
	<size>
		<width>618</width>
		<height>410</height>
		<depth>3</depth>
	</size>
	<segmented>0</segmented>
	<object>
		<name>rhino</name>
		<pose>Unspecified</pose>
		<truncated>0</truncated>
		<difficult>0</difficult>
		<occluded>0</occluded>
		<bndbox>
			<xmin>106</xmin>
			<xmax>614</xmax>
			<ymin>72</ymin>
			<ymax>359</ymax>
		</bndbox>
	</object>
</annotation>
