<annotation>
	<folder></folder>
	<filename>010_jpg.rf.17c1154d7fd44571749e84cc5e072108.jpg</filename>
	<path>010_jpg.rf.17c1154d7fd44571749e84cc5e072108.jpg</path>
	<source>
		<database>roboflow.ai</database>
	</source>
	<size>
		<width>625</width>
		<height>351</height>
		<depth>3</depth>
	</size>
	<segmented>0</segmented>
	<object>
		<name>rhino</name>
		<pose>Unspecified</pose>
		<truncated>0</truncated>
		<difficult>0</difficult>
		<occluded>0</occluded>
		<bndbox>
			<xmin>39</xmin>
			<xmax>424</xmax>
			<ymin>44</ymin>
			<ymax>272</ymax>
		</bndbox>
	</object>
</annotation>
