<annotation>
	<folder></folder>
	<filename>053_jpg.rf.705a41198872da73a63a58b74d896412.jpg</filename>
	<path>053_jpg.rf.705a41198872da73a63a58b74d896412.jpg</path>
	<source>
		<database>roboflow.ai</database>
	</source>
	<size>
		<width>1024</width>
		<height>768</height>
		<depth>3</depth>
	</size>
	<segmented>0</segmented>
	<object>
		<name>rhino</name>
		<pose>Unspecified</pose>
		<truncated>0</truncated>
		<difficult>0</difficult>
		<occluded>0</occluded>
		<bndbox>
			<xmin>604</xmin>
			<xmax>1024</xmax>
			<ymin>256</ymin>
			<ymax>636</ymax>
		</bndbox>
	</object>
	<object>
		<name>rhino</name>
		<pose>Unspecified</pose>
		<truncated>0</truncated>
		<difficult>0</difficult>
		<occluded>0</occluded>
		<bndbox>
			<xmin>2</xmin>
			<xmax>717</xmax>
			<ymin>116</ymin>
			<ymax>623</ymax>
		</bndbox>
	</object>
</annotation>
