<annotation>
	<folder></folder>
	<filename>036_ef4051cc_jpg.rf.c6d38f363611b304fe6f061f6e0fd583.jpg</filename>
	<path>036_ef4051cc_jpg.rf.c6d38f363611b304fe6f061f6e0fd583.jpg</path>
	<source>
		<database>roboflow.ai</database>
	</source>
	<size>
		<width>474</width>
		<height>474</height>
		<depth>3</depth>
	</size>
	<segmented>0</segmented>
	<object>
		<name>leopard</name>
		<pose>Unspecified</pose>
		<truncated>0</truncated>
		<difficult>0</difficult>
		<occluded>0</occluded>
		<bndbox>
			<xmin>123</xmin>
			<xmax>403</xmax>
			<ymin>172</ymin>
			<ymax>418</ymax>
		</bndbox>
	</object>
</annotation>
