<annotation>
	<folder></folder>
	<filename>091_jpg.rf.85c344d4e3cd6a010d45866bd577808b.jpg</filename>
	<path>091_jpg.rf.85c344d4e3cd6a010d45866bd577808b.jpg</path>
	<source>
		<database>roboflow.ai</database>
	</source>
	<size>
		<width>1824</width>
		<height>1368</height>
		<depth>3</depth>
	</size>
	<segmented>0</segmented>
	<object>
		<name>buffalo</name>
		<pose>Unspecified</pose>
		<truncated>0</truncated>
		<difficult>0</difficult>
		<occluded>0</occluded>
		<bndbox>
			<xmin>676</xmin>
			<xmax>1441</xmax>
			<ymin>338</ymin>
			<ymax>858</ymax>
		</bndbox>
	</object>
	<object>
		<name>buffalo</name>
		<pose>Unspecified</pose>
		<truncated>0</truncated>
		<difficult>0</difficult>
		<occluded>0</occluded>
		<bndbox>
			<xmin>596</xmin>
			<xmax>1203</xmax>
			<ymin>817</ymin>
			<ymax>1200</ymax>
		</bndbox>
	</object>
	<object>
		<name>buffalo</name>
		<pose>Unspecified</pose>
		<truncated>0</truncated>
		<difficult>0</difficult>
		<occluded>0</occluded>
		<bndbox>
			<xmin>446</xmin>
			<xmax>833</xmax>
			<ymin>629</ymin>
			<ymax>1058</ymax>
		</bndbox>
	</object>
</annotation>
