<annotation>
	<folder></folder>
	<filename>028_jpg.rf.2f9235c7aefc693751807437f899baee.jpg</filename>
	<path>028_jpg.rf.2f9235c7aefc693751807437f899baee.jpg</path>
	<source>
		<database>roboflow.ai</database>
	</source>
	<size>
		<width>203</width>
		<height>152</height>
		<depth>3</depth>
	</size>
	<segmented>0</segmented>
	<object>
		<name>rhino</name>
		<pose>Unspecified</pose>
		<truncated>0</truncated>
		<difficult>0</difficult>
		<occluded>0</occluded>
		<bndbox>
			<xmin>2</xmin>
			<xmax>188</xmax>
			<ymin>30</ymin>
			<ymax>118</ymax>
		</bndbox>
	</object>
</annotation>
