<annotation>
	<folder></folder>
	<filename>061_jpg.rf.b781995cabf36a023ab7d343c82c39af.jpg</filename>
	<path>061_jpg.rf.b781995cabf36a023ab7d343c82c39af.jpg</path>
	<source>
		<database>roboflow.ai</database>
	</source>
	<size>
		<width>432</width>
		<height>324</height>
		<depth>3</depth>
	</size>
	<segmented>0</segmented>
	<object>
		<name>rhino</name>
		<pose>Unspecified</pose>
		<truncated>0</truncated>
		<difficult>0</difficult>
		<occluded>0</occluded>
		<bndbox>
			<xmin>97</xmin>
			<xmax>346</xmax>
			<ymin>41</ymin>
			<ymax>219</ymax>
		</bndbox>
	</object>
</annotation>
