<annotation>
	<folder></folder>
	<filename>041_jpg.rf.8357ec4f53c6129f3880a8afb13d5de0.jpg</filename>
	<path>041_jpg.rf.8357ec4f53c6129f3880a8afb13d5de0.jpg</path>
	<source>
		<database>roboflow.ai</database>
	</source>
	<size>
		<width>220</width>
		<height>157</height>
		<depth>3</depth>
	</size>
	<segmented>0</segmented>
	<object>
		<name>buffalo</name>
		<pose>Unspecified</pose>
		<truncated>0</truncated>
		<difficult>0</difficult>
		<occluded>0</occluded>
		<bndbox>
			<xmin>13</xmin>
			<xmax>218</xmax>
			<ymin>29</ymin>
			<ymax>157</ymax>
		</bndbox>
	</object>
</annotation>
