<annotation>
	<folder></folder>
	<filename>019_jpg.rf.126536e178b70ae1f42c046c66fec74f.jpg</filename>
	<path>019_jpg.rf.126536e178b70ae1f42c046c66fec74f.jpg</path>
	<source>
		<database>roboflow.ai</database>
	</source>
	<size>
		<width>384</width>
		<height>251</height>
		<depth>3</depth>
	</size>
	<segmented>0</segmented>
	<object>
		<name>buffalo</name>
		<pose>Unspecified</pose>
		<truncated>0</truncated>
		<difficult>0</difficult>
		<occluded>0</occluded>
		<bndbox>
			<xmin>21</xmin>
			<xmax>368</xmax>
			<ymin>29</ymin>
			<ymax>249</ymax>
		</bndbox>
	</object>
</annotation>
