<annotation>
	<folder></folder>
	<filename>003_jpg.rf.b5ffe28619272ce640d42081f21f0b66.jpg</filename>
	<path>003_jpg.rf.b5ffe28619272ce640d42081f21f0b66.jpg</path>
	<source>
		<database>roboflow.ai</database>
	</source>
	<size>
		<width>640</width>
		<height>360</height>
		<depth>3</depth>
	</size>
	<segmented>0</segmented>
	<object>
		<name>elephant</name>
		<pose>Unspecified</pose>
		<truncated>0</truncated>
		<difficult>0</difficult>
		<occluded>0</occluded>
		<bndbox>
			<xmin>330</xmin>
			<xmax>640</xmax>
			<ymin>106</ymin>
			<ymax>359</ymax>
		</bndbox>
	</object>
	<object>
		<name>elephant</name>
		<pose>Unspecified</pose>
		<truncated>0</truncated>
		<difficult>0</difficult>
		<occluded>0</occluded>
		<bndbox>
			<xmin>2</xmin>
			<xmax>485</xmax>
			<ymin>82</ymin>
			<ymax>358</ymax>
		</bndbox>
	</object>
</annotation>
