<annotation>
	<folder></folder>
	<filename>065_be37813d_jpg.rf.753aa5746e48b97e85b52ec4651a531c.jpg</filename>
	<path>065_be37813d_jpg.rf.753aa5746e48b97e85b52ec4651a531c.jpg</path>
	<source>
		<database>roboflow.ai</database>
	</source>
	<size>
		<width>474</width>
		<height>398</height>
		<depth>3</depth>
	</size>
	<segmented>0</segmented>
	<object>
		<name>leopard</name>
		<pose>Unspecified</pose>
		<truncated>0</truncated>
		<difficult>0</difficult>
		<occluded>0</occluded>
		<bndbox>
			<xmin>1</xmin>
			<xmax>474</xmax>
			<ymin>21</ymin>
			<ymax>398</ymax>
		</bndbox>
	</object>
</annotation>
