<annotation>
	<folder></folder>
	<filename>044_779a5de6_jpg.rf.e9f53de64743134d68b382644f56de02.jpg</filename>
	<path>044_779a5de6_jpg.rf.e9f53de64743134d68b382644f56de02.jpg</path>
	<source>
		<database>roboflow.ai</database>
	</source>
	<size>
		<width>461</width>
		<height>525</height>
		<depth>3</depth>
	</size>
	<segmented>0</segmented>
	<object>
		<name>leopard</name>
		<pose>Unspecified</pose>
		<truncated>0</truncated>
		<difficult>0</difficult>
		<occluded>0</occluded>
		<bndbox>
			<xmin>84</xmin>
			<xmax>330</xmax>
			<ymin>176</ymin>
			<ymax>303</ymax>
		</bndbox>
	</object>
</annotation>
