<annotation>
	<folder></folder>
	<filename>047_1b630e9f_jpg.rf.9e3918652b4e61b7e554172075045c11.jpg</filename>
	<path>047_1b630e9f_jpg.rf.9e3918652b4e61b7e554172075045c11.jpg</path>
	<source>
		<database>roboflow.ai</database>
	</source>
	<size>
		<width>474</width>
		<height>582</height>
		<depth>3</depth>
	</size>
	<segmented>0</segmented>
	<object>
		<name>leopard</name>
		<pose>Unspecified</pose>
		<truncated>0</truncated>
		<difficult>0</difficult>
		<occluded>0</occluded>
		<bndbox>
			<xmin>1</xmin>
			<xmax>474</xmax>
			<ymin>126</ymin>
			<ymax>512</ymax>
		</bndbox>
	</object>
</annotation>
