<annotation>
	<folder></folder>
	<filename>056_jpg.rf.bdcfb21828fce93c9a1f494f42b95833.jpg</filename>
	<path>056_jpg.rf.bdcfb21828fce93c9a1f494f42b95833.jpg</path>
	<source>
		<database>roboflow.ai</database>
	</source>
	<size>
		<width>600</width>
		<height>749</height>
		<depth>3</depth>
	</size>
	<segmented>0</segmented>
	<object>
		<name>buffalo</name>
		<pose>Unspecified</pose>
		<truncated>0</truncated>
		<difficult>0</difficult>
		<occluded>0</occluded>
		<bndbox>
			<xmin>32</xmin>
			<xmax>534</xmax>
			<ymin>55</ymin>
			<ymax>692</ymax>
		</bndbox>
	</object>
</annotation>
