<annotation>
	<folder></folder>
	<filename>099_11e15b29_jpg.rf.92bcba74fab69f01c914da4cf33d20ec.jpg</filename>
	<path>099_11e15b29_jpg.rf.92bcba74fab69f01c914da4cf33d20ec.jpg</path>
	<source>
		<database>roboflow.ai</database>
	</source>
	<size>
		<width>474</width>
		<height>500</height>
		<depth>3</depth>
	</size>
	<segmented>0</segmented>
	<object>
		<name>lion</name>
		<pose>Unspecified</pose>
		<truncated>0</truncated>
		<difficult>0</difficult>
		<occluded>0</occluded>
		<bndbox>
			<xmin>1</xmin>
			<xmax>474</xmax>
			<ymin>20</ymin>
			<ymax>475</ymax>
		</bndbox>
	</object>
</annotation>
