<annotation>
	<folder></folder>
	<filename>049_jpg.rf.8a96569cc8823c150e24924209a39828.jpg</filename>
	<path>049_jpg.rf.8a96569cc8823c150e24924209a39828.jpg</path>
	<source>
		<database>roboflow.ai</database>
	</source>
	<size>
		<width>425</width>
		<height>640</height>
		<depth>3</depth>
	</size>
	<segmented>0</segmented>
	<object>
		<name>elephant</name>
		<pose>Unspecified</pose>
		<truncated>0</truncated>
		<difficult>0</difficult>
		<occluded>0</occluded>
		<bndbox>
			<xmin>30</xmin>
			<xmax>425</xmax>
			<ymin>26</ymin>
			<ymax>603</ymax>
		</bndbox>
	</object>
</annotation>
