<annotation>
	<folder></folder>
	<filename>078_d107d25d_jpg.rf.e96a21c566cdb73a08dbf7277051db89.jpg</filename>
	<path>078_d107d25d_jpg.rf.e96a21c566cdb73a08dbf7277051db89.jpg</path>
	<source>
		<database>roboflow.ai</database>
	</source>
	<size>
		<width>474</width>
		<height>474</height>
		<depth>3</depth>
	</size>
	<segmented>0</segmented>
	<object>
		<name>lion</name>
		<pose>Unspecified</pose>
		<truncated>0</truncated>
		<difficult>0</difficult>
		<occluded>0</occluded>
		<bndbox>
			<xmin>1</xmin>
			<xmax>458</xmax>
			<ymin>1</ymin>
			<ymax>415</ymax>
		</bndbox>
	</object>
</annotation>
