<annotation>
	<folder></folder>
	<filename>040_df22c2ea_jpg.rf.6a4905a3d95528a11c00a1542ec5ca09.jpg</filename>
	<path>040_df22c2ea_jpg.rf.6a4905a3d95528a11c00a1542ec5ca09.jpg</path>
	<source>
		<database>roboflow.ai</database>
	</source>
	<size>
		<width>474</width>
		<height>427</height>
		<depth>3</depth>
	</size>
	<segmented>0</segmented>
	<object>
		<name>lion</name>
		<pose>Unspecified</pose>
		<truncated>0</truncated>
		<difficult>0</difficult>
		<occluded>0</occluded>
		<bndbox>
			<xmin>82</xmin>
			<xmax>385</xmax>
			<ymin>66</ymin>
			<ymax>365</ymax>
		</bndbox>
	</object>
</annotation>
