<annotation>
	<folder></folder>
	<filename>064_jpg.rf.e32cac3380f33c2a4722ae967a94bc15.jpg</filename>
	<path>064_jpg.rf.e32cac3380f33c2a4722ae967a94bc15.jpg</path>
	<source>
		<database>roboflow.ai</database>
	</source>
	<size>
		<width>800</width>
		<height>600</height>
		<depth>3</depth>
	</size>
	<segmented>0</segmented>
	<object>
		<name>buffalo</name>
		<pose>Unspecified</pose>
		<truncated>0</truncated>
		<difficult>0</difficult>
		<occluded>0</occluded>
		<bndbox>
			<xmin>214</xmin>
			<xmax>566</xmax>
			<ymin>159</ymin>
			<ymax>468</ymax>
		</bndbox>
	</object>
</annotation>
