<annotation>
	<folder></folder>
	<filename>007_jpg.rf.2538848de43dc9f41cc7a92f550faec6.jpg</filename>
	<path>007_jpg.rf.2538848de43dc9f41cc7a92f550faec6.jpg</path>
	<source>
		<database>roboflow.ai</database>
	</source>
	<size>
		<width>1000</width>
		<height>687</height>
		<depth>3</depth>
	</size>
	<segmented>0</segmented>
	<object>
		<name>rhino</name>
		<pose>Unspecified</pose>
		<truncated>0</truncated>
		<difficult>0</difficult>
		<occluded>0</occluded>
		<bndbox>
			<xmin>85</xmin>
			<xmax>845</xmax>
			<ymin>302</ymin>
			<ymax>557</ymax>
		</bndbox>
	</object>
</annotation>
