<annotation>
	<folder></folder>
	<filename>023_jpg.rf.ecb541d3b85b114b71ad15cc673a62ad.jpg</filename>
	<path>023_jpg.rf.ecb541d3b85b114b71ad15cc673a62ad.jpg</path>
	<source>
		<database>roboflow.ai</database>
	</source>
	<size>
		<width>1024</width>
		<height>674</height>
		<depth>3</depth>
	</size>
	<segmented>0</segmented>
	<object>
		<name>buffalo</name>
		<pose>Unspecified</pose>
		<truncated>0</truncated>
		<difficult>0</difficult>
		<occluded>0</occluded>
		<bndbox>
			<xmin>2</xmin>
			<xmax>741</xmax>
			<ymin>61</ymin>
			<ymax>669</ymax>
		</bndbox>
	</object>
</annotation>
