<annotation>
	<folder></folder>
	<filename>044_cbfa2615_jpg.rf.b080ea4e239853ad559f4b663e9ff6a5.jpg</filename>
	<path>044_cbfa2615_jpg.rf.b080ea4e239853ad559f4b663e9ff6a5.jpg</path>
	<source>
		<database>roboflow.ai</database>
	</source>
	<size>
		<width>474</width>
		<height>478</height>
		<depth>3</depth>
	</size>
	<segmented>0</segmented>
	<object>
		<name>lion</name>
		<pose>Unspecified</pose>
		<truncated>0</truncated>
		<difficult>0</difficult>
		<occluded>0</occluded>
		<bndbox>
			<xmin>51</xmin>
			<xmax>472</xmax>
			<ymin>30</ymin>
			<ymax>470</ymax>
		</bndbox>
	</object>
</annotation>
