<annotation>
	<folder></folder>
	<filename>093_f0eca6d8_jpg.rf.24090329fea0cb065e099eff9e9ba663.jpg</filename>
	<path>093_f0eca6d8_jpg.rf.24090329fea0cb065e099eff9e9ba663.jpg</path>
	<source>
		<database>roboflow.ai</database>
	</source>
	<size>
		<width>474</width>
		<height>474</height>
		<depth>3</depth>
	</size>
	<segmented>0</segmented>
	<object>
		<name>lion</name>
		<pose>Unspecified</pose>
		<truncated>0</truncated>
		<difficult>0</difficult>
		<occluded>0</occluded>
		<bndbox>
			<xmin>13</xmin>
			<xmax>448</xmax>
			<ymin>90</ymin>
			<ymax>406</ymax>
		</bndbox>
	</object>
</annotation>
