<annotation>
	<folder></folder>
	<filename>036_jpg.rf.e6b1f7c5cebaacaea0be1c1c68a54b1d.jpg</filename>
	<path>036_jpg.rf.e6b1f7c5cebaacaea0be1c1c68a54b1d.jpg</path>
	<source>
		<database>roboflow.ai</database>
	</source>
	<size>
		<width>1920</width>
		<height>1236</height>
		<depth>3</depth>
	</size>
	<segmented>0</segmented>
	<object>
		<name>buffalo</name>
		<pose>Unspecified</pose>
		<truncated>0</truncated>
		<difficult>0</difficult>
		<occluded>0</occluded>
		<bndbox>
			<xmin>394</xmin>
			<xmax>1614</xmax>
			<ymin>259</ymin>
			<ymax>1145</ymax>
		</bndbox>
	</object>
</annotation>
