<annotation>
	<folder></folder>
	<filename>040_13fa3c49_jpg.rf.eb36a69612efc65184094baf890291bf.jpg</filename>
	<path>040_13fa3c49_jpg.rf.eb36a69612efc65184094baf890291bf.jpg</path>
	<source>
		<database>roboflow.ai</database>
	</source>
	<size>
		<width>474</width>
		<height>584</height>
		<depth>3</depth>
	</size>
	<segmented>0</segmented>
	<object>
		<name>leopard</name>
		<pose>Unspecified</pose>
		<truncated>0</truncated>
		<difficult>0</difficult>
		<occluded>0</occluded>
		<bndbox>
			<xmin>133</xmin>
			<xmax>330</xmax>
			<ymin>156</ymin>
			<ymax>483</ymax>
		</bndbox>
	</object>
</annotation>
