<annotation>
	<folder></folder>
	<filename>071_jpg.rf.43cf31654a44c6a02cfdb05dace203d5.jpg</filename>
	<path>071_jpg.rf.43cf31654a44c6a02cfdb05dace203d5.jpg</path>
	<source>
		<database>roboflow.ai</database>
	</source>
	<size>
		<width>320</width>
		<height>213</height>
		<depth>3</depth>
	</size>
	<segmented>0</segmented>
	<object>
		<name>rhino</name>
		<pose>Unspecified</pose>
		<truncated>0</truncated>
		<difficult>0</difficult>
		<occluded>0</occluded>
		<bndbox>
			<xmin>154</xmin>
			<xmax>285</xmax>
			<ymin>42</ymin>
			<ymax>188</ymax>
		</bndbox>
	</object>
	<object>
		<name>rhino</name>
		<pose>Unspecified</pose>
		<truncated>0</truncated>
		<difficult>0</difficult>
		<occluded>0</occluded>
		<bndbox>
			<xmin>33</xmin>
			<xmax>155</xmax>
			<ymin>95</ymin>
			<ymax>198</ymax>
		</bndbox>
	</object>
</annotation>
