<annotation>
	<folder></folder>
	<filename>048_jpg.rf.73505c9ecca90a1d297171f00a6b12e1.jpg</filename>
	<path>048_jpg.rf.73505c9ecca90a1d297171f00a6b12e1.jpg</path>
	<source>
		<database>roboflow.ai</database>
	</source>
	<size>
		<width>1024</width>
		<height>682</height>
		<depth>3</depth>
	</size>
	<segmented>0</segmented>
	<object>
		<name>rhino</name>
		<pose>Unspecified</pose>
		<truncated>0</truncated>
		<difficult>0</difficult>
		<occluded>0</occluded>
		<bndbox>
			<xmin>182</xmin>
			<xmax>652</xmax>
			<ymin>38</ymin>
			<ymax>682</ymax>
		</bndbox>
	</object>
	<object>
		<name>rhino</name>
		<pose>Unspecified</pose>
		<truncated>0</truncated>
		<difficult>0</difficult>
		<occluded>0</occluded>
		<bndbox>
			<xmin>769</xmin>
			<xmax>1024</xmax>
			<ymin>214</ymin>
			<ymax>633</ymax>
		</bndbox>
	</object>
</annotation>
