<annotation>
	<folder></folder>
	<filename>067_jpg.rf.a613409992897e3de59aff437dfb407d.jpg</filename>
	<path>067_jpg.rf.a613409992897e3de59aff437dfb407d.jpg</path>
	<source>
		<database>roboflow.ai</database>
	</source>
	<size>
		<width>3456</width>
		<height>2168</height>
		<depth>3</depth>
	</size>
	<segmented>0</segmented>
	<object>
		<name>rhino</name>
		<pose>Unspecified</pose>
		<truncated>0</truncated>
		<difficult>0</difficult>
		<occluded>0</occluded>
		<bndbox>
			<xmin>476</xmin>
			<xmax>3348</xmax>
			<ymin>206</ymin>
			<ymax>1850</ymax>
		</bndbox>
	</object>
</annotation>
