<annotation>
	<folder></folder>
	<filename>084_27a9ee43_jpg.rf.ac90613984ce48420467d1863ca9fccc.jpg</filename>
	<path>084_27a9ee43_jpg.rf.ac90613984ce48420467d1863ca9fccc.jpg</path>
	<source>
		<database>roboflow.ai</database>
	</source>
	<size>
		<width>474</width>
		<height>477</height>
		<depth>3</depth>
	</size>
	<segmented>0</segmented>
	<object>
		<name>leopard</name>
		<pose>Unspecified</pose>
		<truncated>0</truncated>
		<difficult>0</difficult>
		<occluded>0</occluded>
		<bndbox>
			<xmin>166</xmin>
			<xmax>419</xmax>
			<ymin>6</ymin>
			<ymax>443</ymax>
		</bndbox>
	</object>
</annotation>
