<annotation>
	<folder></folder>
	<filename>016_jpg.rf.b01201e6ef3b16b3bf978095c6977083.jpg</filename>
	<path>016_jpg.rf.b01201e6ef3b16b3bf978095c6977083.jpg</path>
	<source>
		<database>roboflow.ai</database>
	</source>
	<size>
		<width>590</width>
		<height>390</height>
		<depth>3</depth>
	</size>
	<segmented>0</segmented>
	<object>
		<name>buffalo</name>
		<pose>Unspecified</pose>
		<truncated>0</truncated>
		<difficult>0</difficult>
		<occluded>0</occluded>
		<bndbox>
			<xmin>2</xmin>
			<xmax>533</xmax>
			<ymin>76</ymin>
			<ymax>389</ymax>
		</bndbox>
	</object>
</annotation>
