<annotation>
	<folder></folder>
	<filename>018_jpg.rf.ffec4d1c7519bd0a921b1f06d765e34d.jpg</filename>
	<path>018_jpg.rf.ffec4d1c7519bd0a921b1f06d765e34d.jpg</path>
	<source>
		<database>roboflow.ai</database>
	</source>
	<size>
		<width>1080</width>
		<height>675</height>
		<depth>3</depth>
	</size>
	<segmented>0</segmented>
	<object>
		<name>rhino</name>
		<pose>Unspecified</pose>
		<truncated>0</truncated>
		<difficult>0</difficult>
		<occluded>0</occluded>
		<bndbox>
			<xmin>75</xmin>
			<xmax>610</xmax>
			<ymin>233</ymin>
			<ymax>648</ymax>
		</bndbox>
	</object>
	<object>
		<name>rhino</name>
		<pose>Unspecified</pose>
		<truncated>0</truncated>
		<difficult>0</difficult>
		<occluded>0</occluded>
		<bndbox>
			<xmin>198</xmin>
			<xmax>795</xmax>
			<ymin>110</ymin>
			<ymax>577</ymax>
		</bndbox>
	</object>
</annotation>
