<annotation>
	<folder></folder>
	<filename>014_3f4f43c7_jpg.rf.4e5fb45b809dc8dd98eb8189cc1fcaf5.jpg</filename>
	<path>014_3f4f43c7_jpg.rf.4e5fb45b809dc8dd98eb8189cc1fcaf5.jpg</path>
	<source>
		<database>roboflow.ai</database>
	</source>
	<size>
		<width>474</width>
		<height>592</height>
		<depth>3</depth>
	</size>
	<segmented>0</segmented>
	<object>
		<name>lion</name>
		<pose>Unspecified</pose>
		<truncated>0</truncated>
		<difficult>0</difficult>
		<occluded>0</occluded>
		<bndbox>
			<xmin>54</xmin>
			<xmax>445</xmax>
			<ymin>77</ymin>
			<ymax>569</ymax>
		</bndbox>
	</object>
</annotation>
