<annotation>
	<folder></folder>
	<filename>095_f8f4f1d2_jpg.rf.2758b60feac38a92cce970094c480b1f.jpg</filename>
	<path>095_f8f4f1d2_jpg.rf.2758b60feac38a92cce970094c480b1f.jpg</path>
	<source>
		<database>roboflow.ai</database>
	</source>
	<size>
		<width>474</width>
		<height>398</height>
		<depth>3</depth>
	</size>
	<segmented>0</segmented>
	<object>
		<name>lion</name>
		<pose>Unspecified</pose>
		<truncated>0</truncated>
		<difficult>0</difficult>
		<occluded>0</occluded>
		<bndbox>
			<xmin>15</xmin>
			<xmax>474</xmax>
			<ymin>14</ymin>
			<ymax>366</ymax>
		</bndbox>
	</object>
</annotation>
