<annotation>
	<folder></folder>
	<filename>015_35e0d605_jpg.rf.8c1c75ca8a2240608130e26d466b2d9d.jpg</filename>
	<path>015_35e0d605_jpg.rf.8c1c75ca8a2240608130e26d466b2d9d.jpg</path>
	<source>
		<database>roboflow.ai</database>
	</source>
	<size>
		<width>474</width>
		<height>591</height>
		<depth>3</depth>
	</size>
	<segmented>0</segmented>
	<object>
		<name>lion</name>
		<pose>Unspecified</pose>
		<truncated>0</truncated>
		<difficult>0</difficult>
		<occluded>0</occluded>
		<bndbox>
			<xmin>34</xmin>
			<xmax>419</xmax>
			<ymin>37</ymin>
			<ymax>447</ymax>
		</bndbox>
	</object>
	<object>
		<name>lion</name>
		<pose>Unspecified</pose>
		<truncated>0</truncated>
		<difficult>0</difficult>
		<occluded>0</occluded>
		<bndbox>
			<xmin>21</xmin>
			<xmax>454</xmax>
			<ymin>339</ymin>
			<ymax>566</ymax>
		</bndbox>
	</object>
</annotation>
