<annotation>
	<folder></folder>
	<filename>010_jpg.rf.597e34435807f3b2a1d95aaf5c378aad.jpg</filename>
	<path>010_jpg.rf.597e34435807f3b2a1d95aaf5c378aad.jpg</path>
	<source>
		<database>roboflow.ai</database>
	</source>
	<size>
		<width>640</width>
		<height>480</height>
		<depth>3</depth>
	</size>
	<segmented>0</segmented>
	<object>
		<name>elephant</name>
		<pose>Unspecified</pose>
		<truncated>0</truncated>
		<difficult>0</difficult>
		<occluded>0</occluded>
		<bndbox>
			<xmin>266</xmin>
			<xmax>387</xmax>
			<ymin>176</ymin>
			<ymax>413</ymax>
		</bndbox>
	</object>
</annotation>
