<annotation>
	<folder></folder>
	<filename>069_9ecae0e9_jpg.rf.bc560f31d3a20803770393cbd96bb9d5.jpg</filename>
	<path>069_9ecae0e9_jpg.rf.bc560f31d3a20803770393cbd96bb9d5.jpg</path>
	<source>
		<database>roboflow.ai</database>
	</source>
	<size>
		<width>474</width>
		<height>571</height>
		<depth>3</depth>
	</size>
	<segmented>0</segmented>
	<object>
		<name>leopard</name>
		<pose>Unspecified</pose>
		<truncated>0</truncated>
		<difficult>0</difficult>
		<occluded>0</occluded>
		<bndbox>
			<xmin>156</xmin>
			<xmax>271</xmax>
			<ymin>214</ymin>
			<ymax>469</ymax>
		</bndbox>
	</object>
</annotation>
