<annotation>
	<folder></folder>
	<filename>090_jpg.rf.3341397363ab3f0d26467b6a00b60ee5.jpg</filename>
	<path>090_jpg.rf.3341397363ab3f0d26467b6a00b60ee5.jpg</path>
	<source>
		<database>roboflow.ai</database>
	</source>
	<size>
		<width>350</width>
		<height>233</height>
		<depth>3</depth>
	</size>
	<segmented>0</segmented>
	<object>
		<name>buffalo</name>
		<pose>Unspecified</pose>
		<truncated>0</truncated>
		<difficult>0</difficult>
		<occluded>0</occluded>
		<bndbox>
			<xmin>17</xmin>
			<xmax>349</xmax>
			<ymin>4</ymin>
			<ymax>233</ymax>
		</bndbox>
	</object>
</annotation>
