<annotation>
	<folder></folder>
	<filename>025_jpg.rf.18be8f92b701d29bbb9e37d5a893e0fb.jpg</filename>
	<path>025_jpg.rf.18be8f92b701d29bbb9e37d5a893e0fb.jpg</path>
	<source>
		<database>roboflow.ai</database>
	</source>
	<size>
		<width>640</width>
		<height>426</height>
		<depth>3</depth>
	</size>
	<segmented>0</segmented>
	<object>
		<name>elephant</name>
		<pose>Unspecified</pose>
		<truncated>0</truncated>
		<difficult>0</difficult>
		<occluded>0</occluded>
		<bndbox>
			<xmin>147</xmin>
			<xmax>477</xmax>
			<ymin>86</ymin>
			<ymax>375</ymax>
		</bndbox>
	</object>
	<object>
		<name>elephant</name>
		<pose>Unspecified</pose>
		<truncated>0</truncated>
		<difficult>0</difficult>
		<occluded>0</occluded>
		<bndbox>
			<xmin>122</xmin>
			<xmax>277</xmax>
			<ymin>250</ymin>
			<ymax>374</ymax>
		</bndbox>
	</object>
</annotation>
