<annotation>
	<folder></folder>
	<filename>012_jpg.rf.09a955afc1004c3886a551a1fe335618.jpg</filename>
	<path>012_jpg.rf.09a955afc1004c3886a551a1fe335618.jpg</path>
	<source>
		<database>roboflow.ai</database>
	</source>
	<size>
		<width>640</width>
		<height>572</height>
		<depth>3</depth>
	</size>
	<segmented>0</segmented>
	<object>
		<name>elephant</name>
		<pose>Unspecified</pose>
		<truncated>0</truncated>
		<difficult>0</difficult>
		<occluded>0</occluded>
		<bndbox>
			<xmin>2</xmin>
			<xmax>241</xmax>
			<ymin>2</ymin>
			<ymax>553</ymax>
		</bndbox>
	</object>
	<object>
		<name>elephant</name>
		<pose>Unspecified</pose>
		<truncated>0</truncated>
		<difficult>0</difficult>
		<occluded>0</occluded>
		<bndbox>
			<xmin>199</xmin>
			<xmax>431</xmax>
			<ymin>135</ymin>
			<ymax>475</ymax>
		</bndbox>
	</object>
</annotation>
