<annotation>
	<folder></folder>
	<filename>063_jpg.rf.54c8aab42a8241cfde12978906db66f5.jpg</filename>
	<path>063_jpg.rf.54c8aab42a8241cfde12978906db66f5.jpg</path>
	<source>
		<database>roboflow.ai</database>
	</source>
	<size>
		<width>253</width>
		<height>381</height>
		<depth>3</depth>
	</size>
	<segmented>0</segmented>
	<object>
		<name>rhino</name>
		<pose>Unspecified</pose>
		<truncated>0</truncated>
		<difficult>0</difficult>
		<occluded>0</occluded>
		<bndbox>
			<xmin>21</xmin>
			<xmax>222</xmax>
			<ymin>29</ymin>
			<ymax>339</ymax>
		</bndbox>
	</object>
</annotation>
