<annotation>
	<folder></folder>
	<filename>098_c5961133_jpg.rf.bbc1c5d14b58bbf90204f41a6b6f3068.jpg</filename>
	<path>098_c5961133_jpg.rf.bbc1c5d14b58bbf90204f41a6b6f3068.jpg</path>
	<source>
		<database>roboflow.ai</database>
	</source>
	<size>
		<width>474</width>
		<height>555</height>
		<depth>3</depth>
	</size>
	<segmented>0</segmented>
	<object>
		<name>lion</name>
		<pose>Unspecified</pose>
		<truncated>0</truncated>
		<difficult>0</difficult>
		<occluded>0</occluded>
		<bndbox>
			<xmin>77</xmin>
			<xmax>474</xmax>
			<ymin>45</ymin>
			<ymax>528</ymax>
		</bndbox>
	</object>
</annotation>
