<annotation>
	<folder></folder>
	<filename>027_87776ac3_jpg.rf.5647f5846e59983ba8f53c420ec59b07.jpg</filename>
	<path>027_87776ac3_jpg.rf.5647f5846e59983ba8f53c420ec59b07.jpg</path>
	<source>
		<database>roboflow.ai</database>
	</source>
	<size>
		<width>474</width>
		<height>474</height>
		<depth>3</depth>
	</size>
	<segmented>0</segmented>
	<object>
		<name>leopard</name>
		<pose>Unspecified</pose>
		<truncated>0</truncated>
		<difficult>0</difficult>
		<occluded>0</occluded>
		<bndbox>
			<xmin>34</xmin>
			<xmax>474</xmax>
			<ymin>42</ymin>
			<ymax>474</ymax>
		</bndbox>
	</object>
</annotation>
