<annotation>
	<folder></folder>
	<filename>002_jpg.rf.5043d97d2f220f6e99e60178258665af.jpg</filename>
	<path>002_jpg.rf.5043d97d2f220f6e99e60178258665af.jpg</path>
	<source>
		<database>roboflow.ai</database>
	</source>
	<size>
		<width>1024</width>
		<height>683</height>
		<depth>3</depth>
	</size>
	<segmented>0</segmented>
	<object>
		<name>rhino</name>
		<pose>Unspecified</pose>
		<truncated>0</truncated>
		<difficult>0</difficult>
		<occluded>0</occluded>
		<bndbox>
			<xmin>117</xmin>
			<xmax>576</xmax>
			<ymin>412</ymin>
			<ymax>638</ymax>
		</bndbox>
	</object>
</annotation>
