<annotation>
	<folder></folder>
	<filename>061_bcff4b0f_jpg.rf.93d53efe1bcbfbc39d848d5b73ec836e.jpg</filename>
	<path>061_bcff4b0f_jpg.rf.93d53efe1bcbfbc39d848d5b73ec836e.jpg</path>
	<source>
		<database>roboflow.ai</database>
	</source>
	<size>
		<width>474</width>
		<height>532</height>
		<depth>3</depth>
	</size>
	<segmented>0</segmented>
	<object>
		<name>leopard</name>
		<pose>Unspecified</pose>
		<truncated>0</truncated>
		<difficult>0</difficult>
		<occluded>0</occluded>
		<bndbox>
			<xmin>1</xmin>
			<xmax>351</xmax>
			<ymin>11</ymin>
			<ymax>487</ymax>
		</bndbox>
	</object>
	<object>
		<name>leopard</name>
		<pose>Unspecified</pose>
		<truncated>0</truncated>
		<difficult>0</difficult>
		<occluded>0</occluded>
		<bndbox>
			<xmin>197</xmin>
			<xmax>474</xmax>
			<ymin>315</ymin>
			<ymax>507</ymax>
		</bndbox>
	</object>
</annotation>
