<annotation>
	<folder></folder>
	<filename>079_jpg.rf.08dc121c61f4efb3c01841da573fe49d.jpg</filename>
	<path>079_jpg.rf.08dc121c61f4efb3c01841da573fe49d.jpg</path>
	<source>
		<database>roboflow.ai</database>
	</source>
	<size>
		<width>1024</width>
		<height>637</height>
		<depth>3</depth>
	</size>
	<segmented>0</segmented>
	<object>
		<name>rhino</name>
		<pose>Unspecified</pose>
		<truncated>0</truncated>
		<difficult>0</difficult>
		<occluded>0</occluded>
		<bndbox>
			<xmin>436</xmin>
			<xmax>969</xmax>
			<ymin>275</ymin>
			<ymax>550</ymax>
		</bndbox>
	</object>
	<object>
		<name>rhino</name>
		<pose>Unspecified</pose>
		<truncated>0</truncated>
		<difficult>0</difficult>
		<occluded>0</occluded>
		<bndbox>
			<xmin>83</xmin>
			<xmax>558</xmax>
			<ymin>286</ymin>
			<ymax>539</ymax>
		</bndbox>
	</object>
</annotation>
