<annotation>
	<folder></folder>
	<filename>037_jpg.rf.35b68d52a29027f07095b6de6e732d97.jpg</filename>
	<path>037_jpg.rf.35b68d52a29027f07095b6de6e732d97.jpg</path>
	<source>
		<database>roboflow.ai</database>
	</source>
	<size>
		<width>617</width>
		<height>350</height>
		<depth>3</depth>
	</size>
	<segmented>0</segmented>
	<object>
		<name>rhino</name>
		<pose>Unspecified</pose>
		<truncated>0</truncated>
		<difficult>0</difficult>
		<occluded>0</occluded>
		<bndbox>
			<xmin>23</xmin>
			<xmax>588</xmax>
			<ymin>26</ymin>
			<ymax>337</ymax>
		</bndbox>
	</object>
</annotation>
