<annotation>
	<folder></folder>
	<filename>029_jpg.rf.285a0dcd532ada550fc8ddefc2e5f560.jpg</filename>
	<path>029_jpg.rf.285a0dcd532ada550fc8ddefc2e5f560.jpg</path>
	<source>
		<database>roboflow.ai</database>
	</source>
	<size>
		<width>512</width>
		<height>640</height>
		<depth>3</depth>
	</size>
	<segmented>0</segmented>
	<object>
		<name>elephant</name>
		<pose>Unspecified</pose>
		<truncated>0</truncated>
		<difficult>0</difficult>
		<occluded>0</occluded>
		<bndbox>
			<xmin>8</xmin>
			<xmax>511</xmax>
			<ymin>10</ymin>
			<ymax>640</ymax>
		</bndbox>
	</object>
</annotation>
