<annotation>
	<folder></folder>
	<filename>095_jpg.rf.1fd3759e9b7c945e054b32611d263487.jpg</filename>
	<path>095_jpg.rf.1fd3759e9b7c945e054b32611d263487.jpg</path>
	<source>
		<database>roboflow.ai</database>
	</source>
	<size>
		<width>800</width>
		<height>533</height>
		<depth>3</depth>
	</size>
	<segmented>0</segmented>
	<object>
		<name>rhino</name>
		<pose>Unspecified</pose>
		<truncated>0</truncated>
		<difficult>0</difficult>
		<occluded>0</occluded>
		<bndbox>
			<xmin>228</xmin>
			<xmax>545</xmax>
			<ymin>107</ymin>
			<ymax>468</ymax>
		</bndbox>
	</object>
</annotation>
