<annotation>
	<folder></folder>
	<filename>054_jpg.rf.4d6d8322f4b71723f079c7ed94e3fa59.jpg</filename>
	<path>054_jpg.rf.4d6d8322f4b71723f079c7ed94e3fa59.jpg</path>
	<source>
		<database>roboflow.ai</database>
	</source>
	<size>
		<width>284</width>
		<height>189</height>
		<depth>3</depth>
	</size>
	<segmented>0</segmented>
	<object>
		<name>buffalo</name>
		<pose>Unspecified</pose>
		<truncated>0</truncated>
		<difficult>0</difficult>
		<occluded>0</occluded>
		<bndbox>
			<xmin>116</xmin>
			<xmax>227</xmax>
			<ymin>52</ymin>
			<ymax>102</ymax>
		</bndbox>
	</object>
	<object>
		<name>buffalo</name>
		<pose>Unspecified</pose>
		<truncated>0</truncated>
		<difficult>0</difficult>
		<occluded>0</occluded>
		<bndbox>
			<xmin>28</xmin>
			<xmax>86</xmax>
			<ymin>43</ymin>
			<ymax>99</ymax>
		</bndbox>
	</object>
	<object>
		<name>buffalo</name>
		<pose>Unspecified</pose>
		<truncated>0</truncated>
		<difficult>0</difficult>
		<occluded>0</occluded>
		<bndbox>
			<xmin>159</xmin>
			<xmax>240</xmax>
			<ymin>33</ymin>
			<ymax>73</ymax>
		</bndbox>
	</object>
	<object>
		<name>buffalo</name>
		<pose>Unspecified</pose>
		<truncated>0</truncated>
		<difficult>0</difficult>
		<occluded>0</occluded>
		<bndbox>
			<xmin>225</xmin>
			<xmax>278</xmax>
			<ymin>41</ymin>
			<ymax>94</ymax>
		</bndbox>
	</object>
	<object>
		<name>buffalo</name>
		<pose>Unspecified</pose>
		<truncated>0</truncated>
		<difficult>0</difficult>
		<occluded>0</occluded>
		<bndbox>
			<xmin>28</xmin>
			<xmax>117</xmax>
			<ymin>31</ymin>
			<ymax>97</ymax>
		</bndbox>
	</object>
</annotation>
