<annotation>
	<folder></folder>
	<filename>027_2720c312_jpg.rf.1171a2adaece5a3250f9c8ca81ee33f8.jpg</filename>
	<path>027_2720c312_jpg.rf.1171a2adaece5a3250f9c8ca81ee33f8.jpg</path>
	<source>
		<database>roboflow.ai</database>
	</source>
	<size>
		<width>474</width>
		<height>587</height>
		<depth>3</depth>
	</size>
	<segmented>0</segmented>
	<object>
		<name>lion</name>
		<pose>Unspecified</pose>
		<truncated>0</truncated>
		<difficult>0</difficult>
		<occluded>0</occluded>
		<bndbox>
			<xmin>107</xmin>
			<xmax>361</xmax>
			<ymin>15</ymin>
			<ymax>560</ymax>
		</bndbox>
	</object>
</annotation>
