<annotation>
	<folder>ITI107_Assignment_dataset</folder>
	<filename>Image079.jpg</filename>
	<path>/home/yapjingyang/Desktop/ITI107_Assignment_dataset/Image079.jpg</path>
	<source>
		<database>Unknown</database>
	</source>
	<size>
		<width>276</width>
		<height>183</height>
		<depth>3</depth>
	</size>
	<segmented>0</segmented>
	<object>
		<name>monkey</name>
		<pose>Unspecified</pose>
		<truncated>0</truncated>
		<difficult>0</difficult>
		<bndbox>
			<xmin>19</xmin>
			<ymin>16</ymin>
			<xmax>132</xmax>
			<ymax>157</ymax>
		</bndbox>
	</object>
	<object>
		<name>monkey</name>
		<pose>Unspecified</pose>
		<truncated>1</truncated>
		<difficult>0</difficult>
		<bndbox>
			<xmin>115</xmin>
			<ymin>52</ymin>
			<xmax>276</xmax>
			<ymax>172</ymax>
		</bndbox>
	</object>
</annotation>
