<annotation>
	<folder></folder>
	<filename>panda_00047_jpg.rf.2028d70e921255452fcbbaada0e6eb82.jpg</filename>
	<path>panda_00047_jpg.rf.2028d70e921255452fcbbaada0e6eb82.jpg</path>
	<source>
		<database>roboflow.ai</database>
	</source>
	<size>
		<width>416</width>
		<height>416</height>
		<depth>3</depth>
	</size>
	<segmented>0</segmented>
	<object>
		<name>panda</name>
		<pose>Unspecified</pose>
		<truncated>0</truncated>
		<difficult>0</difficult>
		<occluded>0</occluded>
		<bndbox>
			<xmin>34</xmin>
			<xmax>295</xmax>
			<ymin>33</ymin>
			<ymax>416</ymax>
		</bndbox>
	</object>
</annotation>
