<annotation>
	<folder>ITI107_Assignment_dataset</folder>
	<filename>Image119.jpg</filename>
	<path>/home/yapjingyang/Desktop/ITI107_Assignment_dataset/Image119.jpg</path>
	<source>
		<database>Unknown</database>
	</source>
	<size>
		<width>600</width>
		<height>451</height>
		<depth>3</depth>
	</size>
	<segmented>0</segmented>
	<object>
		<name>monkey</name>
		<pose>Unspecified</pose>
		<truncated>1</truncated>
		<difficult>0</difficult>
		<bndbox>
			<xmin>64</xmin>
			<ymin>40</ymin>
			<xmax>594</xmax>
			<ymax>451</ymax>
		</bndbox>
	</object>
</annotation>
