<annotation>
	<folder></folder>
	<filename>panda_00191_jpg.rf.59636cb643cd739a4465985c60a8248a.jpg</filename>
	<path>panda_00191_jpg.rf.59636cb643cd739a4465985c60a8248a.jpg</path>
	<source>
		<database>roboflow.ai</database>
	</source>
	<size>
		<width>416</width>
		<height>416</height>
		<depth>3</depth>
	</size>
	<segmented>0</segmented>
	<object>
		<name>panda</name>
		<pose>Unspecified</pose>
		<truncated>0</truncated>
		<difficult>0</difficult>
		<occluded>0</occluded>
		<bndbox>
			<xmin>36</xmin>
			<xmax>236</xmax>
			<ymin>40</ymin>
			<ymax>345</ymax>
		</bndbox>
	</object>
</annotation>
