<annotation>
	<folder>ITI107_Assignment_dataset</folder>
	<filename>Image111.jpg</filename>
	<path>/home/yapjingyang/Desktop/ITI107_Assignment_dataset/Image111.jpg</path>
	<source>
		<database>Unknown</database>
	</source>
	<size>
		<width>1960</width>
		<height>1470</height>
		<depth>3</depth>
	</size>
	<segmented>0</segmented>
	<object>
		<name>monkey</name>
		<pose>Unspecified</pose>
		<truncated>1</truncated>
		<difficult>0</difficult>
		<bndbox>
			<xmin>738</xmin>
			<ymin>733</ymin>
			<xmax>1211</xmax>
			<ymax>1470</ymax>
		</bndbox>
	</object>
	<object>
		<name>monkey</name>
		<pose>Unspecified</pose>
		<truncated>0</truncated>
		<difficult>0</difficult>
		<bndbox>
			<xmin>986</xmin>
			<ymin>263</ymin>
			<xmax>1646</xmax>
			<ymax>1353</ymax>
		</bndbox>
	</object>
</annotation>
