<annotation>
	<folder>ITI107_Assignment_dataset</folder>
	<filename>Image080.jpg</filename>
	<path>/home/yapjingyang/Desktop/ITI107_Assignment_dataset/Image080.jpg</path>
	<source>
		<database>Unknown</database>
	</source>
	<size>
		<width>259</width>
		<height>194</height>
		<depth>3</depth>
	</size>
	<segmented>0</segmented>
	<object>
		<name>monkey</name>
		<pose>Unspecified</pose>
		<truncated>0</truncated>
		<difficult>0</difficult>
		<bndbox>
			<xmin>19</xmin>
			<ymin>74</ymin>
			<xmax>90</xmax>
			<ymax>165</ymax>
		</bndbox>
	</object>
	<object>
		<name>monkey</name>
		<pose>Unspecified</pose>
		<truncated>0</truncated>
		<difficult>0</difficult>
		<bndbox>
			<xmin>88</xmin>
			<ymin>78</ymin>
			<xmax>162</xmax>
			<ymax>178</ymax>
		</bndbox>
	</object>
	<object>
		<name>monkey</name>
		<pose>Unspecified</pose>
		<truncated>0</truncated>
		<difficult>0</difficult>
		<bndbox>
			<xmin>122</xmin>
			<ymin>17</ymin>
			<xmax>211</xmax>
			<ymax>116</ymax>
		</bndbox>
	</object>
</annotation>
