<annotation>
	<folder></folder>
	<filename>panda_00119_jpg.rf.e11264b153212bc490240dbd6ab5a81a.jpg</filename>
	<path>panda_00119_jpg.rf.e11264b153212bc490240dbd6ab5a81a.jpg</path>
	<source>
		<database>roboflow.ai</database>
	</source>
	<size>
		<width>416</width>
		<height>416</height>
		<depth>3</depth>
	</size>
	<segmented>0</segmented>
	<object>
		<name>panda</name>
		<pose>Unspecified</pose>
		<truncated>0</truncated>
		<difficult>0</difficult>
		<occluded>0</occluded>
		<bndbox>
			<xmin>67</xmin>
			<xmax>284</xmax>
			<ymin>123</ymin>
			<ymax>416</ymax>
		</bndbox>
	</object>
</annotation>
