<annotation>
	<folder></folder>
	<filename>panda_00096_jpg.rf.22e737bb6d04328aa8d84a71919cfd65.jpg</filename>
	<path>panda_00096_jpg.rf.22e737bb6d04328aa8d84a71919cfd65.jpg</path>
	<source>
		<database>roboflow.ai</database>
	</source>
	<size>
		<width>416</width>
		<height>416</height>
		<depth>3</depth>
	</size>
	<segmented>0</segmented>
	<object>
		<name>panda</name>
		<pose>Unspecified</pose>
		<truncated>0</truncated>
		<difficult>0</difficult>
		<occluded>0</occluded>
		<bndbox>
			<xmin>68</xmin>
			<xmax>403</xmax>
			<ymin>89</ymin>
			<ymax>366</ymax>
		</bndbox>
	</object>
</annotation>
