<annotation>
	<folder>ITI107_Assignment_dataset</folder>
	<filename>Image142.jpg</filename>
	<path>/home/yapjingyang/Desktop/ITI107_Assignment_dataset/Image142.jpg</path>
	<source>
		<database>Unknown</database>
	</source>
	<size>
		<width>336</width>
		<height>600</height>
		<depth>3</depth>
	</size>
	<segmented>0</segmented>
	<object>
		<name>monkey</name>
		<pose>Unspecified</pose>
		<truncated>1</truncated>
		<difficult>0</difficult>
		<bndbox>
			<xmin>1</xmin>
			<ymin>47</ymin>
			<xmax>336</xmax>
			<ymax>600</ymax>
		</bndbox>
	</object>
</annotation>
