<annotation>
	<folder></folder>
	<filename>panda_00192_jpg.rf.22aa6715fc4a7417ae7c5916ee2c435e.jpg</filename>
	<path>panda_00192_jpg.rf.22aa6715fc4a7417ae7c5916ee2c435e.jpg</path>
	<source>
		<database>roboflow.ai</database>
	</source>
	<size>
		<width>416</width>
		<height>416</height>
		<depth>3</depth>
	</size>
	<segmented>0</segmented>
	<object>
		<name>panda</name>
		<pose>Unspecified</pose>
		<truncated>0</truncated>
		<difficult>0</difficult>
		<occluded>0</occluded>
		<bndbox>
			<xmin>143</xmin>
			<xmax>358</xmax>
			<ymin>1</ymin>
			<ymax>416</ymax>
		</bndbox>
	</object>
</annotation>
