<annotation>
	<folder>ITI107_Assignment_dataset</folder>
	<filename>Image056.jpg</filename>
	<path>/home/yapjingyang/Desktop/ITI107_Assignment_dataset/Image056.jpg</path>
	<source>
		<database>Unknown</database>
	</source>
	<size>
		<width>590</width>
		<height>300</height>
		<depth>3</depth>
	</size>
	<segmented>0</segmented>
	<object>
		<name>monkey</name>
		<pose>Unspecified</pose>
		<truncated>1</truncated>
		<difficult>0</difficult>
		<bndbox>
			<xmin>43</xmin>
			<ymin>35</ymin>
			<xmax>258</xmax>
			<ymax>300</ymax>
		</bndbox>
	</object>
	<object>
		<name>monkey</name>
		<pose>Unspecified</pose>
		<truncated>1</truncated>
		<difficult>0</difficult>
		<bndbox>
			<xmin>260</xmin>
			<ymin>58</ymin>
			<xmax>590</xmax>
			<ymax>273</ymax>
		</bndbox>
	</object>
</annotation>
