<annotation>
	<folder>ITI107_Assignment_dataset</folder>
	<filename>Image103.jpg</filename>
	<path>/home/yapjingyang/Desktop/ITI107_Assignment_dataset/Image103.jpg</path>
	<source>
		<database>Unknown</database>
	</source>
	<size>
		<width>1920</width>
		<height>1080</height>
		<depth>3</depth>
	</size>
	<segmented>0</segmented>
	<object>
		<name>monkey</name>
		<pose>Unspecified</pose>
		<truncated>0</truncated>
		<difficult>0</difficult>
		<bndbox>
			<xmin>605</xmin>
			<ymin>18</ymin>
			<xmax>1547</xmax>
			<ymax>1013</ymax>
		</bndbox>
	</object>
</annotation>
