<annotation>
	<folder>ITI107_Assignment_dataset</folder>
	<filename>Image149.jpg</filename>
	<path>/home/yapjingyang/Desktop/ITI107_Assignment_dataset/Image149.jpg</path>
	<source>
		<database>Unknown</database>
	</source>
	<size>
		<width>1300</width>
		<height>865</height>
		<depth>3</depth>
	</size>
	<segmented>0</segmented>
	<object>
		<name>monkey</name>
		<pose>Unspecified</pose>
		<truncated>1</truncated>
		<difficult>0</difficult>
		<bndbox>
			<xmin>396</xmin>
			<ymin>107</ymin>
			<xmax>1053</xmax>
			<ymax>865</ymax>
		</bndbox>
	</object>
</annotation>
