<annotation>
	<folder></folder>
	<filename>panda_00013_jpg.rf.92ed32351007b067c6bb3246cc1fa202.jpg</filename>
	<path>panda_00013_jpg.rf.92ed32351007b067c6bb3246cc1fa202.jpg</path>
	<source>
		<database>roboflow.ai</database>
	</source>
	<size>
		<width>416</width>
		<height>416</height>
		<depth>3</depth>
	</size>
	<segmented>0</segmented>
	<object>
		<name>panda</name>
		<pose>Unspecified</pose>
		<truncated>0</truncated>
		<difficult>0</difficult>
		<occluded>0</occluded>
		<bndbox>
			<xmin>323</xmin>
			<xmax>371</xmax>
			<ymin>221</ymin>
			<ymax>285</ymax>
		</bndbox>
	</object>
</annotation>
