<annotation>
	<folder></folder>
	<filename>panda_00143_jpg.rf.28c22b593e278f3002188b0afbcfd105.jpg</filename>
	<path>panda_00143_jpg.rf.28c22b593e278f3002188b0afbcfd105.jpg</path>
	<source>
		<database>roboflow.ai</database>
	</source>
	<size>
		<width>416</width>
		<height>416</height>
		<depth>3</depth>
	</size>
	<segmented>0</segmented>
	<object>
		<name>panda</name>
		<pose>Unspecified</pose>
		<truncated>0</truncated>
		<difficult>0</difficult>
		<occluded>0</occluded>
		<bndbox>
			<xmin>134</xmin>
			<xmax>331</xmax>
			<ymin>73</ymin>
			<ymax>310</ymax>
		</bndbox>
	</object>
</annotation>
