<annotation>
	<folder></folder>
	<filename>panda_00133_jpg.rf.4519aaefdad1a1acd4cf460cf28c00de.jpg</filename>
	<path>panda_00133_jpg.rf.4519aaefdad1a1acd4cf460cf28c00de.jpg</path>
	<source>
		<database>roboflow.ai</database>
	</source>
	<size>
		<width>416</width>
		<height>416</height>
		<depth>3</depth>
	</size>
	<segmented>0</segmented>
	<object>
		<name>panda</name>
		<pose>Unspecified</pose>
		<truncated>0</truncated>
		<difficult>0</difficult>
		<occluded>0</occluded>
		<bndbox>
			<xmin>134</xmin>
			<xmax>360</xmax>
			<ymin>32</ymin>
			<ymax>409</ymax>
		</bndbox>
	</object>
</annotation>
