<annotation>
	<folder>ITI107_Assignment_dataset</folder>
	<filename>Image130.jpg</filename>
	<path>/home/yapjingyang/Desktop/ITI107_Assignment_dataset/Image130.jpg</path>
	<source>
		<database>Unknown</database>
	</source>
	<size>
		<width>4204</width>
		<height>2797</height>
		<depth>3</depth>
	</size>
	<segmented>0</segmented>
	<object>
		<name>monkey</name>
		<pose>Unspecified</pose>
		<truncated>1</truncated>
		<difficult>0</difficult>
		<bndbox>
			<xmin>682</xmin>
			<ymin>165</ymin>
			<xmax>4204</xmax>
			<ymax>2797</ymax>
		</bndbox>
	</object>
</annotation>
