<annotation>
	<folder></folder>
	<filename>panda_00177_jpg.rf.08328da713e787214473531ba12e0738.jpg</filename>
	<path>panda_00177_jpg.rf.08328da713e787214473531ba12e0738.jpg</path>
	<source>
		<database>roboflow.ai</database>
	</source>
	<size>
		<width>416</width>
		<height>416</height>
		<depth>3</depth>
	</size>
	<segmented>0</segmented>
	<object>
		<name>panda</name>
		<pose>Unspecified</pose>
		<truncated>0</truncated>
		<difficult>0</difficult>
		<occluded>0</occluded>
		<bndbox>
			<xmin>63</xmin>
			<xmax>334</xmax>
			<ymin>105</ymin>
			<ymax>351</ymax>
		</bndbox>
	</object>
</annotation>
