<annotation>
	<folder></folder>
	<filename>panda_00090_jpg.rf.0cc82a50ec94f3fe0251e12022831764.jpg</filename>
	<path>panda_00090_jpg.rf.0cc82a50ec94f3fe0251e12022831764.jpg</path>
	<source>
		<database>roboflow.ai</database>
	</source>
	<size>
		<width>416</width>
		<height>416</height>
		<depth>3</depth>
	</size>
	<segmented>0</segmented>
	<object>
		<name>panda</name>
		<pose>Unspecified</pose>
		<truncated>0</truncated>
		<difficult>0</difficult>
		<occluded>0</occluded>
		<bndbox>
			<xmin>192</xmin>
			<xmax>292</xmax>
			<ymin>167</ymin>
			<ymax>372</ymax>
		</bndbox>
	</object>
</annotation>
