<annotation>
	<folder>ITI107_Assignment_dataset</folder>
	<filename>Image085.jpg</filename>
	<path>/home/yapjingyang/Desktop/ITI107_Assignment_dataset/Image085.jpg</path>
	<source>
		<database>Unknown</database>
	</source>
	<size>
		<width>450</width>
		<height>300</height>
		<depth>3</depth>
	</size>
	<segmented>0</segmented>
	<object>
		<name>monkey</name>
		<pose>Unspecified</pose>
		<truncated>0</truncated>
		<difficult>0</difficult>
		<bndbox>
			<xmin>70</xmin>
			<ymin>57</ymin>
			<xmax>272</xmax>
			<ymax>274</ymax>
		</bndbox>
	</object>
	<object>
		<name>monkey</name>
		<pose>Unspecified</pose>
		<truncated>0</truncated>
		<difficult>0</difficult>
		<bndbox>
			<xmin>275</xmin>
			<ymin>44</ymin>
			<xmax>421</xmax>
			<ymax>249</ymax>
		</bndbox>
	</object>
</annotation>
