<annotation>
	<folder></folder>
	<filename>panda_00078_jpg.rf.8e0d5cf7cc70935dd0e36fe07a54b93e.jpg</filename>
	<path>panda_00078_jpg.rf.8e0d5cf7cc70935dd0e36fe07a54b93e.jpg</path>
	<source>
		<database>roboflow.ai</database>
	</source>
	<size>
		<width>416</width>
		<height>416</height>
		<depth>3</depth>
	</size>
	<segmented>0</segmented>
	<object>
		<name>panda</name>
		<pose>Unspecified</pose>
		<truncated>0</truncated>
		<difficult>0</difficult>
		<occluded>0</occluded>
		<bndbox>
			<xmin>48</xmin>
			<xmax>313</xmax>
			<ymin>185</ymin>
			<ymax>311</ymax>
		</bndbox>
	</object>
</annotation>
