<annotation>
	<folder>ITI107_Assignment_dataset</folder>
	<filename>Image057.jpg</filename>
	<path>/home/yapjingyang/Desktop/ITI107_Assignment_dataset/Image057.jpg</path>
	<source>
		<database>Unknown</database>
	</source>
	<size>
		<width>750</width>
		<height>422</height>
		<depth>3</depth>
	</size>
	<segmented>0</segmented>
	<object>
		<name>monkey</name>
		<pose>Unspecified</pose>
		<truncated>1</truncated>
		<difficult>0</difficult>
		<bndbox>
			<xmin>77</xmin>
			<ymin>165</ymin>
			<xmax>216</xmax>
			<ymax>422</ymax>
		</bndbox>
	</object>
	<object>
		<name>monkey</name>
		<pose>Unspecified</pose>
		<truncated>0</truncated>
		<difficult>0</difficult>
		<bndbox>
			<xmin>210</xmin>
			<ymin>143</ymin>
			<xmax>342</xmax>
			<ymax>418</ymax>
		</bndbox>
	</object>
	<object>
		<name>monkey</name>
		<pose>Unspecified</pose>
		<truncated>1</truncated>
		<difficult>0</difficult>
		<bndbox>
			<xmin>495</xmin>
			<ymin>181</ymin>
			<xmax>655</xmax>
			<ymax>422</ymax>
		</bndbox>
	</object>
	<object>
		<name>monkey</name>
		<pose>Unspecified</pose>
		<truncated>0</truncated>
		<difficult>0</difficult>
		<bndbox>
			<xmin>362</xmin>
			<ymin>80</ymin>
			<xmax>555</xmax>
			<ymax>405</ymax>
		</bndbox>
	</object>
</annotation>
