<annotation>
	<folder></folder>
	<filename>panda_00169_jpg.rf.63f7587025faff2d55cb2514c63e7893.jpg</filename>
	<path>panda_00169_jpg.rf.63f7587025faff2d55cb2514c63e7893.jpg</path>
	<source>
		<database>roboflow.ai</database>
	</source>
	<size>
		<width>416</width>
		<height>416</height>
		<depth>3</depth>
	</size>
	<segmented>0</segmented>
	<object>
		<name>panda</name>
		<pose>Unspecified</pose>
		<truncated>0</truncated>
		<difficult>0</difficult>
		<occluded>0</occluded>
		<bndbox>
			<xmin>114</xmin>
			<xmax>365</xmax>
			<ymin>56</ymin>
			<ymax>280</ymax>
		</bndbox>
	</object>
	<object>
		<name>panda</name>
		<pose>Unspecified</pose>
		<truncated>0</truncated>
		<difficult>0</difficult>
		<occluded>0</occluded>
		<bndbox>
			<xmin>55</xmin>
			<xmax>269</xmax>
			<ymin>279</ymin>
			<ymax>416</ymax>
		</bndbox>
	</object>
</annotation>
