<annotation>
	<folder>ITI107_Assignment_dataset</folder>
	<filename>Image175.jpg</filename>
	<path>/home/yapjingyang/Desktop/ITI107_Assignment_dataset/Image175.jpg</path>
	<source>
		<database>Unknown</database>
	</source>
	<size>
		<width>346</width>
		<height>434</height>
		<depth>3</depth>
	</size>
	<segmented>0</segmented>
	<object>
		<name>monkey</name>
		<pose>Unspecified</pose>
		<truncated>0</truncated>
		<difficult>0</difficult>
		<bndbox>
			<xmin>211</xmin>
			<ymin>152</ymin>
			<xmax>319</xmax>
			<ymax>335</ymax>
		</bndbox>
	</object>
	<object>
		<name>monkey</name>
		<pose>Unspecified</pose>
		<truncated>0</truncated>
		<difficult>0</difficult>
		<bndbox>
			<xmin>165</xmin>
			<ymin>72</ymin>
			<xmax>280</xmax>
			<ymax>196</ymax>
		</bndbox>
	</object>
	<object>
		<name>monkey</name>
		<pose>Unspecified</pose>
		<truncated>0</truncated>
		<difficult>0</difficult>
		<bndbox>
			<xmin>15</xmin>
			<ymin>13</ymin>
			<xmax>255</xmax>
			<ymax>398</ymax>
		</bndbox>
	</object>
</annotation>
