<annotation>
	<folder>ITI107_Assignment_dataset</folder>
	<filename>Image019.jpg</filename>
	<path>/home/yapjingyang/Desktop/ITI107_Assignment_dataset/Image019.jpg</path>
	<source>
		<database>Unknown</database>
	</source>
	<size>
		<width>300</width>
		<height>200</height>
		<depth>3</depth>
	</size>
	<segmented>0</segmented>
	<object>
		<name>monkey</name>
		<pose>Unspecified</pose>
		<truncated>0</truncated>
		<difficult>0</difficult>
		<bndbox>
			<xmin>105</xmin>
			<ymin>23</ymin>
			<xmax>181</xmax>
			<ymax>150</ymax>
		</bndbox>
	</object>
	<object>
		<name>monkey</name>
		<pose>Unspecified</pose>
		<truncated>0</truncated>
		<difficult>0</difficult>
		<bndbox>
			<xmin>178</xmin>
			<ymin>10</ymin>
			<xmax>262</xmax>
			<ymax>181</ymax>
		</bndbox>
	</object>
</annotation>
