<annotation>
	<folder>ITI107_Assignment_dataset</folder>
	<filename>Image164.jpg</filename>
	<path>/home/yapjingyang/Desktop/ITI107_Assignment_dataset/Image164.jpg</path>
	<source>
		<database>Unknown</database>
	</source>
	<size>
		<width>550</width>
		<height>412</height>
		<depth>3</depth>
	</size>
	<segmented>0</segmented>
	<object>
		<name>monkey</name>
		<pose>Unspecified</pose>
		<truncated>0</truncated>
		<difficult>0</difficult>
		<bndbox>
			<xmin>58</xmin>
			<ymin>56</ymin>
			<xmax>277</xmax>
			<ymax>330</ymax>
		</bndbox>
	</object>
	<object>
		<name>monkey</name>
		<pose>Unspecified</pose>
		<truncated>0</truncated>
		<difficult>0</difficult>
		<bndbox>
			<xmin>309</xmin>
			<ymin>134</ymin>
			<xmax>432</xmax>
			<ymax>323</ymax>
		</bndbox>
	</object>
	<object>
		<name>monkey</name>
		<pose>Unspecified</pose>
		<truncated>0</truncated>
		<difficult>0</difficult>
		<bndbox>
			<xmin>401</xmin>
			<ymin>160</ymin>
			<xmax>511</xmax>
			<ymax>330</ymax>
		</bndbox>
	</object>
</annotation>
