<annotation>
	<folder>ITI107_Assignment_dataset</folder>
	<filename>Image097.jpg</filename>
	<path>/home/yapjingyang/Desktop/ITI107_Assignment_dataset/Image097.jpg</path>
	<source>
		<database>Unknown</database>
	</source>
	<size>
		<width>759</width>
		<height>422</height>
		<depth>3</depth>
	</size>
	<segmented>0</segmented>
	<object>
		<name>monkey</name>
		<pose>Unspecified</pose>
		<truncated>0</truncated>
		<difficult>0</difficult>
		<bndbox>
			<xmin>108</xmin>
			<ymin>100</ymin>
			<xmax>385</xmax>
			<ymax>421</ymax>
		</bndbox>
	</object>
	<object>
		<name>monkey</name>
		<pose>Unspecified</pose>
		<truncated>1</truncated>
		<difficult>0</difficult>
		<bndbox>
			<xmin>376</xmin>
			<ymin>5</ymin>
			<xmax>701</xmax>
			<ymax>422</ymax>
		</bndbox>
	</object>
</annotation>
