<annotation>
	<folder></folder>
	<filename>panda_00021_jpg.rf.809e3cc95c13fabe6f6e0ee3d8bfa87a.jpg</filename>
	<path>panda_00021_jpg.rf.809e3cc95c13fabe6f6e0ee3d8bfa87a.jpg</path>
	<source>
		<database>roboflow.ai</database>
	</source>
	<size>
		<width>416</width>
		<height>416</height>
		<depth>3</depth>
	</size>
	<segmented>0</segmented>
	<object>
		<name>panda</name>
		<pose>Unspecified</pose>
		<truncated>0</truncated>
		<difficult>0</difficult>
		<occluded>0</occluded>
		<bndbox>
			<xmin>1</xmin>
			<xmax>416</xmax>
			<ymin>29</ymin>
			<ymax>416</ymax>
		</bndbox>
	</object>
</annotation>
