<annotation>
	<folder>ITI107_Assignment_dataset</folder>
	<filename>Image104.jpg</filename>
	<path>/home/yapjingyang/Desktop/ITI107_Assignment_dataset/Image104.jpg</path>
	<source>
		<database>Unknown</database>
	</source>
	<size>
		<width>1065</width>
		<height>1600</height>
		<depth>3</depth>
	</size>
	<segmented>0</segmented>
	<object>
		<name>monkey</name>
		<pose>Unspecified</pose>
		<truncated>0</truncated>
		<difficult>0</difficult>
		<bndbox>
			<xmin>72</xmin>
			<ymin>234</ymin>
			<xmax>972</xmax>
			<ymax>1251</ymax>
		</bndbox>
	</object>
</annotation>
