<annotation>
	<folder></folder>
	<filename>panda_00112_jpg.rf.9b1fb157e6568d9ce37698f6a7d39f57.jpg</filename>
	<path>panda_00112_jpg.rf.9b1fb157e6568d9ce37698f6a7d39f57.jpg</path>
	<source>
		<database>roboflow.ai</database>
	</source>
	<size>
		<width>416</width>
		<height>416</height>
		<depth>3</depth>
	</size>
	<segmented>0</segmented>
	<object>
		<name>panda</name>
		<pose>Unspecified</pose>
		<truncated>0</truncated>
		<difficult>0</difficult>
		<occluded>0</occluded>
		<bndbox>
			<xmin>34</xmin>
			<xmax>413</xmax>
			<ymin>55</ymin>
			<ymax>414</ymax>
		</bndbox>
	</object>
</annotation>
