<annotation>
	<folder>ITI107_Assignment_dataset</folder>
	<filename>Image001.jpg</filename>
	<path>/home/yapjingyang/Desktop/ITI107_Assignment_dataset/Image001.jpg</path>
	<source>
		<database>Unknown</database>
	</source>
	<size>
		<width>3264</width>
		<height>2448</height>
		<depth>3</depth>
	</size>
	<segmented>0</segmented>
	<object>
		<name>monkey</name>
		<pose>Unspecified</pose>
		<truncated>0</truncated>
		<difficult>0</difficult>
		<bndbox>
			<xmin>1113</xmin>
			<ymin>541</ymin>
			<xmax>2334</xmax>
			<ymax>1653</ymax>
		</bndbox>
	</object>
</annotation>
