<annotation>
	<folder></folder>
	<filename>panda_00032_jpg.rf.c78ce7b82dafab4a39fcb84c20a3a0ef.jpg</filename>
	<path>panda_00032_jpg.rf.c78ce7b82dafab4a39fcb84c20a3a0ef.jpg</path>
	<source>
		<database>roboflow.ai</database>
	</source>
	<size>
		<width>416</width>
		<height>416</height>
		<depth>3</depth>
	</size>
	<segmented>0</segmented>
	<object>
		<name>panda</name>
		<pose>Unspecified</pose>
		<truncated>0</truncated>
		<difficult>0</difficult>
		<occluded>0</occluded>
		<bndbox>
			<xmin>101</xmin>
			<xmax>369</xmax>
			<ymin>39</ymin>
			<ymax>416</ymax>
		</bndbox>
	</object>
</annotation>
