<annotation>
	<folder>ITI107_Assignment_dataset</folder>
	<filename>Image010.jpg</filename>
	<path>/home/yapjingyang/Desktop/ITI107_Assignment_dataset/Image010.jpg</path>
	<source>
		<database>Unknown</database>
	</source>
	<size>
		<width>670</width>
		<height>415</height>
		<depth>3</depth>
	</size>
	<segmented>0</segmented>
	<object>
		<name>monkey</name>
		<pose>Unspecified</pose>
		<truncated>1</truncated>
		<difficult>0</difficult>
		<bndbox>
			<xmin>3</xmin>
			<ymin>7</ymin>
			<xmax>298</xmax>
			<ymax>415</ymax>
		</bndbox>
	</object>
	<object>
		<name>monkey</name>
		<pose>Unspecified</pose>
		<truncated>1</truncated>
		<difficult>0</difficult>
		<bndbox>
			<xmin>344</xmin>
			<ymin>161</ymin>
			<xmax>633</xmax>
			<ymax>415</ymax>
		</bndbox>
	</object>
</annotation>
