<annotation>
	<folder>ITI107_Assignment_dataset</folder>
	<filename>Image012.jpg</filename>
	<path>/home/yapjingyang/Desktop/ITI107_Assignment_dataset/Image012.jpg</path>
	<source>
		<database>Unknown</database>
	</source>
	<size>
		<width>2238</width>
		<height>1492</height>
		<depth>3</depth>
	</size>
	<segmented>0</segmented>
	<object>
		<name>monkey</name>
		<pose>Unspecified</pose>
		<truncated>0</truncated>
		<difficult>0</difficult>
		<bndbox>
			<xmin>611</xmin>
			<ymin>420</ymin>
			<xmax>1486</xmax>
			<ymax>1414</ymax>
		</bndbox>
	</object>
</annotation>
