<annotation>
	<folder>ITI107_Assignment_dataset</folder>
	<filename>Image133.jpg</filename>
	<path>/home/yapjingyang/Desktop/ITI107_Assignment_dataset/Image133.jpg</path>
	<source>
		<database>Unknown</database>
	</source>
	<size>
		<width>2560</width>
		<height>1600</height>
		<depth>3</depth>
	</size>
	<segmented>0</segmented>
	<object>
		<name>monkey</name>
		<pose>Unspecified</pose>
		<truncated>1</truncated>
		<difficult>0</difficult>
		<bndbox>
			<xmin>236</xmin>
			<ymin>58</ymin>
			<xmax>1913</xmax>
			<ymax>1600</ymax>
		</bndbox>
	</object>
</annotation>
