<annotation>
	<folder></folder>
	<filename>panda_00099_jpg.rf.524d39e4ef2b132fe3fdfc4594e905b9.jpg</filename>
	<path>panda_00099_jpg.rf.524d39e4ef2b132fe3fdfc4594e905b9.jpg</path>
	<source>
		<database>roboflow.ai</database>
	</source>
	<size>
		<width>416</width>
		<height>416</height>
		<depth>3</depth>
	</size>
	<segmented>0</segmented>
	<object>
		<name>panda</name>
		<pose>Unspecified</pose>
		<truncated>0</truncated>
		<difficult>0</difficult>
		<occluded>0</occluded>
		<bndbox>
			<xmin>54</xmin>
			<xmax>122</xmax>
			<ymin>59</ymin>
			<ymax>139</ymax>
		</bndbox>
	</object>
</annotation>
