<annotation>
	<folder></folder>
	<filename>panda_00150_jpg.rf.578bccfbcd538d5187834386a073c99a.jpg</filename>
	<path>panda_00150_jpg.rf.578bccfbcd538d5187834386a073c99a.jpg</path>
	<source>
		<database>roboflow.ai</database>
	</source>
	<size>
		<width>416</width>
		<height>416</height>
		<depth>3</depth>
	</size>
	<segmented>0</segmented>
	<object>
		<name>panda</name>
		<pose>Unspecified</pose>
		<truncated>0</truncated>
		<difficult>0</difficult>
		<occluded>0</occluded>
		<bndbox>
			<xmin>191</xmin>
			<xmax>339</xmax>
			<ymin>116</ymin>
			<ymax>361</ymax>
		</bndbox>
	</object>
	<object>
		<name>panda</name>
		<pose>Unspecified</pose>
		<truncated>0</truncated>
		<difficult>0</difficult>
		<occluded>0</occluded>
		<bndbox>
			<xmin>98</xmin>
			<xmax>204</xmax>
			<ymin>205</ymin>
			<ymax>366</ymax>
		</bndbox>
	</object>
</annotation>
