<annotation>
	<folder></folder>
	<filename>panda_00059_jpg.rf.e37b5c53ad084e125f6ecca65c4e6c35.jpg</filename>
	<path>panda_00059_jpg.rf.e37b5c53ad084e125f6ecca65c4e6c35.jpg</path>
	<source>
		<database>roboflow.ai</database>
	</source>
	<size>
		<width>416</width>
		<height>416</height>
		<depth>3</depth>
	</size>
	<segmented>0</segmented>
	<object>
		<name>panda</name>
		<pose>Unspecified</pose>
		<truncated>0</truncated>
		<difficult>0</difficult>
		<occluded>0</occluded>
		<bndbox>
			<xmin>197</xmin>
			<xmax>366</xmax>
			<ymin>81</ymin>
			<ymax>380</ymax>
		</bndbox>
	</object>
	<object>
		<name>panda</name>
		<pose>Unspecified</pose>
		<truncated>0</truncated>
		<difficult>0</difficult>
		<occluded>0</occluded>
		<bndbox>
			<xmin>30</xmin>
			<xmax>253</xmax>
			<ymin>52</ymin>
			<ymax>416</ymax>
		</bndbox>
	</object>
</annotation>
