<annotation>
	<folder></folder>
	<filename>panda_00152_jpg.rf.9eb1affca2dcbd62fb72037dd7f2a67d.jpg</filename>
	<path>panda_00152_jpg.rf.9eb1affca2dcbd62fb72037dd7f2a67d.jpg</path>
	<source>
		<database>roboflow.ai</database>
	</source>
	<size>
		<width>416</width>
		<height>416</height>
		<depth>3</depth>
	</size>
	<segmented>0</segmented>
	<object>
		<name>panda</name>
		<pose>Unspecified</pose>
		<truncated>0</truncated>
		<difficult>0</difficult>
		<occluded>0</occluded>
		<bndbox>
			<xmin>149</xmin>
			<xmax>416</xmax>
			<ymin>141</ymin>
			<ymax>416</ymax>
		</bndbox>
	</object>
	<object>
		<name>panda</name>
		<pose>Unspecified</pose>
		<truncated>0</truncated>
		<difficult>0</difficult>
		<occluded>0</occluded>
		<bndbox>
			<xmin>1</xmin>
			<xmax>307</xmax>
			<ymin>144</ymin>
			<ymax>417</ymax>
		</bndbox>
	</object>
</annotation>
