<annotation>
	<folder>ITI107_Assignment_dataset</folder>
	<filename>Image005.jpg</filename>
	<path>/home/yapjingyang/Desktop/ITI107_Assignment_dataset/Image005.jpg</path>
	<source>
		<database>Unknown</database>
	</source>
	<size>
		<width>512</width>
		<height>341</height>
		<depth>3</depth>
	</size>
	<segmented>0</segmented>
	<object>
		<name>monkey</name>
		<pose>Unspecified</pose>
		<truncated>1</truncated>
		<difficult>0</difficult>
		<bndbox>
			<xmin>195</xmin>
			<ymin>10</ymin>
			<xmax>512</xmax>
			<ymax>326</ymax>
		</bndbox>
	</object>
</annotation>
