<annotation>
	<folder>ITI107_Assignment_dataset</folder>
	<filename>Image033.jpg</filename>
	<path>/home/yapjingyang/Desktop/ITI107_Assignment_dataset/Image033.jpg</path>
	<source>
		<database>Unknown</database>
	</source>
	<size>
		<width>1200</width>
		<height>675</height>
		<depth>3</depth>
	</size>
	<segmented>0</segmented>
	<object>
		<name>monkey</name>
		<pose>Unspecified</pose>
		<truncated>1</truncated>
		<difficult>0</difficult>
		<bndbox>
			<xmin>431</xmin>
			<ymin>187</ymin>
			<xmax>819</xmax>
			<ymax>675</ymax>
		</bndbox>
	</object>
	<object>
		<name>monkey</name>
		<pose>Unspecified</pose>
		<truncated>1</truncated>
		<difficult>0</difficult>
		<bndbox>
			<xmin>784</xmin>
			<ymin>67</ymin>
			<xmax>1101</xmax>
			<ymax>675</ymax>
		</bndbox>
	</object>
</annotation>
