<annotation>
	<folder>ITI107_Assignment_dataset</folder>
	<filename>Image132.jpg</filename>
	<path>/home/yapjingyang/Desktop/ITI107_Assignment_dataset/Image132.jpg</path>
	<source>
		<database>Unknown</database>
	</source>
	<size>
		<width>600</width>
		<height>401</height>
		<depth>3</depth>
	</size>
	<segmented>0</segmented>
	<object>
		<name>monkey</name>
		<pose>Unspecified</pose>
		<truncated>0</truncated>
		<difficult>0</difficult>
		<bndbox>
			<xmin>89</xmin>
			<ymin>37</ymin>
			<xmax>545</xmax>
			<ymax>342</ymax>
		</bndbox>
	</object>
</annotation>
