<annotation>
	<folder>ITI107_Assignment_dataset</folder>
	<filename>Image086.jpg</filename>
	<path>/home/yapjingyang/Desktop/ITI107_Assignment_dataset/Image086.jpg</path>
	<source>
		<database>Unknown</database>
	</source>
	<size>
		<width>539</width>
		<height>360</height>
		<depth>3</depth>
	</size>
	<segmented>0</segmented>
	<object>
		<name>monkey</name>
		<pose>Unspecified</pose>
		<truncated>0</truncated>
		<difficult>0</difficult>
		<bndbox>
			<xmin>120</xmin>
			<ymin>95</ymin>
			<xmax>231</xmax>
			<ymax>247</ymax>
		</bndbox>
	</object>
	<object>
		<name>monkey</name>
		<pose>Unspecified</pose>
		<truncated>0</truncated>
		<difficult>0</difficult>
		<bndbox>
			<xmin>197</xmin>
			<ymin>96</ymin>
			<xmax>303</xmax>
			<ymax>233</ymax>
		</bndbox>
	</object>
	<object>
		<name>monkey</name>
		<pose>Unspecified</pose>
		<truncated>0</truncated>
		<difficult>0</difficult>
		<bndbox>
			<xmin>284</xmin>
			<ymin>116</ymin>
			<xmax>386</xmax>
			<ymax>251</ymax>
		</bndbox>
	</object>
</annotation>
