<annotation>
	<folder>ITI107_Assignment_dataset</folder>
	<filename>Image112.jpg</filename>
	<path>/home/yapjingyang/Desktop/ITI107_Assignment_dataset/Image112.jpg</path>
	<source>
		<database>Unknown</database>
	</source>
	<size>
		<width>3456</width>
		<height>2304</height>
		<depth>3</depth>
	</size>
	<segmented>0</segmented>
	<object>
		<name>monkey</name>
		<pose>Unspecified</pose>
		<truncated>0</truncated>
		<difficult>0</difficult>
		<bndbox>
			<xmin>969</xmin>
			<ymin>182</ymin>
			<xmax>1686</xmax>
			<ymax>1547</ymax>
		</bndbox>
	</object>
	<object>
		<name>monkey</name>
		<pose>Unspecified</pose>
		<truncated>0</truncated>
		<difficult>0</difficult>
		<bndbox>
			<xmin>1538</xmin>
			<ymin>395</ymin>
			<xmax>2360</xmax>
			<ymax>1756</ymax>
		</bndbox>
	</object>
	<object>
		<name>monkey</name>
		<pose>Unspecified</pose>
		<truncated>0</truncated>
		<difficult>0</difficult>
		<bndbox>
			<xmin>2056</xmin>
			<ymin>691</ymin>
			<xmax>2986</xmax>
			<ymax>1852</ymax>
		</bndbox>
	</object>
</annotation>
