<annotation>
	<folder></folder>
	<filename>panda_00102_jpg.rf.462af7a7bb81231051d158077b8cdb50.jpg</filename>
	<path>panda_00102_jpg.rf.462af7a7bb81231051d158077b8cdb50.jpg</path>
	<source>
		<database>roboflow.ai</database>
	</source>
	<size>
		<width>416</width>
		<height>416</height>
		<depth>3</depth>
	</size>
	<segmented>0</segmented>
	<object>
		<name>panda</name>
		<pose>Unspecified</pose>
		<truncated>0</truncated>
		<difficult>0</difficult>
		<occluded>0</occluded>
		<bndbox>
			<xmin>187</xmin>
			<xmax>336</xmax>
			<ymin>97</ymin>
			<ymax>283</ymax>
		</bndbox>
	</object>
</annotation>
