<annotation>
	<folder>ITI107_Assignment_dataset</folder>
	<filename>Image064.jpg</filename>
	<path>/home/yapjingyang/Desktop/ITI107_Assignment_dataset/Image064.jpg</path>
	<source>
		<database>Unknown</database>
	</source>
	<size>
		<width>1200</width>
		<height>801</height>
		<depth>3</depth>
	</size>
	<segmented>0</segmented>
	<object>
		<name>monkey</name>
		<pose>Unspecified</pose>
		<truncated>0</truncated>
		<difficult>0</difficult>
		<bndbox>
			<xmin>352</xmin>
			<ymin>229</ymin>
			<xmax>637</xmax>
			<ymax>585</ymax>
		</bndbox>
	</object>
	<object>
		<name>monkey</name>
		<pose>Unspecified</pose>
		<truncated>0</truncated>
		<difficult>0</difficult>
		<bndbox>
			<xmin>502</xmin>
			<ymin>105</ymin>
			<xmax>926</xmax>
			<ymax>711</ymax>
		</bndbox>
	</object>
</annotation>
