<annotation>
	<folder>ITI107_Assignment_dataset</folder>
	<filename>Image049.jpg</filename>
	<path>/home/yapjingyang/Desktop/ITI107_Assignment_dataset/Image049.jpg</path>
	<source>
		<database>Unknown</database>
	</source>
	<size>
		<width>612</width>
		<height>408</height>
		<depth>3</depth>
	</size>
	<segmented>0</segmented>
	<object>
		<name>monkey</name>
		<pose>Unspecified</pose>
		<truncated>0</truncated>
		<difficult>0</difficult>
		<bndbox>
			<xmin>64</xmin>
			<ymin>88</ymin>
			<xmax>223</xmax>
			<ymax>308</ymax>
		</bndbox>
	</object>
	<object>
		<name>monkey</name>
		<pose>Unspecified</pose>
		<truncated>1</truncated>
		<difficult>0</difficult>
		<bndbox>
			<xmin>224</xmin>
			<ymin>215</ymin>
			<xmax>382</xmax>
			<ymax>408</ymax>
		</bndbox>
	</object>
	<object>
		<name>monkey</name>
		<pose>Unspecified</pose>
		<truncated>0</truncated>
		<difficult>0</difficult>
		<bndbox>
			<xmin>307</xmin>
			<ymin>45</ymin>
			<xmax>506</xmax>
			<ymax>178</ymax>
		</bndbox>
	</object>
</annotation>
