<annotation>
	<folder></folder>
	<filename>panda_00172_jpg.rf.bda3a272fd37f098bb4ffcd9af9df34d.jpg</filename>
	<path>panda_00172_jpg.rf.bda3a272fd37f098bb4ffcd9af9df34d.jpg</path>
	<source>
		<database>roboflow.ai</database>
	</source>
	<size>
		<width>416</width>
		<height>416</height>
		<depth>3</depth>
	</size>
	<segmented>0</segmented>
	<object>
		<name>panda</name>
		<pose>Unspecified</pose>
		<truncated>0</truncated>
		<difficult>0</difficult>
		<occluded>0</occluded>
		<bndbox>
			<xmin>120</xmin>
			<xmax>395</xmax>
			<ymin>28</ymin>
			<ymax>356</ymax>
		</bndbox>
	</object>
</annotation>
