<annotation>
	<folder></folder>
	<filename>panda_00115_jpg.rf.678599eb375f469c987668bda13ff8d7.jpg</filename>
	<path>panda_00115_jpg.rf.678599eb375f469c987668bda13ff8d7.jpg</path>
	<source>
		<database>roboflow.ai</database>
	</source>
	<size>
		<width>416</width>
		<height>416</height>
		<depth>3</depth>
	</size>
	<segmented>0</segmented>
	<object>
		<name>panda</name>
		<pose>Unspecified</pose>
		<truncated>0</truncated>
		<difficult>0</difficult>
		<occluded>0</occluded>
		<bndbox>
			<xmin>50</xmin>
			<xmax>336</xmax>
			<ymin>102</ymin>
			<ymax>416</ymax>
		</bndbox>
	</object>
</annotation>
