<annotation>
	<folder></folder>
	<filename>panda_00011_jpg.rf.eeada69f989d628273be0d1fe6f06095.jpg</filename>
	<path>panda_00011_jpg.rf.eeada69f989d628273be0d1fe6f06095.jpg</path>
	<source>
		<database>roboflow.ai</database>
	</source>
	<size>
		<width>416</width>
		<height>416</height>
		<depth>3</depth>
	</size>
	<segmented>0</segmented>
	<object>
		<name>panda</name>
		<pose>Unspecified</pose>
		<truncated>0</truncated>
		<difficult>0</difficult>
		<occluded>0</occluded>
		<bndbox>
			<xmin>40</xmin>
			<xmax>165</xmax>
			<ymin>131</ymin>
			<ymax>309</ymax>
		</bndbox>
	</object>
	<object>
		<name>panda</name>
		<pose>Unspecified</pose>
		<truncated>0</truncated>
		<difficult>0</difficult>
		<occluded>0</occluded>
		<bndbox>
			<xmin>182</xmin>
			<xmax>290</xmax>
			<ymin>161</ymin>
			<ymax>402</ymax>
		</bndbox>
	</object>
</annotation>
