<annotation>
	<folder>ITI107_Assignment_dataset</folder>
	<filename>Image168.jpg</filename>
	<path>/home/yapjingyang/Desktop/ITI107_Assignment_dataset/Image168.jpg</path>
	<source>
		<database>Unknown</database>
	</source>
	<size>
		<width>798</width>
		<height>599</height>
		<depth>3</depth>
	</size>
	<segmented>0</segmented>
	<object>
		<name>monkey</name>
		<pose>Unspecified</pose>
		<truncated>1</truncated>
		<difficult>0</difficult>
		<bndbox>
			<xmin>221</xmin>
			<ymin>93</ymin>
			<xmax>564</xmax>
			<ymax>599</ymax>
		</bndbox>
	</object>
</annotation>
