<annotation>
	<folder>ITI107_Assignment_dataset</folder>
	<filename>Image198.jpg</filename>
	<path>/home/yapjingyang/Desktop/ITI107_Assignment_dataset/Image198.jpg</path>
	<source>
		<database>Unknown</database>
	</source>
	<size>
		<width>628</width>
		<height>413</height>
		<depth>3</depth>
	</size>
	<segmented>0</segmented>
	<object>
		<name>monkey</name>
		<pose>Unspecified</pose>
		<truncated>1</truncated>
		<difficult>0</difficult>
		<bndbox>
			<xmin>134</xmin>
			<ymin>61</ymin>
			<xmax>442</xmax>
			<ymax>413</ymax>
		</bndbox>
	</object>
</annotation>
