<annotation>
	<folder>ITI107_Assignment_dataset</folder>
	<filename>Image117.jpg</filename>
	<path>/home/yapjingyang/Desktop/ITI107_Assignment_dataset/Image117.jpg</path>
	<source>
		<database>Unknown</database>
	</source>
	<size>
		<width>800</width>
		<height>444</height>
		<depth>3</depth>
	</size>
	<segmented>0</segmented>
	<object>
		<name>monkey</name>
		<pose>Unspecified</pose>
		<truncated>1</truncated>
		<difficult>0</difficult>
		<bndbox>
			<xmin>61</xmin>
			<ymin>25</ymin>
			<xmax>254</xmax>
			<ymax>444</ymax>
		</bndbox>
	</object>
	<object>
		<name>monkey</name>
		<pose>Unspecified</pose>
		<truncated>1</truncated>
		<difficult>0</difficult>
		<bndbox>
			<xmin>257</xmin>
			<ymin>62</ymin>
			<xmax>466</xmax>
			<ymax>444</ymax>
		</bndbox>
	</object>
	<object>
		<name>monkey</name>
		<pose>Unspecified</pose>
		<truncated>1</truncated>
		<difficult>0</difficult>
		<bndbox>
			<xmin>541</xmin>
			<ymin>43</ymin>
			<xmax>787</xmax>
			<ymax>444</ymax>
		</bndbox>
	</object>
</annotation>
