<annotation>
	<folder>ITI107_Assignment_dataset</folder>
	<filename>Image125.jpg</filename>
	<path>/home/yapjingyang/Desktop/ITI107_Assignment_dataset/Image125.jpg</path>
	<source>
		<database>Unknown</database>
	</source>
	<size>
		<width>366</width>
		<height>291</height>
		<depth>3</depth>
	</size>
	<segmented>0</segmented>
	<object>
		<name>monkey</name>
		<pose>Unspecified</pose>
		<truncated>0</truncated>
		<difficult>0</difficult>
		<bndbox>
			<xmin>40</xmin>
			<ymin>97</ymin>
			<xmax>206</xmax>
			<ymax>260</ymax>
		</bndbox>
	</object>
	<object>
		<name>monkey</name>
		<pose>Unspecified</pose>
		<truncated>0</truncated>
		<difficult>0</difficult>
		<bndbox>
			<xmin>145</xmin>
			<ymin>21</ymin>
			<xmax>321</xmax>
			<ymax>271</ymax>
		</bndbox>
	</object>
</annotation>
