<annotation>
	<folder></folder>
	<filename>panda_00009_jpg.rf.73fe2e228df1b84f7a66f0b14648bf9a.jpg</filename>
	<path>panda_00009_jpg.rf.73fe2e228df1b84f7a66f0b14648bf9a.jpg</path>
	<source>
		<database>roboflow.ai</database>
	</source>
	<size>
		<width>416</width>
		<height>416</height>
		<depth>3</depth>
	</size>
	<segmented>0</segmented>
	<object>
		<name>panda</name>
		<pose>Unspecified</pose>
		<truncated>0</truncated>
		<difficult>0</difficult>
		<occluded>0</occluded>
		<bndbox>
			<xmin>91</xmin>
			<xmax>322</xmax>
			<ymin>90</ymin>
			<ymax>416</ymax>
		</bndbox>
	</object>
</annotation>
