<annotation>
	<folder>ITI107_Assignment_dataset</folder>
	<filename>Image165.jpg</filename>
	<path>/home/yapjingyang/Desktop/ITI107_Assignment_dataset/Image165.jpg</path>
	<source>
		<database>Unknown</database>
	</source>
	<size>
		<width>591</width>
		<height>447</height>
		<depth>3</depth>
	</size>
	<segmented>0</segmented>
	<object>
		<name>monkey</name>
		<pose>Unspecified</pose>
		<truncated>1</truncated>
		<difficult>0</difficult>
		<bndbox>
			<xmin>17</xmin>
			<ymin>40</ymin>
			<xmax>591</xmax>
			<ymax>447</ymax>
		</bndbox>
	</object>
</annotation>
