<annotation>
	<folder></folder>
	<filename>panda_00101_jpg.rf.2536c7f889b706d11545fe3cec259c96.jpg</filename>
	<path>panda_00101_jpg.rf.2536c7f889b706d11545fe3cec259c96.jpg</path>
	<source>
		<database>roboflow.ai</database>
	</source>
	<size>
		<width>416</width>
		<height>416</height>
		<depth>3</depth>
	</size>
	<segmented>0</segmented>
	<object>
		<name>panda</name>
		<pose>Unspecified</pose>
		<truncated>0</truncated>
		<difficult>0</difficult>
		<occluded>0</occluded>
		<bndbox>
			<xmin>35</xmin>
			<xmax>371</xmax>
			<ymin>33</ymin>
			<ymax>416</ymax>
		</bndbox>
	</object>
</annotation>
