<annotation>
	<folder>ITI107_Assignment_dataset</folder>
	<filename>Image059.jpg</filename>
	<path>/home/yapjingyang/Desktop/ITI107_Assignment_dataset/Image059.jpg</path>
	<source>
		<database>Unknown</database>
	</source>
	<size>
		<width>1024</width>
		<height>681</height>
		<depth>3</depth>
	</size>
	<segmented>0</segmented>
	<object>
		<name>monkey</name>
		<pose>Unspecified</pose>
		<truncated>0</truncated>
		<difficult>0</difficult>
		<bndbox>
			<xmin>424</xmin>
			<ymin>193</ymin>
			<xmax>794</xmax>
			<ymax>643</ymax>
		</bndbox>
	</object>
</annotation>
