<annotation>
	<folder></folder>
	<filename>panda_00104_jpg.rf.3dca6dc8e3a83ed5b2126666b0de6021.jpg</filename>
	<path>panda_00104_jpg.rf.3dca6dc8e3a83ed5b2126666b0de6021.jpg</path>
	<source>
		<database>roboflow.ai</database>
	</source>
	<size>
		<width>416</width>
		<height>416</height>
		<depth>3</depth>
	</size>
	<segmented>0</segmented>
	<object>
		<name>panda</name>
		<pose>Unspecified</pose>
		<truncated>0</truncated>
		<difficult>0</difficult>
		<occluded>0</occluded>
		<bndbox>
			<xmin>78</xmin>
			<xmax>265</xmax>
			<ymin>114</ymin>
			<ymax>250</ymax>
		</bndbox>
	</object>
</annotation>
