<annotation>
	<folder></folder>
	<filename>panda_00046_jpg.rf.5ef8aae5d7f88a0f29d22ef24a1a5bb3.jpg</filename>
	<path>panda_00046_jpg.rf.5ef8aae5d7f88a0f29d22ef24a1a5bb3.jpg</path>
	<source>
		<database>roboflow.ai</database>
	</source>
	<size>
		<width>416</width>
		<height>416</height>
		<depth>3</depth>
	</size>
	<segmented>0</segmented>
	<object>
		<name>panda</name>
		<pose>Unspecified</pose>
		<truncated>0</truncated>
		<difficult>0</difficult>
		<occluded>0</occluded>
		<bndbox>
			<xmin>31</xmin>
			<xmax>416</xmax>
			<ymin>1</ymin>
			<ymax>416</ymax>
		</bndbox>
	</object>
</annotation>
