<annotation>
	<folder></folder>
	<filename>panda_00019_jpg.rf.fc81eea3924f27b8a509cabcbef54c20.jpg</filename>
	<path>panda_00019_jpg.rf.fc81eea3924f27b8a509cabcbef54c20.jpg</path>
	<source>
		<database>roboflow.ai</database>
	</source>
	<size>
		<width>416</width>
		<height>416</height>
		<depth>3</depth>
	</size>
	<segmented>0</segmented>
	<object>
		<name>panda</name>
		<pose>Unspecified</pose>
		<truncated>0</truncated>
		<difficult>0</difficult>
		<occluded>0</occluded>
		<bndbox>
			<xmin>189</xmin>
			<xmax>416</xmax>
			<ymin>49</ymin>
			<ymax>338</ymax>
		</bndbox>
	</object>
</annotation>
