<annotation>
	<folder>ITI107_Assignment_dataset</folder>
	<filename>Image052.jpg</filename>
	<path>/home/yapjingyang/Desktop/ITI107_Assignment_dataset/Image052.jpg</path>
	<source>
		<database>Unknown</database>
	</source>
	<size>
		<width>800</width>
		<height>533</height>
		<depth>3</depth>
	</size>
	<segmented>0</segmented>
	<object>
		<name>monkey</name>
		<pose>Unspecified</pose>
		<truncated>0</truncated>
		<difficult>0</difficult>
		<bndbox>
			<xmin>55</xmin>
			<ymin>206</ymin>
			<xmax>496</xmax>
			<ymax>498</ymax>
		</bndbox>
	</object>
	<object>
		<name>monkey</name>
		<pose>Unspecified</pose>
		<truncated>0</truncated>
		<difficult>0</difficult>
		<bndbox>
			<xmin>508</xmin>
			<ymin>185</ymin>
			<xmax>654</xmax>
			<ymax>348</ymax>
		</bndbox>
	</object>
	<object>
		<name>monkey</name>
		<pose>Unspecified</pose>
		<truncated>0</truncated>
		<difficult>0</difficult>
		<bndbox>
			<xmin>459</xmin>
			<ymin>66</ymin>
			<xmax>683</xmax>
			<ymax>401</ymax>
		</bndbox>
	</object>
</annotation>
