<annotation>
	<folder>ITI107_Assignment_dataset</folder>
	<filename>Image028.jpg</filename>
	<path>/home/yapjingyang/Desktop/ITI107_Assignment_dataset/Image028.jpg</path>
	<source>
		<database>Unknown</database>
	</source>
	<size>
		<width>2560</width>
		<height>1709</height>
		<depth>3</depth>
	</size>
	<segmented>0</segmented>
	<object>
		<name>monkey</name>
		<pose>Unspecified</pose>
		<truncated>0</truncated>
		<difficult>0</difficult>
		<bndbox>
			<xmin>688</xmin>
			<ymin>154</ymin>
			<xmax>1339</xmax>
			<ymax>995</ymax>
		</bndbox>
	</object>
	<object>
		<name>monkey</name>
		<pose>Unspecified</pose>
		<truncated>0</truncated>
		<difficult>0</difficult>
		<bndbox>
			<xmin>1097</xmin>
			<ymin>363</ymin>
			<xmax>2117</xmax>
			<ymax>1644</ymax>
		</bndbox>
	</object>
</annotation>
