<annotation>
	<folder>ITI107_Assignment_dataset</folder>
	<filename>Image029.jpg</filename>
	<path>/home/yapjingyang/Desktop/ITI107_Assignment_dataset/Image029.jpg</path>
	<source>
		<database>Unknown</database>
	</source>
	<size>
		<width>1024</width>
		<height>682</height>
		<depth>3</depth>
	</size>
	<segmented>0</segmented>
	<object>
		<name>monkey</name>
		<pose>Unspecified</pose>
		<truncated>1</truncated>
		<difficult>0</difficult>
		<bndbox>
			<xmin>190</xmin>
			<ymin>12</ymin>
			<xmax>834</xmax>
			<ymax>682</ymax>
		</bndbox>
	</object>
</annotation>
