<annotation>
	<folder>ITI107_Assignment_dataset</folder>
	<filename>Image004.jpg</filename>
	<path>/home/yapjingyang/Desktop/ITI107_Assignment_dataset/Image004.jpg</path>
	<source>
		<database>Unknown</database>
	</source>
	<size>
		<width>279</width>
		<height>180</height>
		<depth>3</depth>
	</size>
	<segmented>0</segmented>
	<object>
		<name>monkey</name>
		<pose>Unspecified</pose>
		<truncated>0</truncated>
		<difficult>0</difficult>
		<bndbox>
			<xmin>66</xmin>
			<ymin>16</ymin>
			<xmax>211</xmax>
			<ymax>161</ymax>
		</bndbox>
	</object>
</annotation>
