<annotation>
	<folder></folder>
	<filename>panda_00127_jpg.rf.260b4ab0dc8e39aa6c96d84c54808744.jpg</filename>
	<path>panda_00127_jpg.rf.260b4ab0dc8e39aa6c96d84c54808744.jpg</path>
	<source>
		<database>roboflow.ai</database>
	</source>
	<size>
		<width>416</width>
		<height>416</height>
		<depth>3</depth>
	</size>
	<segmented>0</segmented>
	<object>
		<name>panda</name>
		<pose>Unspecified</pose>
		<truncated>0</truncated>
		<difficult>0</difficult>
		<occluded>0</occluded>
		<bndbox>
			<xmin>45</xmin>
			<xmax>407</xmax>
			<ymin>81</ymin>
			<ymax>416</ymax>
		</bndbox>
	</object>
</annotation>
