<annotation>
	<folder>ITI107_Assignment_dataset</folder>
	<filename>Image102.jpg</filename>
	<path>/home/yapjingyang/Desktop/ITI107_Assignment_dataset/Image102.jpg</path>
	<source>
		<database>Unknown</database>
	</source>
	<size>
		<width>1024</width>
		<height>679</height>
		<depth>3</depth>
	</size>
	<segmented>0</segmented>
	<object>
		<name>monkey</name>
		<pose>Unspecified</pose>
		<truncated>0</truncated>
		<difficult>0</difficult>
		<bndbox>
			<xmin>245</xmin>
			<ymin>126</ymin>
			<xmax>773</xmax>
			<ymax>619</ymax>
		</bndbox>
	</object>
</annotation>
