<annotation>
	<folder></folder>
	<filename>panda_00105_jpg.rf.a7106d916bf66357682cf1bd129652d0.jpg</filename>
	<path>panda_00105_jpg.rf.a7106d916bf66357682cf1bd129652d0.jpg</path>
	<source>
		<database>roboflow.ai</database>
	</source>
	<size>
		<width>416</width>
		<height>416</height>
		<depth>3</depth>
	</size>
	<segmented>0</segmented>
	<object>
		<name>panda</name>
		<pose>Unspecified</pose>
		<truncated>0</truncated>
		<difficult>0</difficult>
		<occluded>0</occluded>
		<bndbox>
			<xmin>73</xmin>
			<xmax>145</xmax>
			<ymin>137</ymin>
			<ymax>238</ymax>
		</bndbox>
	</object>
</annotation>
