<annotation>
	<folder>ITI107_Assignment_dataset</folder>
	<filename>Image009.jpg</filename>
	<path>/home/yapjingyang/Desktop/ITI107_Assignment_dataset/Image009.jpg</path>
	<source>
		<database>Unknown</database>
	</source>
	<size>
		<width>183</width>
		<height>275</height>
		<depth>3</depth>
	</size>
	<segmented>0</segmented>
	<object>
		<name>monkey</name>
		<pose>Unspecified</pose>
		<truncated>0</truncated>
		<difficult>0</difficult>
		<bndbox>
			<xmin>36</xmin>
			<ymin>46</ymin>
			<xmax>137</xmax>
			<ymax>215</ymax>
		</bndbox>
	</object>
</annotation>
