<annotation>
	<folder>ITI107_Assignment_dataset</folder>
	<filename>Image100.jpg</filename>
	<path>/home/yapjingyang/Desktop/ITI107_Assignment_dataset/Image100.jpg</path>
	<source>
		<database>Unknown</database>
	</source>
	<size>
		<width>400</width>
		<height>476</height>
		<depth>3</depth>
	</size>
	<segmented>0</segmented>
	<object>
		<name>monkey</name>
		<pose>Unspecified</pose>
		<truncated>0</truncated>
		<difficult>0</difficult>
		<bndbox>
			<xmin>84</xmin>
			<ymin>109</ymin>
			<xmax>174</xmax>
			<ymax>225</ymax>
		</bndbox>
	</object>
	<object>
		<name>monkey</name>
		<pose>Unspecified</pose>
		<truncated>0</truncated>
		<difficult>0</difficult>
		<bndbox>
			<xmin>15</xmin>
			<ymin>40</ymin>
			<xmax>178</xmax>
			<ymax>397</ymax>
		</bndbox>
	</object>
	<object>
		<name>monkey</name>
		<pose>Unspecified</pose>
		<truncated>0</truncated>
		<difficult>0</difficult>
		<bndbox>
			<xmin>168</xmin>
			<ymin>148</ymin>
			<xmax>362</xmax>
			<ymax>465</ymax>
		</bndbox>
	</object>
</annotation>
