<annotation>
	<folder>ITI107_Assignment_dataset</folder>
	<filename>Image145.jpg</filename>
	<path>/home/yapjingyang/Desktop/ITI107_Assignment_dataset/Image145.jpg</path>
	<source>
		<database>Unknown</database>
	</source>
	<size>
		<width>338</width>
		<height>433</height>
		<depth>3</depth>
	</size>
	<segmented>0</segmented>
	<object>
		<name>monkey</name>
		<pose>Unspecified</pose>
		<truncated>0</truncated>
		<difficult>0</difficult>
		<bndbox>
			<xmin>32</xmin>
			<ymin>38</ymin>
			<xmax>299</xmax>
			<ymax>413</ymax>
		</bndbox>
	</object>
</annotation>
