<annotation>
	<folder>ITI107_Assignment_dataset</folder>
	<filename>Image167.jpg</filename>
	<path>/home/yapjingyang/Desktop/ITI107_Assignment_dataset/Image167.jpg</path>
	<source>
		<database>Unknown</database>
	</source>
	<size>
		<width>600</width>
		<height>900</height>
		<depth>3</depth>
	</size>
	<segmented>0</segmented>
	<object>
		<name>monkey</name>
		<pose>Unspecified</pose>
		<truncated>0</truncated>
		<difficult>0</difficult>
		<bndbox>
			<xmin>55</xmin>
			<ymin>60</ymin>
			<xmax>521</xmax>
			<ymax>726</ymax>
		</bndbox>
	</object>
</annotation>
