<annotation>
	<folder>ITI107_Assignment_dataset</folder>
	<filename>Image141.jpg</filename>
	<path>/home/yapjingyang/Desktop/ITI107_Assignment_dataset/Image141.jpg</path>
	<source>
		<database>Unknown</database>
	</source>
	<size>
		<width>1300</width>
		<height>864</height>
		<depth>3</depth>
	</size>
	<segmented>0</segmented>
	<object>
		<name>monkey</name>
		<pose>Unspecified</pose>
		<truncated>0</truncated>
		<difficult>0</difficult>
		<bndbox>
			<xmin>345</xmin>
			<ymin>73</ymin>
			<xmax>1170</xmax>
			<ymax>835</ymax>
		</bndbox>
	</object>
</annotation>
