<annotation>
	<folder>ITI107_Assignment_dataset</folder>
	<filename>Image129.jpg</filename>
	<path>/home/yapjingyang/Desktop/ITI107_Assignment_dataset/Image129.jpg</path>
	<source>
		<database>Unknown</database>
	</source>
	<size>
		<width>1993</width>
		<height>1411</height>
		<depth>3</depth>
	</size>
	<segmented>0</segmented>
	<object>
		<name>monkey</name>
		<pose>Unspecified</pose>
		<truncated>0</truncated>
		<difficult>0</difficult>
		<bndbox>
			<xmin>512</xmin>
			<ymin>108</ymin>
			<xmax>1841</xmax>
			<ymax>1238</ymax>
		</bndbox>
	</object>
</annotation>
