<annotation>
	<folder>ITI107_Assignment_dataset</folder>
	<filename>Image040.jpg</filename>
	<path>/home/yapjingyang/Desktop/ITI107_Assignment_dataset/Image040.jpg</path>
	<source>
		<database>Unknown</database>
	</source>
	<size>
		<width>275</width>
		<height>183</height>
		<depth>3</depth>
	</size>
	<segmented>0</segmented>
	<object>
		<name>monkey</name>
		<pose>Unspecified</pose>
		<truncated>0</truncated>
		<difficult>0</difficult>
		<bndbox>
			<xmin>36</xmin>
			<ymin>39</ymin>
			<xmax>131</xmax>
			<ymax>153</ymax>
		</bndbox>
	</object>
</annotation>
