<annotation>
	<folder></folder>
	<filename>panda_00008_jpg.rf.1d1da407a603c70f2b9214934ae9679a.jpg</filename>
	<path>panda_00008_jpg.rf.1d1da407a603c70f2b9214934ae9679a.jpg</path>
	<source>
		<database>roboflow.ai</database>
	</source>
	<size>
		<width>416</width>
		<height>416</height>
		<depth>3</depth>
	</size>
	<segmented>0</segmented>
	<object>
		<name>panda</name>
		<pose>Unspecified</pose>
		<truncated>0</truncated>
		<difficult>0</difficult>
		<occluded>0</occluded>
		<bndbox>
			<xmin>165</xmin>
			<xmax>405</xmax>
			<ymin>34</ymin>
			<ymax>380</ymax>
		</bndbox>
	</object>
</annotation>
