<annotation>
	<folder></folder>
	<filename>panda_00174_jpg.rf.d31886d38364c976117d160022332573.jpg</filename>
	<path>panda_00174_jpg.rf.d31886d38364c976117d160022332573.jpg</path>
	<source>
		<database>roboflow.ai</database>
	</source>
	<size>
		<width>416</width>
		<height>416</height>
		<depth>3</depth>
	</size>
	<segmented>0</segmented>
	<object>
		<name>panda</name>
		<pose>Unspecified</pose>
		<truncated>0</truncated>
		<difficult>0</difficult>
		<occluded>0</occluded>
		<bndbox>
			<xmin>99</xmin>
			<xmax>381</xmax>
			<ymin>127</ymin>
			<ymax>329</ymax>
		</bndbox>
	</object>
</annotation>
