<annotation>
	<folder>ITI107_Assignment_dataset</folder>
	<filename>Image022.jpg</filename>
	<path>/home/yapjingyang/Desktop/ITI107_Assignment_dataset/Image022.jpg</path>
	<source>
		<database>Unknown</database>
	</source>
	<size>
		<width>1670</width>
		<height>940</height>
		<depth>3</depth>
	</size>
	<segmented>0</segmented>
	<object>
		<name>monkey</name>
		<pose>Unspecified</pose>
		<truncated>1</truncated>
		<difficult>0</difficult>
		<bndbox>
			<xmin>198</xmin>
			<ymin>231</ymin>
			<xmax>666</xmax>
			<ymax>940</ymax>
		</bndbox>
	</object>
	<object>
		<name>monkey</name>
		<pose>Unspecified</pose>
		<truncated>1</truncated>
		<difficult>0</difficult>
		<bndbox>
			<xmin>172</xmin>
			<ymin>5</ymin>
			<xmax>1281</xmax>
			<ymax>940</ymax>
		</bndbox>
	</object>
	<object>
		<name>monkey</name>
		<pose>Unspecified</pose>
		<truncated>1</truncated>
		<difficult>0</difficult>
		<bndbox>
			<xmin>1044</xmin>
			<ymin>261</ymin>
			<xmax>1589</xmax>
			<ymax>940</ymax>
		</bndbox>
	</object>
</annotation>
