<annotation>
	<folder></folder>
	<filename>panda_00120_jpg.rf.2eef04ad5f6f1d4b2a06f1166b7e418c.jpg</filename>
	<path>panda_00120_jpg.rf.2eef04ad5f6f1d4b2a06f1166b7e418c.jpg</path>
	<source>
		<database>roboflow.ai</database>
	</source>
	<size>
		<width>416</width>
		<height>416</height>
		<depth>3</depth>
	</size>
	<segmented>0</segmented>
	<object>
		<name>panda</name>
		<pose>Unspecified</pose>
		<truncated>0</truncated>
		<difficult>0</difficult>
		<occluded>0</occluded>
		<bndbox>
			<xmin>86</xmin>
			<xmax>270</xmax>
			<ymin>69</ymin>
			<ymax>402</ymax>
		</bndbox>
	</object>
</annotation>
