<annotation>
	<folder></folder>
	<filename>panda_00156_jpg.rf.77550c24fe444e1e2cf0b1c4208c1075.jpg</filename>
	<path>panda_00156_jpg.rf.77550c24fe444e1e2cf0b1c4208c1075.jpg</path>
	<source>
		<database>roboflow.ai</database>
	</source>
	<size>
		<width>416</width>
		<height>416</height>
		<depth>3</depth>
	</size>
	<segmented>0</segmented>
	<object>
		<name>panda</name>
		<pose>Unspecified</pose>
		<truncated>0</truncated>
		<difficult>0</difficult>
		<occluded>0</occluded>
		<bndbox>
			<xmin>11</xmin>
			<xmax>416</xmax>
			<ymin>102</ymin>
			<ymax>405</ymax>
		</bndbox>
	</object>
</annotation>
