<annotation>
	<folder></folder>
	<filename>panda_00017_jpg.rf.a7ae7a858e0cfd91f547e6c59a2a7c87.jpg</filename>
	<path>panda_00017_jpg.rf.a7ae7a858e0cfd91f547e6c59a2a7c87.jpg</path>
	<source>
		<database>roboflow.ai</database>
	</source>
	<size>
		<width>416</width>
		<height>416</height>
		<depth>3</depth>
	</size>
	<segmented>0</segmented>
	<object>
		<name>panda</name>
		<pose>Unspecified</pose>
		<truncated>0</truncated>
		<difficult>0</difficult>
		<occluded>0</occluded>
		<bndbox>
			<xmin>7</xmin>
			<xmax>300</xmax>
			<ymin>74</ymin>
			<ymax>416</ymax>
		</bndbox>
	</object>
</annotation>
