<annotation>
	<folder></folder>
	<filename>panda_00201_jpg.rf.246890a55a54eff48a641ae04cd0afdd.jpg</filename>
	<path>panda_00201_jpg.rf.246890a55a54eff48a641ae04cd0afdd.jpg</path>
	<source>
		<database>roboflow.ai</database>
	</source>
	<size>
		<width>416</width>
		<height>416</height>
		<depth>3</depth>
	</size>
	<segmented>0</segmented>
	<object>
		<name>panda</name>
		<pose>Unspecified</pose>
		<truncated>0</truncated>
		<difficult>0</difficult>
		<occluded>0</occluded>
		<bndbox>
			<xmin>6</xmin>
			<xmax>408</xmax>
			<ymin>14</ymin>
			<ymax>416</ymax>
		</bndbox>
	</object>
</annotation>
