<annotation>
	<folder>ITI107_Assignment_dataset</folder>
	<filename>Image189.jpg</filename>
	<path>/home/yapjingyang/Desktop/ITI107_Assignment_dataset/Image189.jpg</path>
	<source>
		<database>Unknown</database>
	</source>
	<size>
		<width>640</width>
		<height>640</height>
		<depth>3</depth>
	</size>
	<segmented>0</segmented>
	<object>
		<name>monkey</name>
		<pose>Unspecified</pose>
		<truncated>0</truncated>
		<difficult>0</difficult>
		<bndbox>
			<xmin>4</xmin>
			<ymin>58</ymin>
			<xmax>422</xmax>
			<ymax>592</ymax>
		</bndbox>
	</object>
	<object>
		<name>monkey</name>
		<pose>Unspecified</pose>
		<truncated>1</truncated>
		<difficult>0</difficult>
		<bndbox>
			<xmin>407</xmin>
			<ymin>226</ymin>
			<xmax>640</xmax>
			<ymax>581</ymax>
		</bndbox>
	</object>
</annotation>
