<annotation>
	<folder>ITI107_Assignment_dataset</folder>
	<filename>Image020.jpg</filename>
	<path>/home/yapjingyang/Desktop/ITI107_Assignment_dataset/Image020.jpg</path>
	<source>
		<database>Unknown</database>
	</source>
	<size>
		<width>1024</width>
		<height>614</height>
		<depth>3</depth>
	</size>
	<segmented>0</segmented>
	<object>
		<name>monkey</name>
		<pose>Unspecified</pose>
		<truncated>0</truncated>
		<difficult>0</difficult>
		<bndbox>
			<xmin>78</xmin>
			<ymin>12</ymin>
			<xmax>489</xmax>
			<ymax>564</ymax>
		</bndbox>
	</object>
	<object>
		<name>monkey</name>
		<pose>Unspecified</pose>
		<truncated>1</truncated>
		<difficult>0</difficult>
		<bndbox>
			<xmin>341</xmin>
			<ymin>86</ymin>
			<xmax>703</xmax>
			<ymax>614</ymax>
		</bndbox>
	</object>
</annotation>
