<annotation>
	<folder>ITI107_Assignment_dataset</folder>
	<filename>Image146.jpg</filename>
	<path>/home/yapjingyang/Desktop/ITI107_Assignment_dataset/Image146.jpg</path>
	<source>
		<database>Unknown</database>
	</source>
	<size>
		<width>3456</width>
		<height>2592</height>
		<depth>3</depth>
	</size>
	<segmented>0</segmented>
	<object>
		<name>monkey</name>
		<pose>Unspecified</pose>
		<truncated>0</truncated>
		<difficult>0</difficult>
		<bndbox>
			<xmin>882</xmin>
			<ymin>1174</ymin>
			<xmax>1860</xmax>
			<ymax>1961</ymax>
		</bndbox>
	</object>
	<object>
		<name>monkey</name>
		<pose>Unspecified</pose>
		<truncated>0</truncated>
		<difficult>0</difficult>
		<bndbox>
			<xmin>1530</xmin>
			<ymin>474</ymin>
			<xmax>2904</xmax>
			<ymax>1765</ymax>
		</bndbox>
	</object>
</annotation>
