<annotation>
	<folder></folder>
	<filename>panda_00067_jpg.rf.161b35ce8e5f7ecf486c48d7a760b2af.jpg</filename>
	<path>panda_00067_jpg.rf.161b35ce8e5f7ecf486c48d7a760b2af.jpg</path>
	<source>
		<database>roboflow.ai</database>
	</source>
	<size>
		<width>416</width>
		<height>416</height>
		<depth>3</depth>
	</size>
	<segmented>0</segmented>
	<object>
		<name>panda</name>
		<pose>Unspecified</pose>
		<truncated>0</truncated>
		<difficult>0</difficult>
		<occluded>0</occluded>
		<bndbox>
			<xmin>20</xmin>
			<xmax>395</xmax>
			<ymin>14</ymin>
			<ymax>398</ymax>
		</bndbox>
	</object>
</annotation>
