<annotation>
	<folder>ITI107_Assignment_dataset</folder>
	<filename>Image025.jpg</filename>
	<path>/home/yapjingyang/Desktop/ITI107_Assignment_dataset/Image025.jpg</path>
	<source>
		<database>Unknown</database>
	</source>
	<size>
		<width>507</width>
		<height>338</height>
		<depth>3</depth>
	</size>
	<segmented>0</segmented>
	<object>
		<name>monkey</name>
		<pose>Unspecified</pose>
		<truncated>0</truncated>
		<difficult>0</difficult>
		<bndbox>
			<xmin>231</xmin>
			<ymin>54</ymin>
			<xmax>449</xmax>
			<ymax>250</ymax>
		</bndbox>
	</object>
</annotation>
