<annotation>
	<folder></folder>
	<filename>panda_00094_jpg.rf.7cd61451791dd34b220cee45164132f0.jpg</filename>
	<path>panda_00094_jpg.rf.7cd61451791dd34b220cee45164132f0.jpg</path>
	<source>
		<database>roboflow.ai</database>
	</source>
	<size>
		<width>416</width>
		<height>416</height>
		<depth>3</depth>
	</size>
	<segmented>0</segmented>
	<object>
		<name>panda</name>
		<pose>Unspecified</pose>
		<truncated>0</truncated>
		<difficult>0</difficult>
		<occluded>0</occluded>
		<bndbox>
			<xmin>48</xmin>
			<xmax>372</xmax>
			<ymin>48</ymin>
			<ymax>319</ymax>
		</bndbox>
	</object>
</annotation>
