<annotation>
	<folder></folder>
	<filename>panda_00097_jpg.rf.6addbd94f9dc7e912f151757679f3dde.jpg</filename>
	<path>panda_00097_jpg.rf.6addbd94f9dc7e912f151757679f3dde.jpg</path>
	<source>
		<database>roboflow.ai</database>
	</source>
	<size>
		<width>416</width>
		<height>416</height>
		<depth>3</depth>
	</size>
	<segmented>0</segmented>
	<object>
		<name>panda</name>
		<pose>Unspecified</pose>
		<truncated>0</truncated>
		<difficult>0</difficult>
		<occluded>0</occluded>
		<bndbox>
			<xmin>66</xmin>
			<xmax>324</xmax>
			<ymin>90</ymin>
			<ymax>416</ymax>
		</bndbox>
	</object>
</annotation>
