<annotation>
	<folder></folder>
	<filename>panda_00010_jpg.rf.adf7124e2a6f7877a298f5e2242e781c.jpg</filename>
	<path>panda_00010_jpg.rf.adf7124e2a6f7877a298f5e2242e781c.jpg</path>
	<source>
		<database>roboflow.ai</database>
	</source>
	<size>
		<width>416</width>
		<height>416</height>
		<depth>3</depth>
	</size>
	<segmented>0</segmented>
	<object>
		<name>panda</name>
		<pose>Unspecified</pose>
		<truncated>0</truncated>
		<difficult>0</difficult>
		<occluded>0</occluded>
		<bndbox>
			<xmin>18</xmin>
			<xmax>339</xmax>
			<ymin>91</ymin>
			<ymax>355</ymax>
		</bndbox>
	</object>
</annotation>
