<annotation>
	<folder></folder>
	<filename>panda_00159_jpg.rf.d99b0294d9aea16f7afce4dd9ee0ed81.jpg</filename>
	<path>panda_00159_jpg.rf.d99b0294d9aea16f7afce4dd9ee0ed81.jpg</path>
	<source>
		<database>roboflow.ai</database>
	</source>
	<size>
		<width>416</width>
		<height>416</height>
		<depth>3</depth>
	</size>
	<segmented>0</segmented>
	<object>
		<name>panda</name>
		<pose>Unspecified</pose>
		<truncated>0</truncated>
		<difficult>0</difficult>
		<occluded>0</occluded>
		<bndbox>
			<xmin>187</xmin>
			<xmax>416</xmax>
			<ymin>28</ymin>
			<ymax>416</ymax>
		</bndbox>
	</object>
	<object>
		<name>panda</name>
		<pose>Unspecified</pose>
		<truncated>0</truncated>
		<difficult>0</difficult>
		<occluded>0</occluded>
		<bndbox>
			<xmin>55</xmin>
			<xmax>281</xmax>
			<ymin>72</ymin>
			<ymax>416</ymax>
		</bndbox>
	</object>
</annotation>
