<annotation>
	<folder></folder>
	<filename>panda_00079_jpg.rf.07ba7567e4a547e9b74cc4f54c7f9e8b.jpg</filename>
	<path>panda_00079_jpg.rf.07ba7567e4a547e9b74cc4f54c7f9e8b.jpg</path>
	<source>
		<database>roboflow.ai</database>
	</source>
	<size>
		<width>416</width>
		<height>416</height>
		<depth>3</depth>
	</size>
	<segmented>0</segmented>
	<object>
		<name>panda</name>
		<pose>Unspecified</pose>
		<truncated>0</truncated>
		<difficult>0</difficult>
		<occluded>0</occluded>
		<bndbox>
			<xmin>1</xmin>
			<xmax>416</xmax>
			<ymin>1</ymin>
			<ymax>416</ymax>
		</bndbox>
	</object>
</annotation>
