<annotation>
	<folder></folder>
	<filename>panda_00092_jpg.rf.fee76d2726872ed41995f11eba2dddb9.jpg</filename>
	<path>panda_00092_jpg.rf.fee76d2726872ed41995f11eba2dddb9.jpg</path>
	<source>
		<database>roboflow.ai</database>
	</source>
	<size>
		<width>416</width>
		<height>416</height>
		<depth>3</depth>
	</size>
	<segmented>0</segmented>
	<object>
		<name>panda</name>
		<pose>Unspecified</pose>
		<truncated>0</truncated>
		<difficult>0</difficult>
		<occluded>0</occluded>
		<bndbox>
			<xmin>84</xmin>
			<xmax>272</xmax>
			<ymin>29</ymin>
			<ymax>357</ymax>
		</bndbox>
	</object>
</annotation>
