<annotation>
	<folder>ITI107_Assignment_dataset</folder>
	<filename>Image193.jpg</filename>
	<path>/home/yapjingyang/Desktop/ITI107_Assignment_dataset/Image193.jpg</path>
	<source>
		<database>Unknown</database>
	</source>
	<size>
		<width>678</width>
		<height>1024</height>
		<depth>3</depth>
	</size>
	<segmented>0</segmented>
	<object>
		<name>monkey</name>
		<pose>Unspecified</pose>
		<truncated>0</truncated>
		<difficult>0</difficult>
		<bndbox>
			<xmin>229</xmin>
			<ymin>355</ymin>
			<xmax>527</xmax>
			<ymax>688</ymax>
		</bndbox>
	</object>
</annotation>
