<annotation>
	<folder>ITI107_Assignment_dataset</folder>
	<filename>Image023.jpg</filename>
	<path>/home/yapjingyang/Desktop/ITI107_Assignment_dataset/Image023.jpg</path>
	<source>
		<database>Unknown</database>
	</source>
	<size>
		<width>466</width>
		<height>700</height>
		<depth>3</depth>
	</size>
	<segmented>0</segmented>
	<object>
		<name>monkey</name>
		<pose>Unspecified</pose>
		<truncated>0</truncated>
		<difficult>0</difficult>
		<bndbox>
			<xmin>114</xmin>
			<ymin>159</ymin>
			<xmax>345</xmax>
			<ymax>524</ymax>
		</bndbox>
	</object>
</annotation>
