<annotation>
	<folder></folder>
	<filename>panda_00109_jpg.rf.8c298d93b6f3abaee066d210dd7a1797.jpg</filename>
	<path>panda_00109_jpg.rf.8c298d93b6f3abaee066d210dd7a1797.jpg</path>
	<source>
		<database>roboflow.ai</database>
	</source>
	<size>
		<width>416</width>
		<height>416</height>
		<depth>3</depth>
	</size>
	<segmented>0</segmented>
	<object>
		<name>panda</name>
		<pose>Unspecified</pose>
		<truncated>0</truncated>
		<difficult>0</difficult>
		<occluded>0</occluded>
		<bndbox>
			<xmin>66</xmin>
			<xmax>384</xmax>
			<ymin>73</ymin>
			<ymax>312</ymax>
		</bndbox>
	</object>
</annotation>
