<annotation>
	<folder></folder>
	<filename>panda_00180_jpg.rf.8a21beec1668a5f0531960b8cafa73ff.jpg</filename>
	<path>panda_00180_jpg.rf.8a21beec1668a5f0531960b8cafa73ff.jpg</path>
	<source>
		<database>roboflow.ai</database>
	</source>
	<size>
		<width>416</width>
		<height>416</height>
		<depth>3</depth>
	</size>
	<segmented>0</segmented>
	<object>
		<name>panda</name>
		<pose>Unspecified</pose>
		<truncated>0</truncated>
		<difficult>0</difficult>
		<occluded>0</occluded>
		<bndbox>
			<xmin>48</xmin>
			<xmax>387</xmax>
			<ymin>31</ymin>
			<ymax>416</ymax>
		</bndbox>
	</object>
</annotation>
