<annotation>
	<folder></folder>
	<filename>panda_00107_jpg.rf.cad22cc4abc40f2ff7e2c39a02fbd6a2.jpg</filename>
	<path>panda_00107_jpg.rf.cad22cc4abc40f2ff7e2c39a02fbd6a2.jpg</path>
	<source>
		<database>roboflow.ai</database>
	</source>
	<size>
		<width>416</width>
		<height>416</height>
		<depth>3</depth>
	</size>
	<segmented>0</segmented>
	<object>
		<name>panda</name>
		<pose>Unspecified</pose>
		<truncated>0</truncated>
		<difficult>0</difficult>
		<occluded>0</occluded>
		<bndbox>
			<xmin>101</xmin>
			<xmax>265</xmax>
			<ymin>122</ymin>
			<ymax>206</ymax>
		</bndbox>
	</object>
	<object>
		<name>panda</name>
		<pose>Unspecified</pose>
		<truncated>0</truncated>
		<difficult>0</difficult>
		<occluded>0</occluded>
		<bndbox>
			<xmin>186</xmin>
			<xmax>344</xmax>
			<ymin>132</ymin>
			<ymax>332</ymax>
		</bndbox>
	</object>
</annotation>
