<annotation>
	<folder>ITI107_Assignment_dataset</folder>
	<filename>Image109.jpg</filename>
	<path>/home/yapjingyang/Desktop/ITI107_Assignment_dataset/Image109.jpg</path>
	<source>
		<database>Unknown</database>
	</source>
	<size>
		<width>700</width>
		<height>466</height>
		<depth>3</depth>
	</size>
	<segmented>0</segmented>
	<object>
		<name>monkey</name>
		<pose>Unspecified</pose>
		<truncated>1</truncated>
		<difficult>0</difficult>
		<bndbox>
			<xmin>91</xmin>
			<ymin>34</ymin>
			<xmax>585</xmax>
			<ymax>466</ymax>
		</bndbox>
	</object>
</annotation>
