<annotation>
	<folder>ITI107_Assignment_dataset</folder>
	<filename>Image120.jpg</filename>
	<path>/home/yapjingyang/Desktop/ITI107_Assignment_dataset/Image120.jpg</path>
	<source>
		<database>Unknown</database>
	</source>
	<size>
		<width>400</width>
		<height>379</height>
		<depth>3</depth>
	</size>
	<segmented>0</segmented>
	<object>
		<name>monkey</name>
		<pose>Unspecified</pose>
		<truncated>0</truncated>
		<difficult>0</difficult>
		<bndbox>
			<xmin>41</xmin>
			<ymin>35</ymin>
			<xmax>368</xmax>
			<ymax>349</ymax>
		</bndbox>
	</object>
</annotation>
