<annotation>
	<folder></folder>
	<filename>panda_00183_jpg.rf.18aca643ed06cc8383e56c0e166d807c.jpg</filename>
	<path>panda_00183_jpg.rf.18aca643ed06cc8383e56c0e166d807c.jpg</path>
	<source>
		<database>roboflow.ai</database>
	</source>
	<size>
		<width>416</width>
		<height>416</height>
		<depth>3</depth>
	</size>
	<segmented>0</segmented>
	<object>
		<name>panda</name>
		<pose>Unspecified</pose>
		<truncated>0</truncated>
		<difficult>0</difficult>
		<occluded>0</occluded>
		<bndbox>
			<xmin>202</xmin>
			<xmax>397</xmax>
			<ymin>27</ymin>
			<ymax>367</ymax>
		</bndbox>
	</object>
	<object>
		<name>panda</name>
		<pose>Unspecified</pose>
		<truncated>0</truncated>
		<difficult>0</difficult>
		<occluded>0</occluded>
		<bndbox>
			<xmin>120</xmin>
			<xmax>255</xmax>
			<ymin>59</ymin>
			<ymax>348</ymax>
		</bndbox>
	</object>
</annotation>
