<annotation>
	<folder>ITI107_Assignment_dataset</folder>
	<filename>Image137.jpg</filename>
	<path>/home/yapjingyang/Desktop/ITI107_Assignment_dataset/Image137.jpg</path>
	<source>
		<database>Unknown</database>
	</source>
	<size>
		<width>904</width>
		<height>1291</height>
		<depth>3</depth>
	</size>
	<segmented>0</segmented>
	<object>
		<name>monkey</name>
		<pose>Unspecified</pose>
		<truncated>1</truncated>
		<difficult>0</difficult>
		<bndbox>
			<xmin>3</xmin>
			<ymin>202</ymin>
			<xmax>894</xmax>
			<ymax>1291</ymax>
		</bndbox>
	</object>
</annotation>
