<annotation>
	<folder>ITI107_Assignment_dataset</folder>
	<filename>Image173.jpg</filename>
	<path>/home/yapjingyang/Desktop/ITI107_Assignment_dataset/Image173.jpg</path>
	<source>
		<database>Unknown</database>
	</source>
	<size>
		<width>1200</width>
		<height>800</height>
		<depth>3</depth>
	</size>
	<segmented>0</segmented>
	<object>
		<name>monkey</name>
		<pose>Unspecified</pose>
		<truncated>1</truncated>
		<difficult>0</difficult>
		<bndbox>
			<xmin>505</xmin>
			<ymin>288</ymin>
			<xmax>1200</xmax>
			<ymax>755</ymax>
		</bndbox>
	</object>
	<object>
		<name>monkey</name>
		<pose>Unspecified</pose>
		<truncated>0</truncated>
		<difficult>0</difficult>
		<bndbox>
			<xmin>432</xmin>
			<ymin>53</ymin>
			<xmax>885</xmax>
			<ymax>382</ymax>
		</bndbox>
	</object>
</annotation>
