<annotation>
	<folder></folder>
	<filename>panda_00049_jpg.rf.0b87d6c713a6ae1936876c5d41eceff1.jpg</filename>
	<path>panda_00049_jpg.rf.0b87d6c713a6ae1936876c5d41eceff1.jpg</path>
	<source>
		<database>roboflow.ai</database>
	</source>
	<size>
		<width>416</width>
		<height>416</height>
		<depth>3</depth>
	</size>
	<segmented>0</segmented>
	<object>
		<name>panda</name>
		<pose>Unspecified</pose>
		<truncated>0</truncated>
		<difficult>0</difficult>
		<occluded>0</occluded>
		<bndbox>
			<xmin>75</xmin>
			<xmax>307</xmax>
			<ymin>133</ymin>
			<ymax>334</ymax>
		</bndbox>
	</object>
</annotation>
