<annotation>
	<folder>ITI107_Assignment_dataset</folder>
	<filename>Image139.jpg</filename>
	<path>/home/yapjingyang/Desktop/ITI107_Assignment_dataset/Image139.jpg</path>
	<source>
		<database>Unknown</database>
	</source>
	<size>
		<width>502</width>
		<height>336</height>
		<depth>3</depth>
	</size>
	<segmented>0</segmented>
	<object>
		<name>monkey</name>
		<pose>Unspecified</pose>
		<truncated>1</truncated>
		<difficult>0</difficult>
		<bndbox>
			<xmin>1</xmin>
			<ymin>41</ymin>
			<xmax>475</xmax>
			<ymax>336</ymax>
		</bndbox>
	</object>
</annotation>
