<annotation>
	<folder></folder>
	<filename>panda_00135_jpg.rf.2c74bcd0b49f3e6e094b31f4b00721df.jpg</filename>
	<path>panda_00135_jpg.rf.2c74bcd0b49f3e6e094b31f4b00721df.jpg</path>
	<source>
		<database>roboflow.ai</database>
	</source>
	<size>
		<width>416</width>
		<height>416</height>
		<depth>3</depth>
	</size>
	<segmented>0</segmented>
	<object>
		<name>panda</name>
		<pose>Unspecified</pose>
		<truncated>0</truncated>
		<difficult>0</difficult>
		<occluded>0</occluded>
		<bndbox>
			<xmin>37</xmin>
			<xmax>401</xmax>
			<ymin>19</ymin>
			<ymax>416</ymax>
		</bndbox>
	</object>
</annotation>
