<annotation>
	<folder></folder>
	<filename>panda_00168_jpg.rf.3b7960f386a8c75126e45597a353fa47.jpg</filename>
	<path>panda_00168_jpg.rf.3b7960f386a8c75126e45597a353fa47.jpg</path>
	<source>
		<database>roboflow.ai</database>
	</source>
	<size>
		<width>416</width>
		<height>416</height>
		<depth>3</depth>
	</size>
	<segmented>0</segmented>
	<object>
		<name>panda</name>
		<pose>Unspecified</pose>
		<truncated>0</truncated>
		<difficult>0</difficult>
		<occluded>0</occluded>
		<bndbox>
			<xmin>1</xmin>
			<xmax>307</xmax>
			<ymin>43</ymin>
			<ymax>416</ymax>
		</bndbox>
	</object>
</annotation>
