<annotation>
	<folder></folder>
	<filename>panda_00144_jpg.rf.cdc2bca0f49c72e437df2927d87627bf.jpg</filename>
	<path>panda_00144_jpg.rf.cdc2bca0f49c72e437df2927d87627bf.jpg</path>
	<source>
		<database>roboflow.ai</database>
	</source>
	<size>
		<width>416</width>
		<height>416</height>
		<depth>3</depth>
	</size>
	<segmented>0</segmented>
	<object>
		<name>panda</name>
		<pose>Unspecified</pose>
		<truncated>0</truncated>
		<difficult>0</difficult>
		<occluded>0</occluded>
		<bndbox>
			<xmin>120</xmin>
			<xmax>352</xmax>
			<ymin>121</ymin>
			<ymax>327</ymax>
		</bndbox>
	</object>
</annotation>
