<annotation>
	<folder></folder>
	<filename>panda_00065_jpg.rf.924213eed8d26c10bcc48af7406665a3.jpg</filename>
	<path>panda_00065_jpg.rf.924213eed8d26c10bcc48af7406665a3.jpg</path>
	<source>
		<database>roboflow.ai</database>
	</source>
	<size>
		<width>416</width>
		<height>416</height>
		<depth>3</depth>
	</size>
	<segmented>0</segmented>
	<object>
		<name>panda</name>
		<pose>Unspecified</pose>
		<truncated>0</truncated>
		<difficult>0</difficult>
		<occluded>0</occluded>
		<bndbox>
			<xmin>15</xmin>
			<xmax>369</xmax>
			<ymin>1</ymin>
			<ymax>416</ymax>
		</bndbox>
	</object>
</annotation>
