<annotation>
	<folder>ITI107_Assignment_dataset</folder>
	<filename>Image098.jpg</filename>
	<path>/home/yapjingyang/Desktop/ITI107_Assignment_dataset/Image098.jpg</path>
	<source>
		<database>Unknown</database>
	</source>
	<size>
		<width>320</width>
		<height>240</height>
		<depth>3</depth>
	</size>
	<segmented>0</segmented>
	<object>
		<name>monkey</name>
		<pose>Unspecified</pose>
		<truncated>0</truncated>
		<difficult>0</difficult>
		<bndbox>
			<xmin>60</xmin>
			<ymin>27</ymin>
			<xmax>185</xmax>
			<ymax>220</ymax>
		</bndbox>
	</object>
	<object>
		<name>monkey</name>
		<pose>Unspecified</pose>
		<truncated>0</truncated>
		<difficult>0</difficult>
		<bndbox>
			<xmin>149</xmin>
			<ymin>15</ymin>
			<xmax>285</xmax>
			<ymax>204</ymax>
		</bndbox>
	</object>
</annotation>
