<annotation>
	<folder>ITI107_Assignment_dataset</folder>
	<filename>Image017.jpg</filename>
	<path>/home/yapjingyang/Desktop/ITI107_Assignment_dataset/Image017.jpg</path>
	<source>
		<database>Unknown</database>
	</source>
	<size>
		<width>725</width>
		<height>408</height>
		<depth>3</depth>
	</size>
	<segmented>0</segmented>
	<object>
		<name>monkey</name>
		<pose>Unspecified</pose>
		<truncated>0</truncated>
		<difficult>0</difficult>
		<bndbox>
			<xmin>61</xmin>
			<ymin>38</ymin>
			<xmax>251</xmax>
			<ymax>240</ymax>
		</bndbox>
	</object>
	<object>
		<name>monkey</name>
		<pose>Unspecified</pose>
		<truncated>1</truncated>
		<difficult>0</difficult>
		<bndbox>
			<xmin>213</xmin>
			<ymin>92</ymin>
			<xmax>473</xmax>
			<ymax>408</ymax>
		</bndbox>
	</object>
	<object>
		<name>monkey</name>
		<pose>Unspecified</pose>
		<truncated>1</truncated>
		<difficult>0</difficult>
		<bndbox>
			<xmin>452</xmin>
			<ymin>1</ymin>
			<xmax>725</xmax>
			<ymax>371</ymax>
		</bndbox>
	</object>
</annotation>
