<annotation>
	<folder>ITI107_Assignment_dataset</folder>
	<filename>Image081.jpg</filename>
	<path>/home/yapjingyang/Desktop/ITI107_Assignment_dataset/Image081.jpg</path>
	<source>
		<database>Unknown</database>
	</source>
	<size>
		<width>2000</width>
		<height>1000</height>
		<depth>3</depth>
	</size>
	<segmented>0</segmented>
	<object>
		<name>monkey</name>
		<pose>Unspecified</pose>
		<truncated>0</truncated>
		<difficult>0</difficult>
		<bndbox>
			<xmin>142</xmin>
			<ymin>184</ymin>
			<xmax>611</xmax>
			<ymax>894</ymax>
		</bndbox>
	</object>
	<object>
		<name>monkey</name>
		<pose>Unspecified</pose>
		<truncated>0</truncated>
		<difficult>0</difficult>
		<bndbox>
			<xmin>719</xmin>
			<ymin>389</ymin>
			<xmax>1034</xmax>
			<ymax>827</ymax>
		</bndbox>
	</object>
	<object>
		<name>monkey</name>
		<pose>Unspecified</pose>
		<truncated>0</truncated>
		<difficult>0</difficult>
		<bndbox>
			<xmin>965</xmin>
			<ymin>345</ymin>
			<xmax>1296</xmax>
			<ymax>879</ymax>
		</bndbox>
	</object>
	<object>
		<name>monkey</name>
		<pose>Unspecified</pose>
		<truncated>0</truncated>
		<difficult>0</difficult>
		<bndbox>
			<xmin>1465</xmin>
			<ymin>204</ymin>
			<xmax>1845</xmax>
			<ymax>945</ymax>
		</bndbox>
	</object>
</annotation>
