<annotation>
	<folder></folder>
	<filename>panda_00198_jpg.rf.bc00ab647eb9c4e9868d8e49b550d8df.jpg</filename>
	<path>panda_00198_jpg.rf.bc00ab647eb9c4e9868d8e49b550d8df.jpg</path>
	<source>
		<database>roboflow.ai</database>
	</source>
	<size>
		<width>416</width>
		<height>416</height>
		<depth>3</depth>
	</size>
	<segmented>0</segmented>
	<object>
		<name>panda</name>
		<pose>Unspecified</pose>
		<truncated>0</truncated>
		<difficult>0</difficult>
		<occluded>0</occluded>
		<bndbox>
			<xmin>1</xmin>
			<xmax>306</xmax>
			<ymin>39</ymin>
			<ymax>416</ymax>
		</bndbox>
	</object>
	<object>
		<name>panda</name>
		<pose>Unspecified</pose>
		<truncated>0</truncated>
		<difficult>0</difficult>
		<occluded>0</occluded>
		<bndbox>
			<xmin>220</xmin>
			<xmax>416</xmax>
			<ymin>144</ymin>
			<ymax>416</ymax>
		</bndbox>
	</object>
</annotation>
