<annotation>
	<folder>ITI107_Assignment_dataset</folder>
	<filename>Image003.jpg</filename>
	<path>/home/yapjingyang/Desktop/ITI107_Assignment_dataset/Image003.jpg</path>
	<source>
		<database>Unknown</database>
	</source>
	<size>
		<width>800</width>
		<height>450</height>
		<depth>3</depth>
	</size>
	<segmented>0</segmented>
	<object>
		<name>monkey</name>
		<pose>Unspecified</pose>
		<truncated>0</truncated>
		<difficult>0</difficult>
		<bndbox>
			<xmin>430</xmin>
			<ymin>83</ymin>
			<xmax>595</xmax>
			<ymax>248</ymax>
		</bndbox>
	</object>
	<object>
		<name>monkey</name>
		<pose>Unspecified</pose>
		<truncated>0</truncated>
		<difficult>0</difficult>
		<bndbox>
			<xmin>182</xmin>
			<ymin>195</ymin>
			<xmax>345</xmax>
			<ymax>358</ymax>
		</bndbox>
	</object>
</annotation>
