<annotation>
	<folder></folder>
	<filename>panda_00134_jpg.rf.c74a524f0e928b737f66c596b4d2ce65.jpg</filename>
	<path>panda_00134_jpg.rf.c74a524f0e928b737f66c596b4d2ce65.jpg</path>
	<source>
		<database>roboflow.ai</database>
	</source>
	<size>
		<width>416</width>
		<height>416</height>
		<depth>3</depth>
	</size>
	<segmented>0</segmented>
	<object>
		<name>panda</name>
		<pose>Unspecified</pose>
		<truncated>0</truncated>
		<difficult>0</difficult>
		<occluded>0</occluded>
		<bndbox>
			<xmin>5</xmin>
			<xmax>356</xmax>
			<ymin>112</ymin>
			<ymax>388</ymax>
		</bndbox>
	</object>
</annotation>
