<annotation>
	<folder>ITI107_Assignment_dataset</folder>
	<filename>Image174.jpg</filename>
	<path>/home/yapjingyang/Desktop/ITI107_Assignment_dataset/Image174.jpg</path>
	<source>
		<database>Unknown</database>
	</source>
	<size>
		<width>866</width>
		<height>1302</height>
		<depth>3</depth>
	</size>
	<segmented>0</segmented>
	<object>
		<name>monkey</name>
		<pose>Unspecified</pose>
		<truncated>0</truncated>
		<difficult>0</difficult>
		<bndbox>
			<xmin>86</xmin>
			<ymin>127</ymin>
			<xmax>606</xmax>
			<ymax>1295</ymax>
		</bndbox>
	</object>
</annotation>
