<annotation>
	<folder></folder>
	<filename>panda_00085_jpg.rf.5aa6cfab99da2ddc0acca54b04fc959f.jpg</filename>
	<path>panda_00085_jpg.rf.5aa6cfab99da2ddc0acca54b04fc959f.jpg</path>
	<source>
		<database>roboflow.ai</database>
	</source>
	<size>
		<width>416</width>
		<height>416</height>
		<depth>3</depth>
	</size>
	<segmented>0</segmented>
	<object>
		<name>panda</name>
		<pose>Unspecified</pose>
		<truncated>0</truncated>
		<difficult>0</difficult>
		<occluded>0</occluded>
		<bndbox>
			<xmin>118</xmin>
			<xmax>286</xmax>
			<ymin>106</ymin>
			<ymax>271</ymax>
		</bndbox>
	</object>
	<object>
		<name>panda</name>
		<pose>Unspecified</pose>
		<truncated>0</truncated>
		<difficult>0</difficult>
		<occluded>0</occluded>
		<bndbox>
			<xmin>123</xmin>
			<xmax>292</xmax>
			<ymin>165</ymin>
			<ymax>305</ymax>
		</bndbox>
	</object>
</annotation>
