<annotation>
	<folder></folder>
	<filename>panda_00081_jpg.rf.06da076341e5905e4d00a0d0e4f03c0c.jpg</filename>
	<path>panda_00081_jpg.rf.06da076341e5905e4d00a0d0e4f03c0c.jpg</path>
	<source>
		<database>roboflow.ai</database>
	</source>
	<size>
		<width>416</width>
		<height>416</height>
		<depth>3</depth>
	</size>
	<segmented>0</segmented>
	<object>
		<name>panda</name>
		<pose>Unspecified</pose>
		<truncated>0</truncated>
		<difficult>0</difficult>
		<occluded>0</occluded>
		<bndbox>
			<xmin>147</xmin>
			<xmax>279</xmax>
			<ymin>61</ymin>
			<ymax>371</ymax>
		</bndbox>
	</object>
</annotation>
