<annotation>
	<folder></folder>
	<filename>panda_00095_jpg.rf.b57d67007d1879be6fc9ac82be4be5ac.jpg</filename>
	<path>panda_00095_jpg.rf.b57d67007d1879be6fc9ac82be4be5ac.jpg</path>
	<source>
		<database>roboflow.ai</database>
	</source>
	<size>
		<width>416</width>
		<height>416</height>
		<depth>3</depth>
	</size>
	<segmented>0</segmented>
	<object>
		<name>panda</name>
		<pose>Unspecified</pose>
		<truncated>0</truncated>
		<difficult>0</difficult>
		<occluded>0</occluded>
		<bndbox>
			<xmin>107</xmin>
			<xmax>304</xmax>
			<ymin>127</ymin>
			<ymax>416</ymax>
		</bndbox>
	</object>
</annotation>
