<annotation>
	<folder></folder>
	<filename>panda_00007_jpg.rf.409ad5646f5f11b0661548705ce221d3.jpg</filename>
	<path>panda_00007_jpg.rf.409ad5646f5f11b0661548705ce221d3.jpg</path>
	<source>
		<database>roboflow.ai</database>
	</source>
	<size>
		<width>416</width>
		<height>416</height>
		<depth>3</depth>
	</size>
	<segmented>0</segmented>
	<object>
		<name>panda</name>
		<pose>Unspecified</pose>
		<truncated>0</truncated>
		<difficult>0</difficult>
		<occluded>0</occluded>
		<bndbox>
			<xmin>167</xmin>
			<xmax>271</xmax>
			<ymin>140</ymin>
			<ymax>268</ymax>
		</bndbox>
	</object>
</annotation>
