<annotation>
	<folder>ITI107_Assignment_dataset</folder>
	<filename>Image124.jpg</filename>
	<path>/home/yapjingyang/Desktop/ITI107_Assignment_dataset/Image124.jpg</path>
	<source>
		<database>Unknown</database>
	</source>
	<size>
		<width>1280</width>
		<height>853</height>
		<depth>3</depth>
	</size>
	<segmented>0</segmented>
	<object>
		<name>monkey</name>
		<pose>Unspecified</pose>
		<truncated>0</truncated>
		<difficult>0</difficult>
		<bndbox>
			<xmin>205</xmin>
			<ymin>105</ymin>
			<xmax>1005</xmax>
			<ymax>726</ymax>
		</bndbox>
	</object>
</annotation>
