<annotation>
	<folder>ITI107_Assignment_dataset</folder>
	<filename>Image188.jpg</filename>
	<path>/home/yapjingyang/Desktop/ITI107_Assignment_dataset/Image188.jpg</path>
	<source>
		<database>Unknown</database>
	</source>
	<size>
		<width>400</width>
		<height>400</height>
		<depth>3</depth>
	</size>
	<segmented>0</segmented>
	<object>
		<name>monkey</name>
		<pose>Unspecified</pose>
		<truncated>1</truncated>
		<difficult>0</difficult>
		<bndbox>
			<xmin>43</xmin>
			<ymin>80</ymin>
			<xmax>250</xmax>
			<ymax>400</ymax>
		</bndbox>
	</object>
</annotation>
