<annotation>
	<folder></folder>
	<filename>panda_00027_jpg.rf.a2a2987cfa625fd60cf0884a388b53f1.jpg</filename>
	<path>panda_00027_jpg.rf.a2a2987cfa625fd60cf0884a388b53f1.jpg</path>
	<source>
		<database>roboflow.ai</database>
	</source>
	<size>
		<width>416</width>
		<height>416</height>
		<depth>3</depth>
	</size>
	<segmented>0</segmented>
	<object>
		<name>panda</name>
		<pose>Unspecified</pose>
		<truncated>0</truncated>
		<difficult>0</difficult>
		<occluded>0</occluded>
		<bndbox>
			<xmin>65</xmin>
			<xmax>346</xmax>
			<ymin>41</ymin>
			<ymax>326</ymax>
		</bndbox>
	</object>
</annotation>
