<annotation>
	<folder></folder>
	<filename>panda_00069_jpg.rf.cdc2eec060259350b546c1ffc58b4d12.jpg</filename>
	<path>panda_00069_jpg.rf.cdc2eec060259350b546c1ffc58b4d12.jpg</path>
	<source>
		<database>roboflow.ai</database>
	</source>
	<size>
		<width>416</width>
		<height>416</height>
		<depth>3</depth>
	</size>
	<segmented>0</segmented>
	<object>
		<name>panda</name>
		<pose>Unspecified</pose>
		<truncated>0</truncated>
		<difficult>0</difficult>
		<occluded>0</occluded>
		<bndbox>
			<xmin>93</xmin>
			<xmax>261</xmax>
			<ymin>136</ymin>
			<ymax>329</ymax>
		</bndbox>
	</object>
</annotation>
