<annotation>
	<folder>ITI107_Assignment_dataset</folder>
	<filename>Image197.jpg</filename>
	<path>/home/yapjingyang/Desktop/ITI107_Assignment_dataset/Image197.jpg</path>
	<source>
		<database>Unknown</database>
	</source>
	<size>
		<width>550</width>
		<height>367</height>
		<depth>3</depth>
	</size>
	<segmented>0</segmented>
	<object>
		<name>monkey</name>
		<pose>Unspecified</pose>
		<truncated>0</truncated>
		<difficult>0</difficult>
		<bndbox>
			<xmin>392</xmin>
			<ymin>80</ymin>
			<xmax>549</xmax>
			<ymax>223</ymax>
		</bndbox>
	</object>
	<object>
		<name>monkey</name>
		<pose>Unspecified</pose>
		<truncated>0</truncated>
		<difficult>0</difficult>
		<bndbox>
			<xmin>249</xmin>
			<ymin>155</ymin>
			<xmax>352</xmax>
			<ymax>298</ymax>
		</bndbox>
	</object>
	<object>
		<name>monkey</name>
		<pose>Unspecified</pose>
		<truncated>0</truncated>
		<difficult>0</difficult>
		<bndbox>
			<xmin>142</xmin>
			<ymin>114</ymin>
			<xmax>260</xmax>
			<ymax>283</ymax>
		</bndbox>
	</object>
	<object>
		<name>monkey</name>
		<pose>Unspecified</pose>
		<truncated>0</truncated>
		<difficult>0</difficult>
		<bndbox>
			<xmin>37</xmin>
			<ymin>134</ymin>
			<xmax>149</xmax>
			<ymax>282</ymax>
		</bndbox>
	</object>
</annotation>
