<annotation>
	<folder>ITI107_Assignment_dataset</folder>
	<filename>Image185.jpg</filename>
	<path>/home/yapjingyang/Desktop/ITI107_Assignment_dataset/Image185.jpg</path>
	<source>
		<database>Unknown</database>
	</source>
	<size>
		<width>3968</width>
		<height>2976</height>
		<depth>3</depth>
	</size>
	<segmented>0</segmented>
	<object>
		<name>monkey</name>
		<pose>Unspecified</pose>
		<truncated>1</truncated>
		<difficult>0</difficult>
		<bndbox>
			<xmin>1286</xmin>
			<ymin>248</ymin>
			<xmax>3968</xmax>
			<ymax>2313</ymax>
		</bndbox>
	</object>
</annotation>
