<annotation>
	<folder></folder>
	<filename>panda_00048_jpg.rf.68afb9dd8e83d52d24d457070b3eeba3.jpg</filename>
	<path>panda_00048_jpg.rf.68afb9dd8e83d52d24d457070b3eeba3.jpg</path>
	<source>
		<database>roboflow.ai</database>
	</source>
	<size>
		<width>416</width>
		<height>416</height>
		<depth>3</depth>
	</size>
	<segmented>0</segmented>
	<object>
		<name>panda</name>
		<pose>Unspecified</pose>
		<truncated>0</truncated>
		<difficult>0</difficult>
		<occluded>0</occluded>
		<bndbox>
			<xmin>140</xmin>
			<xmax>280</xmax>
			<ymin>90</ymin>
			<ymax>338</ymax>
		</bndbox>
	</object>
</annotation>
