<annotation>
	<folder>ITI107_Assignment_dataset</folder>
	<filename>Image026.jpg</filename>
	<path>/home/yapjingyang/Desktop/ITI107_Assignment_dataset/Image026.jpg</path>
	<source>
		<database>Unknown</database>
	</source>
	<size>
		<width>1155</width>
		<height>648</height>
		<depth>3</depth>
	</size>
	<segmented>0</segmented>
	<object>
		<name>monkey</name>
		<pose>Unspecified</pose>
		<truncated>0</truncated>
		<difficult>0</difficult>
		<bndbox>
			<xmin>32</xmin>
			<ymin>23</ymin>
			<xmax>356</xmax>
			<ymax>631</ymax>
		</bndbox>
	</object>
	<object>
		<name>monkey</name>
		<pose>Unspecified</pose>
		<truncated>0</truncated>
		<difficult>0</difficult>
		<bndbox>
			<xmin>277</xmin>
			<ymin>26</ymin>
			<xmax>519</xmax>
			<ymax>613</ymax>
		</bndbox>
	</object>
	<object>
		<name>monkey</name>
		<pose>Unspecified</pose>
		<truncated>0</truncated>
		<difficult>0</difficult>
		<bndbox>
			<xmin>458</xmin>
			<ymin>159</ymin>
			<xmax>715</xmax>
			<ymax>610</ymax>
		</bndbox>
	</object>
	<object>
		<name>monkey</name>
		<pose>Unspecified</pose>
		<truncated>1</truncated>
		<difficult>0</difficult>
		<bndbox>
			<xmin>628</xmin>
			<ymin>83</ymin>
			<xmax>885</xmax>
			<ymax>648</ymax>
		</bndbox>
	</object>
	<object>
		<name>monkey</name>
		<pose>Unspecified</pose>
		<truncated>1</truncated>
		<difficult>0</difficult>
		<bndbox>
			<xmin>837</xmin>
			<ymin>165</ymin>
			<xmax>1142</xmax>
			<ymax>648</ymax>
		</bndbox>
	</object>
</annotation>
