<annotation>
	<folder></folder>
	<filename>panda_00073_jpg.rf.9fb32d2106983f5ecbb1b479ae19d0f8.jpg</filename>
	<path>panda_00073_jpg.rf.9fb32d2106983f5ecbb1b479ae19d0f8.jpg</path>
	<source>
		<database>roboflow.ai</database>
	</source>
	<size>
		<width>416</width>
		<height>416</height>
		<depth>3</depth>
	</size>
	<segmented>0</segmented>
	<object>
		<name>panda</name>
		<pose>Unspecified</pose>
		<truncated>0</truncated>
		<difficult>0</difficult>
		<occluded>0</occluded>
		<bndbox>
			<xmin>55</xmin>
			<xmax>259</xmax>
			<ymin>66</ymin>
			<ymax>416</ymax>
		</bndbox>
	</object>
</annotation>
