<annotation>
	<folder>ITI107_Assignment_dataset</folder>
	<filename>Image105.jpg</filename>
	<path>/home/yapjingyang/Desktop/ITI107_Assignment_dataset/Image105.jpg</path>
	<source>
		<database>Unknown</database>
	</source>
	<size>
		<width>337</width>
		<height>450</height>
		<depth>3</depth>
	</size>
	<segmented>0</segmented>
	<object>
		<name>monkey</name>
		<pose>Unspecified</pose>
		<truncated>0</truncated>
		<difficult>0</difficult>
		<bndbox>
			<xmin>74</xmin>
			<ymin>72</ymin>
			<xmax>293</xmax>
			<ymax>341</ymax>
		</bndbox>
	</object>
</annotation>
