<annotation>
	<folder>ITI107_Assignment_dataset</folder>
	<filename>Image134.jpg</filename>
	<path>/home/yapjingyang/Desktop/ITI107_Assignment_dataset/Image134.jpg</path>
	<source>
		<database>Unknown</database>
	</source>
	<size>
		<width>400</width>
		<height>354</height>
		<depth>3</depth>
	</size>
	<segmented>0</segmented>
	<object>
		<name>monkey</name>
		<pose>Unspecified</pose>
		<truncated>0</truncated>
		<difficult>0</difficult>
		<bndbox>
			<xmin>30</xmin>
			<ymin>86</ymin>
			<xmax>366</xmax>
			<ymax>337</ymax>
		</bndbox>
	</object>
</annotation>
