<annotation>
	<folder>ITI107_Assignment_dataset</folder>
	<filename>Image014.jpg</filename>
	<path>/home/yapjingyang/Desktop/ITI107_Assignment_dataset/Image014.jpg</path>
	<source>
		<database>Unknown</database>
	</source>
	<size>
		<width>1024</width>
		<height>1536</height>
		<depth>3</depth>
	</size>
	<segmented>0</segmented>
	<object>
		<name>monkey</name>
		<pose>Unspecified</pose>
		<truncated>0</truncated>
		<difficult>0</difficult>
		<bndbox>
			<xmin>389</xmin>
			<ymin>401</ymin>
			<xmax>787</xmax>
			<ymax>1127</ymax>
		</bndbox>
	</object>
	<object>
		<name>monkey</name>
		<pose>Unspecified</pose>
		<truncated>0</truncated>
		<difficult>0</difficult>
		<bndbox>
			<xmin>92</xmin>
			<ymin>72</ymin>
			<xmax>989</xmax>
			<ymax>1494</ymax>
		</bndbox>
	</object>
</annotation>
