<annotation>
	<folder>ITI107_Assignment_dataset</folder>
	<filename>Image181.jpg</filename>
	<path>/home/yapjingyang/Desktop/ITI107_Assignment_dataset/Image181.jpg</path>
	<source>
		<database>Unknown</database>
	</source>
	<size>
		<width>450</width>
		<height>295</height>
		<depth>3</depth>
	</size>
	<segmented>0</segmented>
	<object>
		<name>monkey</name>
		<pose>Unspecified</pose>
		<truncated>0</truncated>
		<difficult>0</difficult>
		<bndbox>
			<xmin>152</xmin>
			<ymin>67</ymin>
			<xmax>306</xmax>
			<ymax>270</ymax>
		</bndbox>
	</object>
</annotation>
