<annotation>
	<folder></folder>
	<filename>panda_00151_jpg.rf.00d00c07caf9929b67b4136be663b0d1.jpg</filename>
	<path>panda_00151_jpg.rf.00d00c07caf9929b67b4136be663b0d1.jpg</path>
	<source>
		<database>roboflow.ai</database>
	</source>
	<size>
		<width>416</width>
		<height>416</height>
		<depth>3</depth>
	</size>
	<segmented>0</segmented>
	<object>
		<name>panda</name>
		<pose>Unspecified</pose>
		<truncated>0</truncated>
		<difficult>0</difficult>
		<occluded>0</occluded>
		<bndbox>
			<xmin>144</xmin>
			<xmax>416</xmax>
			<ymin>69</ymin>
			<ymax>285</ymax>
		</bndbox>
	</object>
</annotation>
