<annotation>
	<folder></folder>
	<filename>panda_00043_jpg.rf.78e82db1eea52bfaf28e4f028354e340.jpg</filename>
	<path>panda_00043_jpg.rf.78e82db1eea52bfaf28e4f028354e340.jpg</path>
	<source>
		<database>roboflow.ai</database>
	</source>
	<size>
		<width>416</width>
		<height>416</height>
		<depth>3</depth>
	</size>
	<segmented>0</segmented>
	<object>
		<name>panda</name>
		<pose>Unspecified</pose>
		<truncated>0</truncated>
		<difficult>0</difficult>
		<occluded>0</occluded>
		<bndbox>
			<xmin>87</xmin>
			<xmax>276</xmax>
			<ymin>168</ymin>
			<ymax>416</ymax>
		</bndbox>
	</object>
</annotation>
