<annotation>
	<folder></folder>
	<filename>panda_00123_jpg.rf.d761d0a5558bb05f9ccf3a7fc767ff3f.jpg</filename>
	<path>panda_00123_jpg.rf.d761d0a5558bb05f9ccf3a7fc767ff3f.jpg</path>
	<source>
		<database>roboflow.ai</database>
	</source>
	<size>
		<width>416</width>
		<height>416</height>
		<depth>3</depth>
	</size>
	<segmented>0</segmented>
	<object>
		<name>panda</name>
		<pose>Unspecified</pose>
		<truncated>0</truncated>
		<difficult>0</difficult>
		<occluded>0</occluded>
		<bndbox>
			<xmin>192</xmin>
			<xmax>380</xmax>
			<ymin>83</ymin>
			<ymax>416</ymax>
		</bndbox>
	</object>
</annotation>
