<annotation>
	<folder>ITI107_Assignment_dataset</folder>
	<filename>Image196.jpg</filename>
	<path>/home/yapjingyang/Desktop/ITI107_Assignment_dataset/Image196.jpg</path>
	<source>
		<database>Unknown</database>
	</source>
	<size>
		<width>1920</width>
		<height>1159</height>
		<depth>3</depth>
	</size>
	<segmented>0</segmented>
	<object>
		<name>monkey</name>
		<pose>Unspecified</pose>
		<truncated>0</truncated>
		<difficult>0</difficult>
		<bndbox>
			<xmin>559</xmin>
			<ymin>252</ymin>
			<xmax>1208</xmax>
			<ymax>945</ymax>
		</bndbox>
	</object>
	<object>
		<name>monkey</name>
		<pose>Unspecified</pose>
		<truncated>0</truncated>
		<difficult>0</difficult>
		<bndbox>
			<xmin>610</xmin>
			<ymin>67</ymin>
			<xmax>1434</xmax>
			<ymax>842</ymax>
		</bndbox>
	</object>
</annotation>
