<annotation>
	<folder></folder>
	<filename>panda_00040_jpg.rf.efaeebebee71b125a1d65e14028648de.jpg</filename>
	<path>panda_00040_jpg.rf.efaeebebee71b125a1d65e14028648de.jpg</path>
	<source>
		<database>roboflow.ai</database>
	</source>
	<size>
		<width>416</width>
		<height>416</height>
		<depth>3</depth>
	</size>
	<segmented>0</segmented>
	<object>
		<name>panda</name>
		<pose>Unspecified</pose>
		<truncated>0</truncated>
		<difficult>0</difficult>
		<occluded>0</occluded>
		<bndbox>
			<xmin>175</xmin>
			<xmax>284</xmax>
			<ymin>301</ymin>
			<ymax>380</ymax>
		</bndbox>
	</object>
</annotation>
