<annotation>
	<folder>ITI107_Assignment_dataset</folder>
	<filename>Image027.jpg</filename>
	<path>/home/yapjingyang/Desktop/ITI107_Assignment_dataset/Image027.jpg</path>
	<source>
		<database>Unknown</database>
	</source>
	<size>
		<width>1024</width>
		<height>768</height>
		<depth>3</depth>
	</size>
	<segmented>0</segmented>
	<object>
		<name>monkey</name>
		<pose>Unspecified</pose>
		<truncated>1</truncated>
		<difficult>0</difficult>
		<bndbox>
			<xmin>37</xmin>
			<ymin>52</ymin>
			<xmax>516</xmax>
			<ymax>768</ymax>
		</bndbox>
	</object>
	<object>
		<name>monkey</name>
		<pose>Unspecified</pose>
		<truncated>1</truncated>
		<difficult>0</difficult>
		<bndbox>
			<xmin>389</xmin>
			<ymin>85</ymin>
			<xmax>1021</xmax>
			<ymax>768</ymax>
		</bndbox>
	</object>
</annotation>
