<annotation>
	<folder></folder>
	<filename>panda_00153_jpg.rf.f3c7e8c467009f2a26d64c97736f4d83.jpg</filename>
	<path>panda_00153_jpg.rf.f3c7e8c467009f2a26d64c97736f4d83.jpg</path>
	<source>
		<database>roboflow.ai</database>
	</source>
	<size>
		<width>416</width>
		<height>416</height>
		<depth>3</depth>
	</size>
	<segmented>0</segmented>
	<object>
		<name>panda</name>
		<pose>Unspecified</pose>
		<truncated>0</truncated>
		<difficult>0</difficult>
		<occluded>0</occluded>
		<bndbox>
			<xmin>133</xmin>
			<xmax>326</xmax>
			<ymin>144</ymin>
			<ymax>352</ymax>
		</bndbox>
	</object>
</annotation>
