<annotation>
	<folder></folder>
	<filename>panda_00038_jpg.rf.83f6c8f145b8b539642eb2497d0c81c6.jpg</filename>
	<path>panda_00038_jpg.rf.83f6c8f145b8b539642eb2497d0c81c6.jpg</path>
	<source>
		<database>roboflow.ai</database>
	</source>
	<size>
		<width>416</width>
		<height>416</height>
		<depth>3</depth>
	</size>
	<segmented>0</segmented>
	<object>
		<name>panda</name>
		<pose>Unspecified</pose>
		<truncated>0</truncated>
		<difficult>0</difficult>
		<occluded>0</occluded>
		<bndbox>
			<xmin>1</xmin>
			<xmax>228</xmax>
			<ymin>54</ymin>
			<ymax>294</ymax>
		</bndbox>
	</object>
	<object>
		<name>panda</name>
		<pose>Unspecified</pose>
		<truncated>0</truncated>
		<difficult>0</difficult>
		<occluded>0</occluded>
		<bndbox>
			<xmin>220</xmin>
			<xmax>379</xmax>
			<ymin>82</ymin>
			<ymax>309</ymax>
		</bndbox>
	</object>
</annotation>
