<annotation>
	<folder></folder>
	<filename>panda_00103_jpg.rf.7392654e21ce4f81bdf43551f69cc181.jpg</filename>
	<path>panda_00103_jpg.rf.7392654e21ce4f81bdf43551f69cc181.jpg</path>
	<source>
		<database>roboflow.ai</database>
	</source>
	<size>
		<width>416</width>
		<height>416</height>
		<depth>3</depth>
	</size>
	<segmented>0</segmented>
	<object>
		<name>panda</name>
		<pose>Unspecified</pose>
		<truncated>0</truncated>
		<difficult>0</difficult>
		<occluded>0</occluded>
		<bndbox>
			<xmin>18</xmin>
			<xmax>344</xmax>
			<ymin>85</ymin>
			<ymax>414</ymax>
		</bndbox>
	</object>
</annotation>
