<annotation>
	<folder>ITI107_Assignment_dataset</folder>
	<filename>Image078.jpg</filename>
	<path>/home/yapjingyang/Desktop/ITI107_Assignment_dataset/Image078.jpg</path>
	<source>
		<database>Unknown</database>
	</source>
	<size>
		<width>299</width>
		<height>169</height>
		<depth>3</depth>
	</size>
	<segmented>0</segmented>
	<object>
		<name>monkey</name>
		<pose>Unspecified</pose>
		<truncated>0</truncated>
		<difficult>0</difficult>
		<bndbox>
			<xmin>162</xmin>
			<ymin>37</ymin>
			<xmax>234</xmax>
			<ymax>140</ymax>
		</bndbox>
	</object>
	<object>
		<name>monkey</name>
		<pose>Unspecified</pose>
		<truncated>0</truncated>
		<difficult>0</difficult>
		<bndbox>
			<xmin>129</xmin>
			<ymin>55</ymin>
			<xmax>175</xmax>
			<ymax>129</ymax>
		</bndbox>
	</object>
	<object>
		<name>monkey</name>
		<pose>Unspecified</pose>
		<truncated>0</truncated>
		<difficult>0</difficult>
		<bndbox>
			<xmin>61</xmin>
			<ymin>50</ymin>
			<xmax>146</xmax>
			<ymax>134</ymax>
		</bndbox>
	</object>
</annotation>
