<annotation>
	<folder>ITI107_Assignment_dataset</folder>
	<filename>Image123.jpg</filename>
	<path>/home/yapjingyang/Desktop/ITI107_Assignment_dataset/Image123.jpg</path>
	<source>
		<database>Unknown</database>
	</source>
	<size>
		<width>1149</width>
		<height>1023</height>
		<depth>3</depth>
	</size>
	<segmented>0</segmented>
	<object>
		<name>monkey</name>
		<pose>Unspecified</pose>
		<truncated>0</truncated>
		<difficult>0</difficult>
		<bndbox>
			<xmin>24</xmin>
			<ymin>65</ymin>
			<xmax>404</xmax>
			<ymax>678</ymax>
		</bndbox>
	</object>
	<object>
		<name>monkey</name>
		<pose>Unspecified</pose>
		<truncated>0</truncated>
		<difficult>0</difficult>
		<bndbox>
			<xmin>629</xmin>
			<ymin>484</ymin>
			<xmax>871</xmax>
			<ymax>790</ymax>
		</bndbox>
	</object>
</annotation>
