<annotation>
	<folder></folder>
	<filename>panda_00200_jpg.rf.5dd6ac415ad5d3b9d3daa0d53578978c.jpg</filename>
	<path>panda_00200_jpg.rf.5dd6ac415ad5d3b9d3daa0d53578978c.jpg</path>
	<source>
		<database>roboflow.ai</database>
	</source>
	<size>
		<width>416</width>
		<height>416</height>
		<depth>3</depth>
	</size>
	<segmented>0</segmented>
	<object>
		<name>panda</name>
		<pose>Unspecified</pose>
		<truncated>0</truncated>
		<difficult>0</difficult>
		<occluded>0</occluded>
		<bndbox>
			<xmin>160</xmin>
			<xmax>249</xmax>
			<ymin>216</ymin>
			<ymax>333</ymax>
		</bndbox>
	</object>
	<object>
		<name>panda</name>
		<pose>Unspecified</pose>
		<truncated>0</truncated>
		<difficult>0</difficult>
		<occluded>0</occluded>
		<bndbox>
			<xmin>152</xmin>
			<xmax>247</xmax>
			<ymin>27</ymin>
			<ymax>215</ymax>
		</bndbox>
	</object>
</annotation>
