<annotation>
	<folder></folder>
	<filename>panda_00044_jpg.rf.e698dd7e8fd70777851768f506c4ee0a.jpg</filename>
	<path>panda_00044_jpg.rf.e698dd7e8fd70777851768f506c4ee0a.jpg</path>
	<source>
		<database>roboflow.ai</database>
	</source>
	<size>
		<width>416</width>
		<height>416</height>
		<depth>3</depth>
	</size>
	<segmented>0</segmented>
	<object>
		<name>panda</name>
		<pose>Unspecified</pose>
		<truncated>0</truncated>
		<difficult>0</difficult>
		<occluded>0</occluded>
		<bndbox>
			<xmin>47</xmin>
			<xmax>390</xmax>
			<ymin>27</ymin>
			<ymax>315</ymax>
		</bndbox>
	</object>
</annotation>
