<annotation>
	<folder></folder>
	<filename>panda_00197_jpg.rf.d01ff1095f6fd64fbe8c67e1401be8b1.jpg</filename>
	<path>panda_00197_jpg.rf.d01ff1095f6fd64fbe8c67e1401be8b1.jpg</path>
	<source>
		<database>roboflow.ai</database>
	</source>
	<size>
		<width>416</width>
		<height>416</height>
		<depth>3</depth>
	</size>
	<segmented>0</segmented>
	<object>
		<name>panda</name>
		<pose>Unspecified</pose>
		<truncated>0</truncated>
		<difficult>0</difficult>
		<occluded>0</occluded>
		<bndbox>
			<xmin>176</xmin>
			<xmax>283</xmax>
			<ymin>140</ymin>
			<ymax>301</ymax>
		</bndbox>
	</object>
</annotation>
