<annotation>
	<folder>ITI107_Assignment_dataset</folder>
	<filename>Image180.jpg</filename>
	<path>/home/yapjingyang/Desktop/ITI107_Assignment_dataset/Image180.jpg</path>
	<source>
		<database>Unknown</database>
	</source>
	<size>
		<width>1200</width>
		<height>1120</height>
		<depth>3</depth>
	</size>
	<segmented>0</segmented>
	<object>
		<name>monkey</name>
		<pose>Unspecified</pose>
		<truncated>0</truncated>
		<difficult>0</difficult>
		<bndbox>
			<xmin>496</xmin>
			<ymin>377</ymin>
			<xmax>1078</xmax>
			<ymax>1075</ymax>
		</bndbox>
	</object>
	<object>
		<name>monkey</name>
		<pose>Unspecified</pose>
		<truncated>0</truncated>
		<difficult>0</difficult>
		<bndbox>
			<xmin>155</xmin>
			<ymin>96</ymin>
			<xmax>915</xmax>
			<ymax>1038</ymax>
		</bndbox>
	</object>
</annotation>
