<annotation>
	<folder>ITI107_Assignment_dataset</folder>
	<filename>Image021.jpg</filename>
	<path>/home/yapjingyang/Desktop/ITI107_Assignment_dataset/Image021.jpg</path>
	<source>
		<database>Unknown</database>
	</source>
	<size>
		<width>2238</width>
		<height>1492</height>
		<depth>3</depth>
	</size>
	<segmented>0</segmented>
	<object>
		<name>monkey</name>
		<pose>Unspecified</pose>
		<truncated>0</truncated>
		<difficult>0</difficult>
		<bndbox>
			<xmin>814</xmin>
			<ymin>203</ymin>
			<xmax>1471</xmax>
			<ymax>1349</ymax>
		</bndbox>
	</object>
	<object>
		<name>monkey</name>
		<pose>Unspecified</pose>
		<truncated>0</truncated>
		<difficult>0</difficult>
		<bndbox>
			<xmin>1460</xmin>
			<ymin>206</ymin>
			<xmax>1929</xmax>
			<ymax>1237</ymax>
		</bndbox>
	</object>
</annotation>
