<annotation>
	<folder></folder>
	<filename>panda_00012_jpg.rf.17e198a25889e3cf6a4e1ebe9c734f7a.jpg</filename>
	<path>panda_00012_jpg.rf.17e198a25889e3cf6a4e1ebe9c734f7a.jpg</path>
	<source>
		<database>roboflow.ai</database>
	</source>
	<size>
		<width>416</width>
		<height>416</height>
		<depth>3</depth>
	</size>
	<segmented>0</segmented>
	<object>
		<name>panda</name>
		<pose>Unspecified</pose>
		<truncated>0</truncated>
		<difficult>0</difficult>
		<occluded>0</occluded>
		<bndbox>
			<xmin>40</xmin>
			<xmax>277</xmax>
			<ymin>74</ymin>
			<ymax>340</ymax>
		</bndbox>
	</object>
</annotation>
