<annotation>
	<folder>ITI107_Assignment_dataset</folder>
	<filename>Image163.jpg</filename>
	<path>/home/yapjingyang/Desktop/ITI107_Assignment_dataset/Image163.jpg</path>
	<source>
		<database>Unknown</database>
	</source>
	<size>
		<width>433</width>
		<height>650</height>
		<depth>3</depth>
	</size>
	<segmented>0</segmented>
	<object>
		<name>monkey</name>
		<pose>Unspecified</pose>
		<truncated>1</truncated>
		<difficult>0</difficult>
		<bndbox>
			<xmin>42</xmin>
			<ymin>187</ymin>
			<xmax>433</xmax>
			<ymax>595</ymax>
		</bndbox>
	</object>
</annotation>
