<annotation>
	<folder>ITI107_Assignment_dataset</folder>
	<filename>Image072.jpg</filename>
	<path>/home/yapjingyang/Desktop/ITI107_Assignment_dataset/Image072.jpg</path>
	<source>
		<database>Unknown</database>
	</source>
	<size>
		<width>262</width>
		<height>192</height>
		<depth>3</depth>
	</size>
	<segmented>0</segmented>
	<object>
		<name>monkey</name>
		<pose>Unspecified</pose>
		<truncated>1</truncated>
		<difficult>0</difficult>
		<bndbox>
			<xmin>70</xmin>
			<ymin>15</ymin>
			<xmax>223</xmax>
			<ymax>192</ymax>
		</bndbox>
	</object>
</annotation>
