<annotation>
	<folder>ITI107_Assignment_dataset</folder>
	<filename>Image090.jpg</filename>
	<path>/home/yapjingyang/Desktop/ITI107_Assignment_dataset/Image090.jpg</path>
	<source>
		<database>Unknown</database>
	</source>
	<size>
		<width>275</width>
		<height>183</height>
		<depth>3</depth>
	</size>
	<segmented>0</segmented>
	<object>
		<name>monkey</name>
		<pose>Unspecified</pose>
		<truncated>0</truncated>
		<difficult>0</difficult>
		<bndbox>
			<xmin>25</xmin>
			<ymin>5</ymin>
			<xmax>124</xmax>
			<ymax>159</ymax>
		</bndbox>
	</object>
	<object>
		<name>monkey</name>
		<pose>Unspecified</pose>
		<truncated>0</truncated>
		<difficult>0</difficult>
		<bndbox>
			<xmin>97</xmin>
			<ymin>3</ymin>
			<xmax>213</xmax>
			<ymax>173</ymax>
		</bndbox>
	</object>
</annotation>
