<annotation>
	<folder>ITI107_Assignment_dataset</folder>
	<filename>Image179.jpg</filename>
	<path>/home/yapjingyang/Desktop/ITI107_Assignment_dataset/Image179.jpg</path>
	<source>
		<database>Unknown</database>
	</source>
	<size>
		<width>3456</width>
		<height>2304</height>
		<depth>3</depth>
	</size>
	<segmented>0</segmented>
	<object>
		<name>monkey</name>
		<pose>Unspecified</pose>
		<truncated>0</truncated>
		<difficult>0</difficult>
		<bndbox>
			<xmin>856</xmin>
			<ymin>243</ymin>
			<xmax>2704</xmax>
			<ymax>2104</ymax>
		</bndbox>
	</object>
</annotation>
