<annotation>
	<folder></folder>
	<filename>panda_00061_jpg.rf.381c334d515afae8e2b29ad26e092da0.jpg</filename>
	<path>panda_00061_jpg.rf.381c334d515afae8e2b29ad26e092da0.jpg</path>
	<source>
		<database>roboflow.ai</database>
	</source>
	<size>
		<width>416</width>
		<height>416</height>
		<depth>3</depth>
	</size>
	<segmented>0</segmented>
	<object>
		<name>panda</name>
		<pose>Unspecified</pose>
		<truncated>0</truncated>
		<difficult>0</difficult>
		<occluded>0</occluded>
		<bndbox>
			<xmin>63</xmin>
			<xmax>357</xmax>
			<ymin>171</ymin>
			<ymax>361</ymax>
		</bndbox>
	</object>
</annotation>
