<annotation>
	<folder>ITI107_Assignment_dataset</folder>
	<filename>Image036.jpg</filename>
	<path>/home/yapjingyang/Desktop/ITI107_Assignment_dataset/Image036.jpg</path>
	<source>
		<database>Unknown</database>
	</source>
	<size>
		<width>1000</width>
		<height>750</height>
		<depth>3</depth>
	</size>
	<segmented>0</segmented>
	<object>
		<name>monkey</name>
		<pose>Unspecified</pose>
		<truncated>1</truncated>
		<difficult>0</difficult>
		<bndbox>
			<xmin>157</xmin>
			<ymin>96</ymin>
			<xmax>866</xmax>
			<ymax>750</ymax>
		</bndbox>
	</object>
</annotation>
