<annotation>
	<folder></folder>
	<filename>panda_00001_jpg.rf.7cb02277dd2f5be21faabce2c7df4c9c.jpg</filename>
	<path>panda_00001_jpg.rf.7cb02277dd2f5be21faabce2c7df4c9c.jpg</path>
	<source>
		<database>roboflow.ai</database>
	</source>
	<size>
		<width>416</width>
		<height>416</height>
		<depth>3</depth>
	</size>
	<segmented>0</segmented>
	<object>
		<name>panda</name>
		<pose>Unspecified</pose>
		<truncated>0</truncated>
		<difficult>0</difficult>
		<occluded>0</occluded>
		<bndbox>
			<xmin>1</xmin>
			<xmax>380</xmax>
			<ymin>64</ymin>
			<ymax>376</ymax>
		</bndbox>
	</object>
</annotation>
