<annotation>
	<folder>ITI107_Assignment_dataset</folder>
	<filename>Image045.jpg</filename>
	<path>/home/yapjingyang/Desktop/ITI107_Assignment_dataset/Image045.jpg</path>
	<source>
		<database>Unknown</database>
	</source>
	<size>
		<width>744</width>
		<height>389</height>
		<depth>3</depth>
	</size>
	<segmented>0</segmented>
	<object>
		<name>monkey</name>
		<pose>Unspecified</pose>
		<truncated>1</truncated>
		<difficult>0</difficult>
		<bndbox>
			<xmin>52</xmin>
			<ymin>7</ymin>
			<xmax>611</xmax>
			<ymax>389</ymax>
		</bndbox>
	</object>
</annotation>
