<annotation>
	<folder></folder>
	<filename>panda_00155_jpg.rf.8b659fe3ef10c60d7a103825832ebdbd.jpg</filename>
	<path>panda_00155_jpg.rf.8b659fe3ef10c60d7a103825832ebdbd.jpg</path>
	<source>
		<database>roboflow.ai</database>
	</source>
	<size>
		<width>416</width>
		<height>416</height>
		<depth>3</depth>
	</size>
	<segmented>0</segmented>
	<object>
		<name>panda</name>
		<pose>Unspecified</pose>
		<truncated>0</truncated>
		<difficult>0</difficult>
		<occluded>0</occluded>
		<bndbox>
			<xmin>81</xmin>
			<xmax>358</xmax>
			<ymin>57</ymin>
			<ymax>416</ymax>
		</bndbox>
	</object>
</annotation>
