<annotation>
	<folder></folder>
	<filename>panda_00098_jpg.rf.cb1cf52b484fa3b50bba6ace1adbc7be.jpg</filename>
	<path>panda_00098_jpg.rf.cb1cf52b484fa3b50bba6ace1adbc7be.jpg</path>
	<source>
		<database>roboflow.ai</database>
	</source>
	<size>
		<width>416</width>
		<height>416</height>
		<depth>3</depth>
	</size>
	<segmented>0</segmented>
	<object>
		<name>panda</name>
		<pose>Unspecified</pose>
		<truncated>0</truncated>
		<difficult>0</difficult>
		<occluded>0</occluded>
		<bndbox>
			<xmin>1</xmin>
			<xmax>398</xmax>
			<ymin>47</ymin>
			<ymax>416</ymax>
		</bndbox>
	</object>
</annotation>
