<annotation>
	<folder></folder>
	<filename>panda_00087_jpg.rf.d10e88810a72b4808e5c7143e1ce97b4.jpg</filename>
	<path>panda_00087_jpg.rf.d10e88810a72b4808e5c7143e1ce97b4.jpg</path>
	<source>
		<database>roboflow.ai</database>
	</source>
	<size>
		<width>416</width>
		<height>416</height>
		<depth>3</depth>
	</size>
	<segmented>0</segmented>
	<object>
		<name>panda</name>
		<pose>Unspecified</pose>
		<truncated>0</truncated>
		<difficult>0</difficult>
		<occluded>0</occluded>
		<bndbox>
			<xmin>1</xmin>
			<xmax>402</xmax>
			<ymin>29</ymin>
			<ymax>409</ymax>
		</bndbox>
	</object>
</annotation>
