<annotation>
	<folder>ITI107_Assignment_dataset</folder>
	<filename>Image195.jpg</filename>
	<path>/home/yapjingyang/Desktop/ITI107_Assignment_dataset/Image195.jpg</path>
	<source>
		<database>Unknown</database>
	</source>
	<size>
		<width>858</width>
		<height>1193</height>
		<depth>3</depth>
	</size>
	<segmented>0</segmented>
	<object>
		<name>monkey</name>
		<pose>Unspecified</pose>
		<truncated>0</truncated>
		<difficult>0</difficult>
		<bndbox>
			<xmin>446</xmin>
			<ymin>391</ymin>
			<xmax>675</xmax>
			<ymax>629</ymax>
		</bndbox>
	</object>
	<object>
		<name>monkey</name>
		<pose>Unspecified</pose>
		<truncated>0</truncated>
		<difficult>0</difficult>
		<bndbox>
			<xmin>164</xmin>
			<ymin>40</ymin>
			<xmax>580</xmax>
			<ymax>696</ymax>
		</bndbox>
	</object>
</annotation>
