<annotation>
	<folder>ITI107_Assignment_dataset</folder>
	<filename>Image096.jpg</filename>
	<path>/home/yapjingyang/Desktop/ITI107_Assignment_dataset/Image096.jpg</path>
	<source>
		<database>Unknown</database>
	</source>
	<size>
		<width>275</width>
		<height>183</height>
		<depth>3</depth>
	</size>
	<segmented>0</segmented>
	<object>
		<name>monkey</name>
		<pose>Unspecified</pose>
		<truncated>0</truncated>
		<difficult>0</difficult>
		<bndbox>
			<xmin>130</xmin>
			<ymin>20</ymin>
			<xmax>224</xmax>
			<ymax>76</ymax>
		</bndbox>
	</object>
	<object>
		<name>monkey</name>
		<pose>Unspecified</pose>
		<truncated>0</truncated>
		<difficult>0</difficult>
		<bndbox>
			<xmin>92</xmin>
			<ymin>26</ymin>
			<xmax>266</xmax>
			<ymax>168</ymax>
		</bndbox>
	</object>
</annotation>
