<annotation>
	<folder>ITI107_Assignment_dataset</folder>
	<filename>Image107.jpg</filename>
	<path>/home/yapjingyang/Desktop/ITI107_Assignment_dataset/Image107.jpg</path>
	<source>
		<database>Unknown</database>
	</source>
	<size>
		<width>1526</width>
		<height>1900</height>
		<depth>3</depth>
	</size>
	<segmented>0</segmented>
	<object>
		<name>monkey</name>
		<pose>Unspecified</pose>
		<truncated>1</truncated>
		<difficult>0</difficult>
		<bndbox>
			<xmin>14</xmin>
			<ymin>79</ymin>
			<xmax>1526</xmax>
			<ymax>1900</ymax>
		</bndbox>
	</object>
</annotation>
