<annotation>
	<folder>ITI107_Assignment_dataset</folder>
	<filename>Image030.jpg</filename>
	<path>/home/yapjingyang/Desktop/ITI107_Assignment_dataset/Image030.jpg</path>
	<source>
		<database>Unknown</database>
	</source>
	<size>
		<width>860</width>
		<height>573</height>
		<depth>3</depth>
	</size>
	<segmented>0</segmented>
	<object>
		<name>monkey</name>
		<pose>Unspecified</pose>
		<truncated>0</truncated>
		<difficult>0</difficult>
		<bndbox>
			<xmin>405</xmin>
			<ymin>292</ymin>
			<xmax>628</xmax>
			<ymax>469</ymax>
		</bndbox>
	</object>
	<object>
		<name>monkey</name>
		<pose>Unspecified</pose>
		<truncated>1</truncated>
		<difficult>0</difficult>
		<bndbox>
			<xmin>218</xmin>
			<ymin>19</ymin>
			<xmax>713</xmax>
			<ymax>573</ymax>
		</bndbox>
	</object>
</annotation>
