<annotation>
	<folder>ITI107_Assignment_dataset</folder>
	<filename>Image084.jpg</filename>
	<path>/home/yapjingyang/Desktop/ITI107_Assignment_dataset/Image084.jpg</path>
	<source>
		<database>Unknown</database>
	</source>
	<size>
		<width>1000</width>
		<height>600</height>
		<depth>3</depth>
	</size>
	<segmented>0</segmented>
	<object>
		<name>monkey</name>
		<pose>Unspecified</pose>
		<truncated>0</truncated>
		<difficult>0</difficult>
		<bndbox>
			<xmin>70</xmin>
			<ymin>23</ymin>
			<xmax>829</xmax>
			<ymax>585</ymax>
		</bndbox>
	</object>
</annotation>
