<annotation>
	<folder></folder>
	<filename>panda_00157_jpg.rf.af13959bbd0d6b206ed6c991d34e66a0.jpg</filename>
	<path>panda_00157_jpg.rf.af13959bbd0d6b206ed6c991d34e66a0.jpg</path>
	<source>
		<database>roboflow.ai</database>
	</source>
	<size>
		<width>416</width>
		<height>416</height>
		<depth>3</depth>
	</size>
	<segmented>0</segmented>
	<object>
		<name>panda</name>
		<pose>Unspecified</pose>
		<truncated>0</truncated>
		<difficult>0</difficult>
		<occluded>0</occluded>
		<bndbox>
			<xmin>63</xmin>
			<xmax>402</xmax>
			<ymin>132</ymin>
			<ymax>416</ymax>
		</bndbox>
	</object>
</annotation>
