<annotation>
	<folder></folder>
	<filename>panda_00184_jpg.rf.72c31387b35d936e7be76b49c5b5c8c2.jpg</filename>
	<path>panda_00184_jpg.rf.72c31387b35d936e7be76b49c5b5c8c2.jpg</path>
	<source>
		<database>roboflow.ai</database>
	</source>
	<size>
		<width>416</width>
		<height>416</height>
		<depth>3</depth>
	</size>
	<segmented>0</segmented>
	<object>
		<name>panda</name>
		<pose>Unspecified</pose>
		<truncated>0</truncated>
		<difficult>0</difficult>
		<occluded>0</occluded>
		<bndbox>
			<xmin>17</xmin>
			<xmax>248</xmax>
			<ymin>48</ymin>
			<ymax>351</ymax>
		</bndbox>
	</object>
</annotation>
