<annotation>
	<folder>ITI107_Assignment_dataset</folder>
	<filename>Image114.jpg</filename>
	<path>/home/yapjingyang/Desktop/ITI107_Assignment_dataset/Image114.jpg</path>
	<source>
		<database>Unknown</database>
	</source>
	<size>
		<width>1024</width>
		<height>626</height>
		<depth>3</depth>
	</size>
	<segmented>0</segmented>
	<object>
		<name>monkey</name>
		<pose>Unspecified</pose>
		<truncated>0</truncated>
		<difficult>0</difficult>
		<bndbox>
			<xmin>426</xmin>
			<ymin>168</ymin>
			<xmax>652</xmax>
			<ymax>419</ymax>
		</bndbox>
	</object>
</annotation>
