<annotation>
	<folder></folder>
	<filename>panda_00132_jpg.rf.fd67f0e88221b6bdb893f7380fa5564f.jpg</filename>
	<path>panda_00132_jpg.rf.fd67f0e88221b6bdb893f7380fa5564f.jpg</path>
	<source>
		<database>roboflow.ai</database>
	</source>
	<size>
		<width>416</width>
		<height>416</height>
		<depth>3</depth>
	</size>
	<segmented>0</segmented>
	<object>
		<name>panda</name>
		<pose>Unspecified</pose>
		<truncated>0</truncated>
		<difficult>0</difficult>
		<occluded>0</occluded>
		<bndbox>
			<xmin>75</xmin>
			<xmax>335</xmax>
			<ymin>28</ymin>
			<ymax>367</ymax>
		</bndbox>
	</object>
</annotation>
