<annotation>
	<folder>ITI107_Assignment_dataset</folder>
	<filename>Image065.jpg</filename>
	<path>/home/yapjingyang/Desktop/ITI107_Assignment_dataset/Image065.jpg</path>
	<source>
		<database>Unknown</database>
	</source>
	<size>
		<width>930</width>
		<height>558</height>
		<depth>3</depth>
	</size>
	<segmented>0</segmented>
	<object>
		<name>monkey</name>
		<pose>Unspecified</pose>
		<truncated>0</truncated>
		<difficult>0</difficult>
		<bndbox>
			<xmin>412</xmin>
			<ymin>106</ymin>
			<xmax>688</xmax>
			<ymax>384</ymax>
		</bndbox>
	</object>
	<object>
		<name>monkey</name>
		<pose>Unspecified</pose>
		<truncated>0</truncated>
		<difficult>0</difficult>
		<bndbox>
			<xmin>269</xmin>
			<ymin>74</ymin>
			<xmax>476</xmax>
			<ymax>376</ymax>
		</bndbox>
	</object>
</annotation>
