<annotation>
	<folder>ITI107_Assignment_dataset</folder>
	<filename>Image158.jpg</filename>
	<path>/home/yapjingyang/Desktop/ITI107_Assignment_dataset/Image158.jpg</path>
	<source>
		<database>Unknown</database>
	</source>
	<size>
		<width>750</width>
		<height>530</height>
		<depth>3</depth>
	</size>
	<segmented>0</segmented>
	<object>
		<name>monkey</name>
		<pose>Unspecified</pose>
		<truncated>0</truncated>
		<difficult>0</difficult>
		<bndbox>
			<xmin>158</xmin>
			<ymin>66</ymin>
			<xmax>627</xmax>
			<ymax>353</ymax>
		</bndbox>
	</object>
</annotation>
