<annotation>
	<folder></folder>
	<filename>panda_00161_jpg.rf.209b5d3c9f4fb0a8f29d483b08cbc570.jpg</filename>
	<path>panda_00161_jpg.rf.209b5d3c9f4fb0a8f29d483b08cbc570.jpg</path>
	<source>
		<database>roboflow.ai</database>
	</source>
	<size>
		<width>416</width>
		<height>416</height>
		<depth>3</depth>
	</size>
	<segmented>0</segmented>
	<object>
		<name>panda</name>
		<pose>Unspecified</pose>
		<truncated>0</truncated>
		<difficult>0</difficult>
		<occluded>0</occluded>
		<bndbox>
			<xmin>148</xmin>
			<xmax>282</xmax>
			<ymin>126</ymin>
			<ymax>309</ymax>
		</bndbox>
	</object>
</annotation>
