<annotation>
	<folder></folder>
	<filename>panda_00142_jpg.rf.5f41ee023e74a81705156e4376269c81.jpg</filename>
	<path>panda_00142_jpg.rf.5f41ee023e74a81705156e4376269c81.jpg</path>
	<source>
		<database>roboflow.ai</database>
	</source>
	<size>
		<width>416</width>
		<height>416</height>
		<depth>3</depth>
	</size>
	<segmented>0</segmented>
	<object>
		<name>panda</name>
		<pose>Unspecified</pose>
		<truncated>0</truncated>
		<difficult>0</difficult>
		<occluded>0</occluded>
		<bndbox>
			<xmin>103</xmin>
			<xmax>271</xmax>
			<ymin>56</ymin>
			<ymax>254</ymax>
		</bndbox>
	</object>
	<object>
		<name>panda</name>
		<pose>Unspecified</pose>
		<truncated>0</truncated>
		<difficult>0</difficult>
		<occluded>0</occluded>
		<bndbox>
			<xmin>64</xmin>
			<xmax>332</xmax>
			<ymin>224</ymin>
			<ymax>416</ymax>
		</bndbox>
	</object>
</annotation>
