<annotation>
	<folder>ITI107_Assignment_dataset</folder>
	<filename>Image161.jpg</filename>
	<path>/home/yapjingyang/Desktop/ITI107_Assignment_dataset/Image161.jpg</path>
	<source>
		<database>Unknown</database>
	</source>
	<size>
		<width>550</width>
		<height>407</height>
		<depth>3</depth>
	</size>
	<segmented>0</segmented>
	<object>
		<name>monkey</name>
		<pose>Unspecified</pose>
		<truncated>0</truncated>
		<difficult>0</difficult>
		<bndbox>
			<xmin>71</xmin>
			<ymin>37</ymin>
			<xmax>467</xmax>
			<ymax>403</ymax>
		</bndbox>
	</object>
</annotation>
