<annotation>
	<folder></folder>
	<filename>panda_00108_jpg.rf.777efa97d8a2739b3d1fa4b6a2e980c2.jpg</filename>
	<path>panda_00108_jpg.rf.777efa97d8a2739b3d1fa4b6a2e980c2.jpg</path>
	<source>
		<database>roboflow.ai</database>
	</source>
	<size>
		<width>416</width>
		<height>416</height>
		<depth>3</depth>
	</size>
	<segmented>0</segmented>
	<object>
		<name>panda</name>
		<pose>Unspecified</pose>
		<truncated>0</truncated>
		<difficult>0</difficult>
		<occluded>0</occluded>
		<bndbox>
			<xmin>20</xmin>
			<xmax>297</xmax>
			<ymin>25</ymin>
			<ymax>396</ymax>
		</bndbox>
	</object>
	<object>
		<name>panda</name>
		<pose>Unspecified</pose>
		<truncated>0</truncated>
		<difficult>0</difficult>
		<occluded>0</occluded>
		<bndbox>
			<xmin>148</xmin>
			<xmax>415</xmax>
			<ymin>143</ymin>
			<ymax>410</ymax>
		</bndbox>
	</object>
</annotation>
