<annotation>
	<folder></folder>
	<filename>panda_00149_jpg.rf.6d6df624c690f5d4cc3c2bb727398e28.jpg</filename>
	<path>panda_00149_jpg.rf.6d6df624c690f5d4cc3c2bb727398e28.jpg</path>
	<source>
		<database>roboflow.ai</database>
	</source>
	<size>
		<width>416</width>
		<height>416</height>
		<depth>3</depth>
	</size>
	<segmented>0</segmented>
	<object>
		<name>panda</name>
		<pose>Unspecified</pose>
		<truncated>0</truncated>
		<difficult>0</difficult>
		<occluded>0</occluded>
		<bndbox>
			<xmin>77</xmin>
			<xmax>322</xmax>
			<ymin>77</ymin>
			<ymax>416</ymax>
		</bndbox>
	</object>
</annotation>
