<annotation>
	<folder></folder>
	<filename>panda_00054_jpg.rf.b832a93cb54fe1d26898fb885cf3a61f.jpg</filename>
	<path>panda_00054_jpg.rf.b832a93cb54fe1d26898fb885cf3a61f.jpg</path>
	<source>
		<database>roboflow.ai</database>
	</source>
	<size>
		<width>416</width>
		<height>416</height>
		<depth>3</depth>
	</size>
	<segmented>0</segmented>
	<object>
		<name>panda</name>
		<pose>Unspecified</pose>
		<truncated>0</truncated>
		<difficult>0</difficult>
		<occluded>0</occluded>
		<bndbox>
			<xmin>130</xmin>
			<xmax>348</xmax>
			<ymin>91</ymin>
			<ymax>381</ymax>
		</bndbox>
	</object>
</annotation>
