<annotation>
	<folder>ITI107_Assignment_dataset</folder>
	<filename>Image106.jpg</filename>
	<path>/home/yapjingyang/Desktop/ITI107_Assignment_dataset/Image106.jpg</path>
	<source>
		<database>Unknown</database>
	</source>
	<size>
		<width>4367</width>
		<height>2911</height>
		<depth>3</depth>
	</size>
	<segmented>0</segmented>
	<object>
		<name>monkey</name>
		<pose>Unspecified</pose>
		<truncated>1</truncated>
		<difficult>0</difficult>
		<bndbox>
			<xmin>425</xmin>
			<ymin>278</ymin>
			<xmax>4191</xmax>
			<ymax>2911</ymax>
		</bndbox>
	</object>
</annotation>
