<annotation>
	<folder></folder>
	<filename>panda_00138_jpg.rf.80eac1cc91c90d54f2744e91ceb74b3c.jpg</filename>
	<path>panda_00138_jpg.rf.80eac1cc91c90d54f2744e91ceb74b3c.jpg</path>
	<source>
		<database>roboflow.ai</database>
	</source>
	<size>
		<width>416</width>
		<height>416</height>
		<depth>3</depth>
	</size>
	<segmented>0</segmented>
	<object>
		<name>panda</name>
		<pose>Unspecified</pose>
		<truncated>0</truncated>
		<difficult>0</difficult>
		<occluded>0</occluded>
		<bndbox>
			<xmin>111</xmin>
			<xmax>412</xmax>
			<ymin>33</ymin>
			<ymax>410</ymax>
		</bndbox>
	</object>
</annotation>
