<annotation>
	<folder></folder>
	<filename>panda_00091_jpg.rf.62794c8b3fd0849e2de6e0f6e898f3ec.jpg</filename>
	<path>panda_00091_jpg.rf.62794c8b3fd0849e2de6e0f6e898f3ec.jpg</path>
	<source>
		<database>roboflow.ai</database>
	</source>
	<size>
		<width>416</width>
		<height>416</height>
		<depth>3</depth>
	</size>
	<segmented>0</segmented>
	<object>
		<name>panda</name>
		<pose>Unspecified</pose>
		<truncated>0</truncated>
		<difficult>0</difficult>
		<occluded>0</occluded>
		<bndbox>
			<xmin>143</xmin>
			<xmax>281</xmax>
			<ymin>104</ymin>
			<ymax>373</ymax>
		</bndbox>
	</object>
</annotation>
