<annotation>
	<folder>ITI107_Assignment_dataset</folder>
	<filename>Image043.jpg</filename>
	<path>/home/yapjingyang/Desktop/ITI107_Assignment_dataset/Image043.jpg</path>
	<source>
		<database>Unknown</database>
	</source>
	<size>
		<width>2121</width>
		<height>1414</height>
		<depth>3</depth>
	</size>
	<segmented>0</segmented>
	<object>
		<name>monkey</name>
		<pose>Unspecified</pose>
		<truncated>0</truncated>
		<difficult>0</difficult>
		<bndbox>
			<xmin>332</xmin>
			<ymin>401</ymin>
			<xmax>980</xmax>
			<ymax>1401</ymax>
		</bndbox>
	</object>
	<object>
		<name>monkey</name>
		<pose>Unspecified</pose>
		<truncated>1</truncated>
		<difficult>0</difficult>
		<bndbox>
			<xmin>834</xmin>
			<ymin>407</ymin>
			<xmax>1202</xmax>
			<ymax>1414</ymax>
		</bndbox>
	</object>
	<object>
		<name>monkey</name>
		<pose>Unspecified</pose>
		<truncated>1</truncated>
		<difficult>0</difficult>
		<bndbox>
			<xmin>1107</xmin>
			<ymin>372</ymin>
			<xmax>1697</xmax>
			<ymax>1414</ymax>
		</bndbox>
	</object>
	<object>
		<name>monkey</name>
		<pose>Unspecified</pose>
		<truncated>1</truncated>
		<difficult>0</difficult>
		<bndbox>
			<xmin>1291</xmin>
			<ymin>50</ymin>
			<xmax>2121</xmax>
			<ymax>1147</ymax>
		</bndbox>
	</object>
</annotation>
