<annotation>
	<folder>ITI107_Assignment_dataset</folder>
	<filename>Image162.jpg</filename>
	<path>/home/yapjingyang/Desktop/ITI107_Assignment_dataset/Image162.jpg</path>
	<source>
		<database>Unknown</database>
	</source>
	<size>
		<width>550</width>
		<height>366</height>
		<depth>3</depth>
	</size>
	<segmented>0</segmented>
	<object>
		<name>monkey</name>
		<pose>Unspecified</pose>
		<truncated>1</truncated>
		<difficult>0</difficult>
		<bndbox>
			<xmin>115</xmin>
			<ymin>18</ymin>
			<xmax>550</xmax>
			<ymax>366</ymax>
		</bndbox>
	</object>
</annotation>
