<annotation>
	<folder></folder>
	<filename>panda_00136_jpg.rf.755f9651a218a02da48ce82b9578c974.jpg</filename>
	<path>panda_00136_jpg.rf.755f9651a218a02da48ce82b9578c974.jpg</path>
	<source>
		<database>roboflow.ai</database>
	</source>
	<size>
		<width>416</width>
		<height>416</height>
		<depth>3</depth>
	</size>
	<segmented>0</segmented>
	<object>
		<name>panda</name>
		<pose>Unspecified</pose>
		<truncated>0</truncated>
		<difficult>0</difficult>
		<occluded>0</occluded>
		<bndbox>
			<xmin>1</xmin>
			<xmax>351</xmax>
			<ymin>100</ymin>
			<ymax>417</ymax>
		</bndbox>
	</object>
</annotation>
