<annotation>
	<folder></folder>
	<filename>panda_00022_jpg.rf.e6f1e627f46a84c26573f6ea8344e995.jpg</filename>
	<path>panda_00022_jpg.rf.e6f1e627f46a84c26573f6ea8344e995.jpg</path>
	<source>
		<database>roboflow.ai</database>
	</source>
	<size>
		<width>416</width>
		<height>416</height>
		<depth>3</depth>
	</size>
	<segmented>0</segmented>
	<object>
		<name>panda</name>
		<pose>Unspecified</pose>
		<truncated>0</truncated>
		<difficult>0</difficult>
		<occluded>0</occluded>
		<bndbox>
			<xmin>105</xmin>
			<xmax>372</xmax>
			<ymin>84</ymin>
			<ymax>321</ymax>
		</bndbox>
	</object>
</annotation>
