<annotation>
	<folder>ITI107_Assignment_dataset</folder>
	<filename>Image140.jpg</filename>
	<path>/home/yapjingyang/Desktop/ITI107_Assignment_dataset/Image140.jpg</path>
	<source>
		<database>Unknown</database>
	</source>
	<size>
		<width>1500</width>
		<height>993</height>
		<depth>3</depth>
	</size>
	<segmented>0</segmented>
	<object>
		<name>monkey</name>
		<pose>Unspecified</pose>
		<truncated>0</truncated>
		<difficult>0</difficult>
		<bndbox>
			<xmin>266</xmin>
			<ymin>139</ymin>
			<xmax>1041</xmax>
			<ymax>858</ymax>
		</bndbox>
	</object>
</annotation>
