<annotation>
	<folder>ITI107_Assignment_dataset</folder>
	<filename>Image191.jpg</filename>
	<path>/home/yapjingyang/Desktop/ITI107_Assignment_dataset/Image191.jpg</path>
	<source>
		<database>Unknown</database>
	</source>
	<size>
		<width>960</width>
		<height>640</height>
		<depth>3</depth>
	</size>
	<segmented>0</segmented>
	<object>
		<name>monkey</name>
		<pose>Unspecified</pose>
		<truncated>0</truncated>
		<difficult>0</difficult>
		<bndbox>
			<xmin>357</xmin>
			<ymin>68</ymin>
			<xmax>524</xmax>
			<ymax>247</ymax>
		</bndbox>
	</object>
	<object>
		<name>monkey</name>
		<pose>Unspecified</pose>
		<truncated>0</truncated>
		<difficult>0</difficult>
		<bndbox>
			<xmin>499</xmin>
			<ymin>118</ymin>
			<xmax>615</xmax>
			<ymax>274</ymax>
		</bndbox>
	</object>
	<object>
		<name>monkey</name>
		<pose>Unspecified</pose>
		<truncated>0</truncated>
		<difficult>0</difficult>
		<bndbox>
			<xmin>603</xmin>
			<ymin>336</ymin>
			<xmax>746</xmax>
			<ymax>512</ymax>
		</bndbox>
	</object>
	<object>
		<name>monkey</name>
		<pose>Unspecified</pose>
		<truncated>0</truncated>
		<difficult>0</difficult>
		<bndbox>
			<xmin>486</xmin>
			<ymin>510</ymin>
			<xmax>663</xmax>
			<ymax>634</ymax>
		</bndbox>
	</object>
</annotation>
