<annotation>
	<folder></folder>
	<filename>panda_00171_jpg.rf.4b8f24deb31e9b9a6bde820b44ceea76.jpg</filename>
	<path>panda_00171_jpg.rf.4b8f24deb31e9b9a6bde820b44ceea76.jpg</path>
	<source>
		<database>roboflow.ai</database>
	</source>
	<size>
		<width>416</width>
		<height>416</height>
		<depth>3</depth>
	</size>
	<segmented>0</segmented>
	<object>
		<name>panda</name>
		<pose>Unspecified</pose>
		<truncated>0</truncated>
		<difficult>0</difficult>
		<occluded>0</occluded>
		<bndbox>
			<xmin>153</xmin>
			<xmax>367</xmax>
			<ymin>160</ymin>
			<ymax>328</ymax>
		</bndbox>
	</object>
</annotation>
