<annotation>
	<folder></folder>
	<filename>panda_00086_jpg.rf.6e0c2a01bc0f6e6a8c1fe5f9e8cbc120.jpg</filename>
	<path>panda_00086_jpg.rf.6e0c2a01bc0f6e6a8c1fe5f9e8cbc120.jpg</path>
	<source>
		<database>roboflow.ai</database>
	</source>
	<size>
		<width>416</width>
		<height>416</height>
		<depth>3</depth>
	</size>
	<segmented>0</segmented>
	<object>
		<name>panda</name>
		<pose>Unspecified</pose>
		<truncated>0</truncated>
		<difficult>0</difficult>
		<occluded>0</occluded>
		<bndbox>
			<xmin>50</xmin>
			<xmax>382</xmax>
			<ymin>73</ymin>
			<ymax>354</ymax>
		</bndbox>
	</object>
</annotation>
