<annotation>
	<folder></folder>
	<filename>panda_00060_jpg.rf.7c5ffeba8a69158ada28d9b7d38c50d6.jpg</filename>
	<path>panda_00060_jpg.rf.7c5ffeba8a69158ada28d9b7d38c50d6.jpg</path>
	<source>
		<database>roboflow.ai</database>
	</source>
	<size>
		<width>416</width>
		<height>416</height>
		<depth>3</depth>
	</size>
	<segmented>0</segmented>
	<object>
		<name>panda</name>
		<pose>Unspecified</pose>
		<truncated>0</truncated>
		<difficult>0</difficult>
		<occluded>0</occluded>
		<bndbox>
			<xmin>29</xmin>
			<xmax>357</xmax>
			<ymin>110</ymin>
			<ymax>314</ymax>
		</bndbox>
	</object>
	<object>
		<name>panda</name>
		<pose>Unspecified</pose>
		<truncated>0</truncated>
		<difficult>0</difficult>
		<occluded>0</occluded>
		<bndbox>
			<xmin>201</xmin>
			<xmax>379</xmax>
			<ymin>222</ymin>
			<ymax>364</ymax>
		</bndbox>
	</object>
</annotation>
