<annotation>
	<folder></folder>
	<filename>panda_00170_jpg.rf.a5a8edcc2ad61fc7de8c5e08e28984f6.jpg</filename>
	<path>panda_00170_jpg.rf.a5a8edcc2ad61fc7de8c5e08e28984f6.jpg</path>
	<source>
		<database>roboflow.ai</database>
	</source>
	<size>
		<width>416</width>
		<height>416</height>
		<depth>3</depth>
	</size>
	<segmented>0</segmented>
	<object>
		<name>panda</name>
		<pose>Unspecified</pose>
		<truncated>0</truncated>
		<difficult>0</difficult>
		<occluded>0</occluded>
		<bndbox>
			<xmin>50</xmin>
			<xmax>316</xmax>
			<ymin>56</ymin>
			<ymax>416</ymax>
		</bndbox>
	</object>
</annotation>
