<annotation>
	<folder>ITI107_Assignment_dataset</folder>
	<filename>Image148.jpg</filename>
	<path>/home/yapjingyang/Desktop/ITI107_Assignment_dataset/Image148.jpg</path>
	<source>
		<database>Unknown</database>
	</source>
	<size>
		<width>1300</width>
		<height>950</height>
		<depth>3</depth>
	</size>
	<segmented>0</segmented>
	<object>
		<name>monkey</name>
		<pose>Unspecified</pose>
		<truncated>1</truncated>
		<difficult>0</difficult>
		<bndbox>
			<xmin>198</xmin>
			<ymin>101</ymin>
			<xmax>1186</xmax>
			<ymax>950</ymax>
		</bndbox>
	</object>
</annotation>
