<annotation>
	<folder>ITI107_Assignment_dataset</folder>
	<filename>Image169.jpg</filename>
	<path>/home/yapjingyang/Desktop/ITI107_Assignment_dataset/Image169.jpg</path>
	<source>
		<database>Unknown</database>
	</source>
	<size>
		<width>600</width>
		<height>600</height>
		<depth>3</depth>
	</size>
	<segmented>0</segmented>
	<object>
		<name>monkey</name>
		<pose>Unspecified</pose>
		<truncated>0</truncated>
		<difficult>0</difficult>
		<bndbox>
			<xmin>42</xmin>
			<ymin>69</ymin>
			<xmax>514</xmax>
			<ymax>565</ymax>
		</bndbox>
	</object>
</annotation>
