<annotation>
	<folder></folder>
	<filename>panda_00057_jpg.rf.473a26d0f3c4709bcae38a701c7ee7fd.jpg</filename>
	<path>panda_00057_jpg.rf.473a26d0f3c4709bcae38a701c7ee7fd.jpg</path>
	<source>
		<database>roboflow.ai</database>
	</source>
	<size>
		<width>416</width>
		<height>416</height>
		<depth>3</depth>
	</size>
	<segmented>0</segmented>
	<object>
		<name>panda</name>
		<pose>Unspecified</pose>
		<truncated>0</truncated>
		<difficult>0</difficult>
		<occluded>0</occluded>
		<bndbox>
			<xmin>18</xmin>
			<xmax>240</xmax>
			<ymin>149</ymin>
			<ymax>366</ymax>
		</bndbox>
	</object>
</annotation>
