<annotation>
	<folder></folder>
	<filename>panda_00186_jpg.rf.b77793893d0bded595e5b4899d7509d9.jpg</filename>
	<path>panda_00186_jpg.rf.b77793893d0bded595e5b4899d7509d9.jpg</path>
	<source>
		<database>roboflow.ai</database>
	</source>
	<size>
		<width>416</width>
		<height>416</height>
		<depth>3</depth>
	</size>
	<segmented>0</segmented>
	<object>
		<name>panda</name>
		<pose>Unspecified</pose>
		<truncated>0</truncated>
		<difficult>0</difficult>
		<occluded>0</occluded>
		<bndbox>
			<xmin>118</xmin>
			<xmax>318</xmax>
			<ymin>47</ymin>
			<ymax>284</ymax>
		</bndbox>
	</object>
</annotation>
