<annotation>
	<folder></folder>
	<filename>panda_00056_jpg.rf.bbf75bc74febad3bcaec25b5fbd5f072.jpg</filename>
	<path>panda_00056_jpg.rf.bbf75bc74febad3bcaec25b5fbd5f072.jpg</path>
	<source>
		<database>roboflow.ai</database>
	</source>
	<size>
		<width>416</width>
		<height>416</height>
		<depth>3</depth>
	</size>
	<segmented>0</segmented>
	<object>
		<name>panda</name>
		<pose>Unspecified</pose>
		<truncated>0</truncated>
		<difficult>0</difficult>
		<occluded>0</occluded>
		<bndbox>
			<xmin>203</xmin>
			<xmax>312</xmax>
			<ymin>160</ymin>
			<ymax>303</ymax>
		</bndbox>
	</object>
</annotation>
