<annotation>
	<folder>ITI107_Assignment_dataset</folder>
	<filename>Image069.jpg</filename>
	<path>/home/yapjingyang/Desktop/ITI107_Assignment_dataset/Image069.jpg</path>
	<source>
		<database>Unknown</database>
	</source>
	<size>
		<width>300</width>
		<height>168</height>
		<depth>3</depth>
	</size>
	<segmented>0</segmented>
	<object>
		<name>monkey</name>
		<pose>Unspecified</pose>
		<truncated>0</truncated>
		<difficult>0</difficult>
		<bndbox>
			<xmin>85</xmin>
			<ymin>20</ymin>
			<xmax>238</xmax>
			<ymax>164</ymax>
		</bndbox>
	</object>
</annotation>
