<annotation>
	<folder></folder>
	<filename>panda_00175_jpg.rf.ecbeae53b0bdaad0a06c5af0e66d03f9.jpg</filename>
	<path>panda_00175_jpg.rf.ecbeae53b0bdaad0a06c5af0e66d03f9.jpg</path>
	<source>
		<database>roboflow.ai</database>
	</source>
	<size>
		<width>416</width>
		<height>416</height>
		<depth>3</depth>
	</size>
	<segmented>0</segmented>
	<object>
		<name>panda</name>
		<pose>Unspecified</pose>
		<truncated>0</truncated>
		<difficult>0</difficult>
		<occluded>0</occluded>
		<bndbox>
			<xmin>93</xmin>
			<xmax>319</xmax>
			<ymin>69</ymin>
			<ymax>404</ymax>
		</bndbox>
	</object>
</annotation>
