<annotation>
	<folder>ITI107_Assignment_dataset</folder>
	<filename>Image155.jpg</filename>
	<path>/home/yapjingyang/Desktop/ITI107_Assignment_dataset/Image155.jpg</path>
	<source>
		<database>Unknown</database>
	</source>
	<size>
		<width>1900</width>
		<height>1424</height>
		<depth>3</depth>
	</size>
	<segmented>0</segmented>
	<object>
		<name>monkey</name>
		<pose>Unspecified</pose>
		<truncated>0</truncated>
		<difficult>0</difficult>
		<bndbox>
			<xmin>149</xmin>
			<ymin>241</ymin>
			<xmax>1041</xmax>
			<ymax>1305</ymax>
		</bndbox>
	</object>
	<object>
		<name>monkey</name>
		<pose>Unspecified</pose>
		<truncated>0</truncated>
		<difficult>0</difficult>
		<bndbox>
			<xmin>1015</xmin>
			<ymin>522</ymin>
			<xmax>1751</xmax>
			<ymax>968</ymax>
		</bndbox>
	</object>
	<object>
		<name>monkey</name>
		<pose>Unspecified</pose>
		<truncated>0</truncated>
		<difficult>0</difficult>
		<bndbox>
			<xmin>1349</xmin>
			<ymin>275</ymin>
			<xmax>1693</xmax>
			<ymax>809</ymax>
		</bndbox>
	</object>
</annotation>
