<annotation>
	<folder></folder>
	<filename>panda_00193_jpg.rf.fa1d5c4e8a9a663f7a06ffe6a4f3dc87.jpg</filename>
	<path>panda_00193_jpg.rf.fa1d5c4e8a9a663f7a06ffe6a4f3dc87.jpg</path>
	<source>
		<database>roboflow.ai</database>
	</source>
	<size>
		<width>416</width>
		<height>416</height>
		<depth>3</depth>
	</size>
	<segmented>0</segmented>
	<object>
		<name>panda</name>
		<pose>Unspecified</pose>
		<truncated>0</truncated>
		<difficult>0</difficult>
		<occluded>0</occluded>
		<bndbox>
			<xmin>14</xmin>
			<xmax>378</xmax>
			<ymin>1</ymin>
			<ymax>416</ymax>
		</bndbox>
	</object>
</annotation>
