<annotation>
	<folder></folder>
	<filename>panda_00035_jpg.rf.2470643fd3af404f1397b21ff39faf30.jpg</filename>
	<path>panda_00035_jpg.rf.2470643fd3af404f1397b21ff39faf30.jpg</path>
	<source>
		<database>roboflow.ai</database>
	</source>
	<size>
		<width>416</width>
		<height>416</height>
		<depth>3</depth>
	</size>
	<segmented>0</segmented>
	<object>
		<name>panda</name>
		<pose>Unspecified</pose>
		<truncated>0</truncated>
		<difficult>0</difficult>
		<occluded>0</occluded>
		<bndbox>
			<xmin>28</xmin>
			<xmax>376</xmax>
			<ymin>1</ymin>
			<ymax>406</ymax>
		</bndbox>
	</object>
</annotation>
