<annotation>
	<folder></folder>
	<filename>panda_00196_jpg.rf.672ba11438e0df3117062ebea150efc5.jpg</filename>
	<path>panda_00196_jpg.rf.672ba11438e0df3117062ebea150efc5.jpg</path>
	<source>
		<database>roboflow.ai</database>
	</source>
	<size>
		<width>416</width>
		<height>416</height>
		<depth>3</depth>
	</size>
	<segmented>0</segmented>
	<object>
		<name>panda</name>
		<pose>Unspecified</pose>
		<truncated>0</truncated>
		<difficult>0</difficult>
		<occluded>0</occluded>
		<bndbox>
			<xmin>165</xmin>
			<xmax>342</xmax>
			<ymin>113</ymin>
			<ymax>278</ymax>
		</bndbox>
	</object>
</annotation>
