<annotation>
	<folder></folder>
	<filename>panda_00141_jpg.rf.25ab6207d65e7e9c9f5af68f81afaf9d.jpg</filename>
	<path>panda_00141_jpg.rf.25ab6207d65e7e9c9f5af68f81afaf9d.jpg</path>
	<source>
		<database>roboflow.ai</database>
	</source>
	<size>
		<width>416</width>
		<height>416</height>
		<depth>3</depth>
	</size>
	<segmented>0</segmented>
	<object>
		<name>panda</name>
		<pose>Unspecified</pose>
		<truncated>0</truncated>
		<difficult>0</difficult>
		<occluded>0</occluded>
		<bndbox>
			<xmin>87</xmin>
			<xmax>296</xmax>
			<ymin>54</ymin>
			<ymax>364</ymax>
		</bndbox>
	</object>
</annotation>
