<annotation>
	<folder>ITI107_Assignment_dataset</folder>
	<filename>Image038.jpg</filename>
	<path>/home/yapjingyang/Desktop/ITI107_Assignment_dataset/Image038.jpg</path>
	<source>
		<database>Unknown</database>
	</source>
	<size>
		<width>860</width>
		<height>460</height>
		<depth>3</depth>
	</size>
	<segmented>0</segmented>
	<object>
		<name>monkey</name>
		<pose>Unspecified</pose>
		<truncated>0</truncated>
		<difficult>0</difficult>
		<bndbox>
			<xmin>17</xmin>
			<ymin>59</ymin>
			<xmax>189</xmax>
			<ymax>412</ymax>
		</bndbox>
	</object>
	<object>
		<name>monkey</name>
		<pose>Unspecified</pose>
		<truncated>0</truncated>
		<difficult>0</difficult>
		<bndbox>
			<xmin>124</xmin>
			<ymin>116</ymin>
			<xmax>372</xmax>
			<ymax>439</ymax>
		</bndbox>
	</object>
	<object>
		<name>monkey</name>
		<pose>Unspecified</pose>
		<truncated>1</truncated>
		<difficult>0</difficult>
		<bndbox>
			<xmin>348</xmin>
			<ymin>237</ymin>
			<xmax>531</xmax>
			<ymax>460</ymax>
		</bndbox>
	</object>
	<object>
		<name>monkey</name>
		<pose>Unspecified</pose>
		<truncated>0</truncated>
		<difficult>0</difficult>
		<bndbox>
			<xmin>476</xmin>
			<ymin>155</ymin>
			<xmax>670</xmax>
			<ymax>434</ymax>
		</bndbox>
	</object>
	<object>
		<name>monkey</name>
		<pose>Unspecified</pose>
		<truncated>0</truncated>
		<difficult>0</difficult>
		<bndbox>
			<xmin>635</xmin>
			<ymin>147</ymin>
			<xmax>799</xmax>
			<ymax>379</ymax>
		</bndbox>
	</object>
	<object>
		<name>monkey</name>
		<pose>Unspecified</pose>
		<truncated>1</truncated>
		<difficult>0</difficult>
		<bndbox>
			<xmin>632</xmin>
			<ymin>21</ymin>
			<xmax>860</xmax>
			<ymax>375</ymax>
		</bndbox>
	</object>
</annotation>
