<annotation>
	<folder>ITI107_Assignment_dataset</folder>
	<filename>Image093.jpg</filename>
	<path>/home/yapjingyang/Desktop/ITI107_Assignment_dataset/Image093.jpg</path>
	<source>
		<database>Unknown</database>
	</source>
	<size>
		<width>480</width>
		<height>320</height>
		<depth>3</depth>
	</size>
	<segmented>0</segmented>
	<object>
		<name>monkey</name>
		<pose>Unspecified</pose>
		<truncated>0</truncated>
		<difficult>0</difficult>
		<bndbox>
			<xmin>210</xmin>
			<ymin>156</ymin>
			<xmax>274</xmax>
			<ymax>222</ymax>
		</bndbox>
	</object>
	<object>
		<name>monkey</name>
		<pose>Unspecified</pose>
		<truncated>0</truncated>
		<difficult>0</difficult>
		<bndbox>
			<xmin>136</xmin>
			<ymin>89</ymin>
			<xmax>238</xmax>
			<ymax>195</ymax>
		</bndbox>
	</object>
	<object>
		<name>monkey</name>
		<pose>Unspecified</pose>
		<truncated>0</truncated>
		<difficult>0</difficult>
		<bndbox>
			<xmin>215</xmin>
			<ymin>83</ymin>
			<xmax>323</xmax>
			<ymax>240</ymax>
		</bndbox>
	</object>
</annotation>
