<annotation>
	<folder></folder>
	<filename>panda_00122_jpg.rf.aead8a02a70897a1b0c17eee460cdb61.jpg</filename>
	<path>panda_00122_jpg.rf.aead8a02a70897a1b0c17eee460cdb61.jpg</path>
	<source>
		<database>roboflow.ai</database>
	</source>
	<size>
		<width>416</width>
		<height>416</height>
		<depth>3</depth>
	</size>
	<segmented>0</segmented>
	<object>
		<name>panda</name>
		<pose>Unspecified</pose>
		<truncated>0</truncated>
		<difficult>0</difficult>
		<occluded>0</occluded>
		<bndbox>
			<xmin>1</xmin>
			<xmax>366</xmax>
			<ymin>1</ymin>
			<ymax>416</ymax>
		</bndbox>
	</object>
</annotation>
