<annotation>
	<folder></folder>
	<filename>panda_00185_jpg.rf.d098675a3d28e3ddcb8dd0f16927fe26.jpg</filename>
	<path>panda_00185_jpg.rf.d098675a3d28e3ddcb8dd0f16927fe26.jpg</path>
	<source>
		<database>roboflow.ai</database>
	</source>
	<size>
		<width>416</width>
		<height>416</height>
		<depth>3</depth>
	</size>
	<segmented>0</segmented>
	<object>
		<name>panda</name>
		<pose>Unspecified</pose>
		<truncated>0</truncated>
		<difficult>0</difficult>
		<occluded>0</occluded>
		<bndbox>
			<xmin>142</xmin>
			<xmax>230</xmax>
			<ymin>83</ymin>
			<ymax>318</ymax>
		</bndbox>
	</object>
</annotation>
