<annotation>
	<folder></folder>
	<filename>panda_00051_jpg.rf.16223f41ce2b4359c42be460018e4b27.jpg</filename>
	<path>panda_00051_jpg.rf.16223f41ce2b4359c42be460018e4b27.jpg</path>
	<source>
		<database>roboflow.ai</database>
	</source>
	<size>
		<width>416</width>
		<height>416</height>
		<depth>3</depth>
	</size>
	<segmented>0</segmented>
	<object>
		<name>panda</name>
		<pose>Unspecified</pose>
		<truncated>0</truncated>
		<difficult>0</difficult>
		<occluded>0</occluded>
		<bndbox>
			<xmin>102</xmin>
			<xmax>160</xmax>
			<ymin>218</ymin>
			<ymax>269</ymax>
		</bndbox>
	</object>
</annotation>
