<annotation>
	<folder></folder>
	<filename>panda_00052_jpg.rf.127cbb0b2e8a93c12f22aa6b59ea6e26.jpg</filename>
	<path>panda_00052_jpg.rf.127cbb0b2e8a93c12f22aa6b59ea6e26.jpg</path>
	<source>
		<database>roboflow.ai</database>
	</source>
	<size>
		<width>416</width>
		<height>416</height>
		<depth>3</depth>
	</size>
	<segmented>0</segmented>
	<object>
		<name>panda</name>
		<pose>Unspecified</pose>
		<truncated>0</truncated>
		<difficult>0</difficult>
		<occluded>0</occluded>
		<bndbox>
			<xmin>25</xmin>
			<xmax>409</xmax>
			<ymin>32</ymin>
			<ymax>416</ymax>
		</bndbox>
	</object>
</annotation>
