<annotation>
	<folder></folder>
	<filename>panda_00029_jpg.rf.e577b2ae0a6463bb5c0968e9685cc847.jpg</filename>
	<path>panda_00029_jpg.rf.e577b2ae0a6463bb5c0968e9685cc847.jpg</path>
	<source>
		<database>roboflow.ai</database>
	</source>
	<size>
		<width>416</width>
		<height>416</height>
		<depth>3</depth>
	</size>
	<segmented>0</segmented>
	<object>
		<name>panda</name>
		<pose>Unspecified</pose>
		<truncated>0</truncated>
		<difficult>0</difficult>
		<occluded>0</occluded>
		<bndbox>
			<xmin>138</xmin>
			<xmax>323</xmax>
			<ymin>107</ymin>
			<ymax>314</ymax>
		</bndbox>
	</object>
	<object>
		<name>panda</name>
		<pose>Unspecified</pose>
		<truncated>0</truncated>
		<difficult>0</difficult>
		<occluded>0</occluded>
		<bndbox>
			<xmin>108</xmin>
			<xmax>181</xmax>
			<ymin>185</ymin>
			<ymax>290</ymax>
		</bndbox>
	</object>
</annotation>
