<annotation>
	<folder></folder>
	<filename>panda_00034_jpg.rf.797a7190b496c29182d343b6302ce56e.jpg</filename>
	<path>panda_00034_jpg.rf.797a7190b496c29182d343b6302ce56e.jpg</path>
	<source>
		<database>roboflow.ai</database>
	</source>
	<size>
		<width>416</width>
		<height>416</height>
		<depth>3</depth>
	</size>
	<segmented>0</segmented>
	<object>
		<name>panda</name>
		<pose>Unspecified</pose>
		<truncated>0</truncated>
		<difficult>0</difficult>
		<occluded>0</occluded>
		<bndbox>
			<xmin>14</xmin>
			<xmax>200</xmax>
			<ymin>142</ymin>
			<ymax>326</ymax>
		</bndbox>
	</object>
	<object>
		<name>panda</name>
		<pose>Unspecified</pose>
		<truncated>0</truncated>
		<difficult>0</difficult>
		<occluded>0</occluded>
		<bndbox>
			<xmin>140</xmin>
			<xmax>362</xmax>
			<ymin>183</ymin>
			<ymax>320</ymax>
		</bndbox>
	</object>
</annotation>
