<annotation>
	<folder>ITI107_Assignment_dataset</folder>
	<filename>Image031.jpg</filename>
	<path>/home/yapjingyang/Desktop/ITI107_Assignment_dataset/Image031.jpg</path>
	<source>
		<database>Unknown</database>
	</source>
	<size>
		<width>1200</width>
		<height>630</height>
		<depth>3</depth>
	</size>
	<segmented>0</segmented>
	<object>
		<name>monkey</name>
		<pose>Unspecified</pose>
		<truncated>0</truncated>
		<difficult>0</difficult>
		<bndbox>
			<xmin>198</xmin>
			<ymin>107</ymin>
			<xmax>507</xmax>
			<ymax>509</ymax>
		</bndbox>
	</object>
	<object>
		<name>monkey</name>
		<pose>Unspecified</pose>
		<truncated>0</truncated>
		<difficult>0</difficult>
		<bndbox>
			<xmin>538</xmin>
			<ymin>256</ymin>
			<xmax>732</xmax>
			<ymax>624</ymax>
		</bndbox>
	</object>
	<object>
		<name>monkey</name>
		<pose>Unspecified</pose>
		<truncated>0</truncated>
		<difficult>0</difficult>
		<bndbox>
			<xmin>451</xmin>
			<ymin>80</ymin>
			<xmax>766</xmax>
			<ymax>526</ymax>
		</bndbox>
	</object>
</annotation>
