<annotation verified="yes">
	<folder>ITI107_Assignment_dataset</folder>
	<filename>Image002.jpg</filename>
	<path>/home/yapjingyang/Desktop/ITI107_Assignment_dataset/Image002.jpg</path>
	<source>
		<database>Unknown</database>
	</source>
	<size>
		<width>1266</width>
		<height>749</height>
		<depth>3</depth>
	</size>
	<segmented>0</segmented>
	<object>
		<name>monkey</name>
		<pose>Unspecified</pose>
		<truncated>0</truncated>
		<difficult>0</difficult>
		<bndbox>
			<xmin>143</xmin>
			<ymin>137</ymin>
			<xmax>485</xmax>
			<ymax>715</ymax>
		</bndbox>
	</object>
	<object>
		<name>monkey</name>
		<pose>Unspecified</pose>
		<truncated>0</truncated>
		<difficult>0</difficult>
		<bndbox>
			<xmin>571</xmin>
			<ymin>82</ymin>
			<xmax>1017</xmax>
			<ymax>673</ymax>
		</bndbox>
	</object>
	<object>
		<name>monkey</name>
		<pose>Unspecified</pose>
		<truncated>0</truncated>
		<difficult>0</difficult>
		<bndbox>
			<xmin>988</xmin>
			<ymin>424</ymin>
			<xmax>1172</xmax>
			<ymax>702</ymax>
		</bndbox>
	</object>
</annotation>
