<annotation>
	<folder></folder>
	<filename>panda_00118_jpg.rf.180a80531d5386a85f5e7ec8785c7dbb.jpg</filename>
	<path>panda_00118_jpg.rf.180a80531d5386a85f5e7ec8785c7dbb.jpg</path>
	<source>
		<database>roboflow.ai</database>
	</source>
	<size>
		<width>416</width>
		<height>416</height>
		<depth>3</depth>
	</size>
	<segmented>0</segmented>
	<object>
		<name>panda</name>
		<pose>Unspecified</pose>
		<truncated>0</truncated>
		<difficult>0</difficult>
		<occluded>0</occluded>
		<bndbox>
			<xmin>198</xmin>
			<xmax>416</xmax>
			<ymin>117</ymin>
			<ymax>383</ymax>
		</bndbox>
	</object>
	<object>
		<name>panda</name>
		<pose>Unspecified</pose>
		<truncated>0</truncated>
		<difficult>0</difficult>
		<occluded>0</occluded>
		<bndbox>
			<xmin>18</xmin>
			<xmax>236</xmax>
			<ymin>111</ymin>
			<ymax>416</ymax>
		</bndbox>
	</object>
</annotation>
