<annotation>
	<folder></folder>
	<filename>panda_00126_jpg.rf.5412fa7e7e395771cbb144be8f3f2d7d.jpg</filename>
	<path>panda_00126_jpg.rf.5412fa7e7e395771cbb144be8f3f2d7d.jpg</path>
	<source>
		<database>roboflow.ai</database>
	</source>
	<size>
		<width>416</width>
		<height>416</height>
		<depth>3</depth>
	</size>
	<segmented>0</segmented>
	<object>
		<name>panda</name>
		<pose>Unspecified</pose>
		<truncated>0</truncated>
		<difficult>0</difficult>
		<occluded>0</occluded>
		<bndbox>
			<xmin>133</xmin>
			<xmax>324</xmax>
			<ymin>46</ymin>
			<ymax>376</ymax>
		</bndbox>
	</object>
</annotation>
