<annotation>
	<folder></folder>
	<filename>panda_00045_jpg.rf.9fc33387615d44daf2b1651d0870e0b7.jpg</filename>
	<path>panda_00045_jpg.rf.9fc33387615d44daf2b1651d0870e0b7.jpg</path>
	<source>
		<database>roboflow.ai</database>
	</source>
	<size>
		<width>416</width>
		<height>416</height>
		<depth>3</depth>
	</size>
	<segmented>0</segmented>
	<object>
		<name>panda</name>
		<pose>Unspecified</pose>
		<truncated>0</truncated>
		<difficult>0</difficult>
		<occluded>0</occluded>
		<bndbox>
			<xmin>210</xmin>
			<xmax>357</xmax>
			<ymin>22</ymin>
			<ymax>256</ymax>
		</bndbox>
	</object>
	<object>
		<name>panda</name>
		<pose>Unspecified</pose>
		<truncated>0</truncated>
		<difficult>0</difficult>
		<occluded>0</occluded>
		<bndbox>
			<xmin>144</xmin>
			<xmax>337</xmax>
			<ymin>187</ymin>
			<ymax>416</ymax>
		</bndbox>
	</object>
</annotation>
