<annotation>
	<folder></folder>
	<filename>panda_00129_jpg.rf.a5a190680bee9e9517d9926cedc37a91.jpg</filename>
	<path>panda_00129_jpg.rf.a5a190680bee9e9517d9926cedc37a91.jpg</path>
	<source>
		<database>roboflow.ai</database>
	</source>
	<size>
		<width>416</width>
		<height>416</height>
		<depth>3</depth>
	</size>
	<segmented>0</segmented>
	<object>
		<name>panda</name>
		<pose>Unspecified</pose>
		<truncated>0</truncated>
		<difficult>0</difficult>
		<occluded>0</occluded>
		<bndbox>
			<xmin>181</xmin>
			<xmax>416</xmax>
			<ymin>97</ymin>
			<ymax>416</ymax>
		</bndbox>
	</object>
</annotation>
