<annotation>
	<folder></folder>
	<filename>panda_00147_jpg.rf.b08b3a5b8aea80d65d85d8fd2123d5d8.jpg</filename>
	<path>panda_00147_jpg.rf.b08b3a5b8aea80d65d85d8fd2123d5d8.jpg</path>
	<source>
		<database>roboflow.ai</database>
	</source>
	<size>
		<width>416</width>
		<height>416</height>
		<depth>3</depth>
	</size>
	<segmented>0</segmented>
	<object>
		<name>panda</name>
		<pose>Unspecified</pose>
		<truncated>0</truncated>
		<difficult>0</difficult>
		<occluded>0</occluded>
		<bndbox>
			<xmin>114</xmin>
			<xmax>326</xmax>
			<ymin>111</ymin>
			<ymax>416</ymax>
		</bndbox>
	</object>
</annotation>
