<annotation>
	<folder></folder>
	<filename>panda_00111_jpg.rf.f78fdaf776990655fae95cc5ed966677.jpg</filename>
	<path>panda_00111_jpg.rf.f78fdaf776990655fae95cc5ed966677.jpg</path>
	<source>
		<database>roboflow.ai</database>
	</source>
	<size>
		<width>416</width>
		<height>416</height>
		<depth>3</depth>
	</size>
	<segmented>0</segmented>
	<object>
		<name>panda</name>
		<pose>Unspecified</pose>
		<truncated>0</truncated>
		<difficult>0</difficult>
		<occluded>0</occluded>
		<bndbox>
			<xmin>40</xmin>
			<xmax>361</xmax>
			<ymin>1</ymin>
			<ymax>396</ymax>
		</bndbox>
	</object>
</annotation>
