<annotation>
	<folder>ITI107_Assignment_dataset</folder>
	<filename>Image092.jpg</filename>
	<path>/home/yapjingyang/Desktop/ITI107_Assignment_dataset/Image092.jpg</path>
	<source>
		<database>Unknown</database>
	</source>
	<size>
		<width>612</width>
		<height>344</height>
		<depth>3</depth>
	</size>
	<segmented>0</segmented>
	<object>
		<name>monkey</name>
		<pose>Unspecified</pose>
		<truncated>1</truncated>
		<difficult>0</difficult>
		<bndbox>
			<xmin>245</xmin>
			<ymin>76</ymin>
			<xmax>396</xmax>
			<ymax>344</ymax>
		</bndbox>
	</object>
</annotation>
