<annotation>
	<folder></folder>
	<filename>panda_00160_jpg.rf.2176ef665f17d05621e6adb17b054a53.jpg</filename>
	<path>panda_00160_jpg.rf.2176ef665f17d05621e6adb17b054a53.jpg</path>
	<source>
		<database>roboflow.ai</database>
	</source>
	<size>
		<width>416</width>
		<height>416</height>
		<depth>3</depth>
	</size>
	<segmented>0</segmented>
	<object>
		<name>panda</name>
		<pose>Unspecified</pose>
		<truncated>0</truncated>
		<difficult>0</difficult>
		<occluded>0</occluded>
		<bndbox>
			<xmin>98</xmin>
			<xmax>385</xmax>
			<ymin>59</ymin>
			<ymax>354</ymax>
		</bndbox>
	</object>
</annotation>
