<annotation>
	<folder></folder>
	<filename>panda_00020_jpg.rf.d438d502c75f35a9681d5fc780db635c.jpg</filename>
	<path>panda_00020_jpg.rf.d438d502c75f35a9681d5fc780db635c.jpg</path>
	<source>
		<database>roboflow.ai</database>
	</source>
	<size>
		<width>416</width>
		<height>416</height>
		<depth>3</depth>
	</size>
	<segmented>0</segmented>
	<object>
		<name>panda</name>
		<pose>Unspecified</pose>
		<truncated>0</truncated>
		<difficult>0</difficult>
		<occluded>0</occluded>
		<bndbox>
			<xmin>35</xmin>
			<xmax>327</xmax>
			<ymin>45</ymin>
			<ymax>416</ymax>
		</bndbox>
	</object>
</annotation>
