<annotation>
	<folder>ITI107_Assignment_dataset</folder>
	<filename>Image187.jpg</filename>
	<path>/home/yapjingyang/Desktop/ITI107_Assignment_dataset/Image187.jpg</path>
	<source>
		<database>Unknown</database>
	</source>
	<size>
		<width>665</width>
		<height>443</height>
		<depth>3</depth>
	</size>
	<segmented>0</segmented>
	<object>
		<name>monkey</name>
		<pose>Unspecified</pose>
		<truncated>1</truncated>
		<difficult>0</difficult>
		<bndbox>
			<xmin>152</xmin>
			<ymin>2</ymin>
			<xmax>607</xmax>
			<ymax>443</ymax>
		</bndbox>
	</object>
</annotation>
