<annotation>
	<folder>ITI107_Assignment_dataset</folder>
	<filename>Image087.jpg</filename>
	<path>/home/yapjingyang/Desktop/ITI107_Assignment_dataset/Image087.jpg</path>
	<source>
		<database>Unknown</database>
	</source>
	<size>
		<width>400</width>
		<height>300</height>
		<depth>3</depth>
	</size>
	<segmented>0</segmented>
	<object>
		<name>monkey</name>
		<pose>Unspecified</pose>
		<truncated>1</truncated>
		<difficult>0</difficult>
		<bndbox>
			<xmin>100</xmin>
			<ymin>76</ymin>
			<xmax>360</xmax>
			<ymax>300</ymax>
		</bndbox>
	</object>
</annotation>
