<annotation>
	<folder></folder>
	<filename>panda_00031_jpg.rf.ad1da33573edf6b08c3a2d5fd2dee490.jpg</filename>
	<path>panda_00031_jpg.rf.ad1da33573edf6b08c3a2d5fd2dee490.jpg</path>
	<source>
		<database>roboflow.ai</database>
	</source>
	<size>
		<width>416</width>
		<height>416</height>
		<depth>3</depth>
	</size>
	<segmented>0</segmented>
	<object>
		<name>panda</name>
		<pose>Unspecified</pose>
		<truncated>0</truncated>
		<difficult>0</difficult>
		<occluded>0</occluded>
		<bndbox>
			<xmin>221</xmin>
			<xmax>378</xmax>
			<ymin>118</ymin>
			<ymax>370</ymax>
		</bndbox>
	</object>
	<object>
		<name>panda</name>
		<pose>Unspecified</pose>
		<truncated>0</truncated>
		<difficult>0</difficult>
		<occluded>0</occluded>
		<bndbox>
			<xmin>1</xmin>
			<xmax>198</xmax>
			<ymin>177</ymin>
			<ymax>416</ymax>
		</bndbox>
	</object>
</annotation>
