<annotation>
	<folder></folder>
	<filename>panda_00139_jpg.rf.c72db634ff86f46204e4d669be9bd067.jpg</filename>
	<path>panda_00139_jpg.rf.c72db634ff86f46204e4d669be9bd067.jpg</path>
	<source>
		<database>roboflow.ai</database>
	</source>
	<size>
		<width>416</width>
		<height>416</height>
		<depth>3</depth>
	</size>
	<segmented>0</segmented>
	<object>
		<name>panda</name>
		<pose>Unspecified</pose>
		<truncated>0</truncated>
		<difficult>0</difficult>
		<occluded>0</occluded>
		<bndbox>
			<xmin>138</xmin>
			<xmax>345</xmax>
			<ymin>103</ymin>
			<ymax>416</ymax>
		</bndbox>
	</object>
</annotation>
