<annotation>
	<folder></folder>
	<filename>panda_00005_jpg.rf.987abb2737b0ce1cc36fa779d3b72edc.jpg</filename>
	<path>panda_00005_jpg.rf.987abb2737b0ce1cc36fa779d3b72edc.jpg</path>
	<source>
		<database>roboflow.ai</database>
	</source>
	<size>
		<width>416</width>
		<height>416</height>
		<depth>3</depth>
	</size>
	<segmented>0</segmented>
	<object>
		<name>panda</name>
		<pose>Unspecified</pose>
		<truncated>0</truncated>
		<difficult>0</difficult>
		<occluded>0</occluded>
		<bndbox>
			<xmin>58</xmin>
			<xmax>394</xmax>
			<ymin>7</ymin>
			<ymax>410</ymax>
		</bndbox>
	</object>
</annotation>
