<annotation>
	<folder>ITI107_Assignment_dataset</folder>
	<filename>Image060.jpg</filename>
	<path>/home/yapjingyang/Desktop/ITI107_Assignment_dataset/Image060.jpg</path>
	<source>
		<database>Unknown</database>
	</source>
	<size>
		<width>290</width>
		<height>174</height>
		<depth>3</depth>
	</size>
	<segmented>0</segmented>
	<object>
		<name>monkey</name>
		<pose>Unspecified</pose>
		<truncated>0</truncated>
		<difficult>0</difficult>
		<bndbox>
			<xmin>45</xmin>
			<ymin>24</ymin>
			<xmax>204</xmax>
			<ymax>136</ymax>
		</bndbox>
	</object>
</annotation>
