<annotation>
	<folder></folder>
	<filename>panda_00066_jpg.rf.03f218bf891b734fc586ac7e47948003.jpg</filename>
	<path>panda_00066_jpg.rf.03f218bf891b734fc586ac7e47948003.jpg</path>
	<source>
		<database>roboflow.ai</database>
	</source>
	<size>
		<width>416</width>
		<height>416</height>
		<depth>3</depth>
	</size>
	<segmented>0</segmented>
	<object>
		<name>panda</name>
		<pose>Unspecified</pose>
		<truncated>0</truncated>
		<difficult>0</difficult>
		<occluded>0</occluded>
		<bndbox>
			<xmin>67</xmin>
			<xmax>375</xmax>
			<ymin>11</ymin>
			<ymax>416</ymax>
		</bndbox>
	</object>
</annotation>
