<annotation>
	<folder></folder>
	<filename>panda_00076_jpg.rf.37496b77bac09db9abce9c8b5cbe3426.jpg</filename>
	<path>panda_00076_jpg.rf.37496b77bac09db9abce9c8b5cbe3426.jpg</path>
	<source>
		<database>roboflow.ai</database>
	</source>
	<size>
		<width>416</width>
		<height>416</height>
		<depth>3</depth>
	</size>
	<segmented>0</segmented>
	<object>
		<name>panda</name>
		<pose>Unspecified</pose>
		<truncated>0</truncated>
		<difficult>0</difficult>
		<occluded>0</occluded>
		<bndbox>
			<xmin>86</xmin>
			<xmax>383</xmax>
			<ymin>72</ymin>
			<ymax>377</ymax>
		</bndbox>
	</object>
</annotation>
