<annotation>
	<folder></folder>
	<filename>panda_00070_jpg.rf.bcdb278345f18a68945ab32b82889011.jpg</filename>
	<path>panda_00070_jpg.rf.bcdb278345f18a68945ab32b82889011.jpg</path>
	<source>
		<database>roboflow.ai</database>
	</source>
	<size>
		<width>416</width>
		<height>416</height>
		<depth>3</depth>
	</size>
	<segmented>0</segmented>
	<object>
		<name>panda</name>
		<pose>Unspecified</pose>
		<truncated>0</truncated>
		<difficult>0</difficult>
		<occluded>0</occluded>
		<bndbox>
			<xmin>144</xmin>
			<xmax>300</xmax>
			<ymin>152</ymin>
			<ymax>306</ymax>
		</bndbox>
	</object>
</annotation>
