<annotation>
	<folder></folder>
	<filename>panda_00176_jpg.rf.ec09cf1efe2a1e440581a02c4c0d1c26.jpg</filename>
	<path>panda_00176_jpg.rf.ec09cf1efe2a1e440581a02c4c0d1c26.jpg</path>
	<source>
		<database>roboflow.ai</database>
	</source>
	<size>
		<width>416</width>
		<height>416</height>
		<depth>3</depth>
	</size>
	<segmented>0</segmented>
	<object>
		<name>panda</name>
		<pose>Unspecified</pose>
		<truncated>0</truncated>
		<difficult>0</difficult>
		<occluded>0</occluded>
		<bndbox>
			<xmin>59</xmin>
			<xmax>352</xmax>
			<ymin>13</ymin>
			<ymax>308</ymax>
		</bndbox>
	</object>
</annotation>
