<annotation>
	<folder>ITI107_Assignment_dataset</folder>
	<filename>Image110.jpg</filename>
	<path>/home/yapjingyang/Desktop/ITI107_Assignment_dataset/Image110.jpg</path>
	<source>
		<database>Unknown</database>
	</source>
	<size>
		<width>2018</width>
		<height>2691</height>
		<depth>3</depth>
	</size>
	<segmented>0</segmented>
	<object>
		<name>monkey</name>
		<pose>Unspecified</pose>
		<truncated>0</truncated>
		<difficult>0</difficult>
		<bndbox>
			<xmin>236</xmin>
			<ymin>474</ymin>
			<xmax>1811</xmax>
			<ymax>2424</ymax>
		</bndbox>
	</object>
</annotation>
