<annotation>
	<folder></folder>
	<filename>panda_00093_jpg.rf.2f30049f6fe7e997270d172dabdc1267.jpg</filename>
	<path>panda_00093_jpg.rf.2f30049f6fe7e997270d172dabdc1267.jpg</path>
	<source>
		<database>roboflow.ai</database>
	</source>
	<size>
		<width>416</width>
		<height>416</height>
		<depth>3</depth>
	</size>
	<segmented>0</segmented>
	<object>
		<name>panda</name>
		<pose>Unspecified</pose>
		<truncated>0</truncated>
		<difficult>0</difficult>
		<occluded>0</occluded>
		<bndbox>
			<xmin>92</xmin>
			<xmax>329</xmax>
			<ymin>117</ymin>
			<ymax>374</ymax>
		</bndbox>
	</object>
</annotation>
