<annotation>
	<folder>ITI107_Assignment_dataset</folder>
	<filename>Image062.jpg</filename>
	<path>/home/yapjingyang/Desktop/ITI107_Assignment_dataset/Image062.jpg</path>
	<source>
		<database>Unknown</database>
	</source>
	<size>
		<width>1050</width>
		<height>550</height>
		<depth>3</depth>
	</size>
	<segmented>0</segmented>
	<object>
		<name>monkey</name>
		<pose>Unspecified</pose>
		<truncated>0</truncated>
		<difficult>0</difficult>
		<bndbox>
			<xmin>84</xmin>
			<ymin>110</ymin>
			<xmax>700</xmax>
			<ymax>526</ymax>
		</bndbox>
	</object>
</annotation>
