<annotation>
	<folder></folder>
	<filename>panda_00083_jpg.rf.6943026e9c81876f13948f771cc057f3.jpg</filename>
	<path>panda_00083_jpg.rf.6943026e9c81876f13948f771cc057f3.jpg</path>
	<source>
		<database>roboflow.ai</database>
	</source>
	<size>
		<width>416</width>
		<height>416</height>
		<depth>3</depth>
	</size>
	<segmented>0</segmented>
	<object>
		<name>panda</name>
		<pose>Unspecified</pose>
		<truncated>0</truncated>
		<difficult>0</difficult>
		<occluded>0</occluded>
		<bndbox>
			<xmin>188</xmin>
			<xmax>267</xmax>
			<ymin>147</ymin>
			<ymax>279</ymax>
		</bndbox>
	</object>
</annotation>
