<annotation>
	<folder></folder>
	<filename>panda_00187_jpg.rf.57daff7b459762c6b645d152e8758395.jpg</filename>
	<path>panda_00187_jpg.rf.57daff7b459762c6b645d152e8758395.jpg</path>
	<source>
		<database>roboflow.ai</database>
	</source>
	<size>
		<width>416</width>
		<height>416</height>
		<depth>3</depth>
	</size>
	<segmented>0</segmented>
	<object>
		<name>panda</name>
		<pose>Unspecified</pose>
		<truncated>0</truncated>
		<difficult>0</difficult>
		<occluded>0</occluded>
		<bndbox>
			<xmin>92</xmin>
			<xmax>224</xmax>
			<ymin>130</ymin>
			<ymax>320</ymax>
		</bndbox>
	</object>
	<object>
		<name>panda</name>
		<pose>Unspecified</pose>
		<truncated>0</truncated>
		<difficult>0</difficult>
		<occluded>0</occluded>
		<bndbox>
			<xmin>272</xmin>
			<xmax>361</xmax>
			<ymin>26</ymin>
			<ymax>135</ymax>
		</bndbox>
	</object>
</annotation>
