<annotation>
	<folder>ITI107_Assignment_dataset</folder>
	<filename>Image143.jpg</filename>
	<path>/home/yapjingyang/Desktop/ITI107_Assignment_dataset/Image143.jpg</path>
	<source>
		<database>Unknown</database>
	</source>
	<size>
		<width>750</width>
		<height>500</height>
		<depth>3</depth>
	</size>
	<segmented>0</segmented>
	<object>
		<name>monkey</name>
		<pose>Unspecified</pose>
		<truncated>0</truncated>
		<difficult>0</difficult>
		<bndbox>
			<xmin>118</xmin>
			<ymin>75</ymin>
			<xmax>357</xmax>
			<ymax>362</ymax>
		</bndbox>
	</object>
	<object>
		<name>monkey</name>
		<pose>Unspecified</pose>
		<truncated>1</truncated>
		<difficult>0</difficult>
		<bndbox>
			<xmin>271</xmin>
			<ymin>169</ymin>
			<xmax>689</xmax>
			<ymax>500</ymax>
		</bndbox>
	</object>
</annotation>
