<annotation>
	<folder>ITI107_Assignment_dataset</folder>
	<filename>Image035.jpg</filename>
	<path>/home/yapjingyang/Desktop/ITI107_Assignment_dataset/Image035.jpg</path>
	<source>
		<database>Unknown</database>
	</source>
	<size>
		<width>1600</width>
		<height>878</height>
		<depth>3</depth>
	</size>
	<segmented>0</segmented>
	<object>
		<name>monkey</name>
		<pose>Unspecified</pose>
		<truncated>0</truncated>
		<difficult>0</difficult>
		<bndbox>
			<xmin>443</xmin>
			<ymin>18</ymin>
			<xmax>1243</xmax>
			<ymax>616</ymax>
		</bndbox>
	</object>
</annotation>
