<annotation>
	<folder>ITI107_Assignment_dataset</folder>
	<filename>Image034.jpg</filename>
	<path>/home/yapjingyang/Desktop/ITI107_Assignment_dataset/Image034.jpg</path>
	<source>
		<database>Unknown</database>
	</source>
	<size>
		<width>860</width>
		<height>573</height>
		<depth>3</depth>
	</size>
	<segmented>0</segmented>
	<object>
		<name>monkey</name>
		<pose>Unspecified</pose>
		<truncated>0</truncated>
		<difficult>0</difficult>
		<bndbox>
			<xmin>485</xmin>
			<ymin>14</ymin>
			<xmax>837</xmax>
			<ymax>522</ymax>
		</bndbox>
	</object>
</annotation>
