<annotation>
	<folder>ITI107_Assignment_dataset</folder>
	<filename>Image151.jpg</filename>
	<path>/home/yapjingyang/Desktop/ITI107_Assignment_dataset/Image151.jpg</path>
	<source>
		<database>Unknown</database>
	</source>
	<size>
		<width>1024</width>
		<height>768</height>
		<depth>3</depth>
	</size>
	<segmented>0</segmented>
	<object>
		<name>monkey</name>
		<pose>Unspecified</pose>
		<truncated>0</truncated>
		<difficult>0</difficult>
		<bndbox>
			<xmin>302</xmin>
			<ymin>128</ymin>
			<xmax>629</xmax>
			<ymax>360</ymax>
		</bndbox>
	</object>
	<object>
		<name>monkey</name>
		<pose>Unspecified</pose>
		<truncated>0</truncated>
		<difficult>0</difficult>
		<bndbox>
			<xmin>146</xmin>
			<ymin>138</ymin>
			<xmax>923</xmax>
			<ymax>752</ymax>
		</bndbox>
	</object>
</annotation>
