<annotation>
	<folder>ITI107_Assignment_dataset</folder>
	<filename>Image073.jpg</filename>
	<path>/home/yapjingyang/Desktop/ITI107_Assignment_dataset/Image073.jpg</path>
	<source>
		<database>Unknown</database>
	</source>
	<size>
		<width>1800</width>
		<height>1114</height>
		<depth>3</depth>
	</size>
	<segmented>0</segmented>
	<object>
		<name>monkey</name>
		<pose>Unspecified</pose>
		<truncated>0</truncated>
		<difficult>0</difficult>
		<bndbox>
			<xmin>478</xmin>
			<ymin>118</ymin>
			<xmax>1217</xmax>
			<ymax>871</ymax>
		</bndbox>
	</object>
</annotation>
