<annotation>
	<folder></folder>
	<filename>panda_00089_jpg.rf.c2b1b1435adbb9169029316b189b25f0.jpg</filename>
	<path>panda_00089_jpg.rf.c2b1b1435adbb9169029316b189b25f0.jpg</path>
	<source>
		<database>roboflow.ai</database>
	</source>
	<size>
		<width>416</width>
		<height>416</height>
		<depth>3</depth>
	</size>
	<segmented>0</segmented>
	<object>
		<name>panda</name>
		<pose>Unspecified</pose>
		<truncated>0</truncated>
		<difficult>0</difficult>
		<occluded>0</occluded>
		<bndbox>
			<xmin>34</xmin>
			<xmax>358</xmax>
			<ymin>36</ymin>
			<ymax>416</ymax>
		</bndbox>
	</object>
</annotation>
