<annotation>
	<folder>ITI107_Assignment_dataset</folder>
	<filename>Image006.jpg</filename>
	<path>/home/yapjingyang/Desktop/ITI107_Assignment_dataset/Image006.jpg</path>
	<source>
		<database>Unknown</database>
	</source>
	<size>
		<width>259</width>
		<height>194</height>
		<depth>3</depth>
	</size>
	<segmented>0</segmented>
	<object>
		<name>monkey</name>
		<pose>Unspecified</pose>
		<truncated>0</truncated>
		<difficult>0</difficult>
		<bndbox>
			<xmin>82</xmin>
			<ymin>47</ymin>
			<xmax>161</xmax>
			<ymax>126</ymax>
		</bndbox>
	</object>
	<object>
		<name>monkey</name>
		<pose>Unspecified</pose>
		<truncated>1</truncated>
		<difficult>0</difficult>
		<bndbox>
			<xmin>222</xmin>
			<ymin>75</ymin>
			<xmax>259</xmax>
			<ymax>111</ymax>
		</bndbox>
	</object>
</annotation>
