<annotation>
	<folder>ITI107_Assignment_dataset</folder>
	<filename>Image050.jpg</filename>
	<path>/home/yapjingyang/Desktop/ITI107_Assignment_dataset/Image050.jpg</path>
	<source>
		<database>Unknown</database>
	</source>
	<size>
		<width>612</width>
		<height>408</height>
		<depth>3</depth>
	</size>
	<segmented>0</segmented>
	<object>
		<name>monkey</name>
		<pose>Unspecified</pose>
		<truncated>0</truncated>
		<difficult>0</difficult>
		<bndbox>
			<xmin>113</xmin>
			<ymin>134</ymin>
			<xmax>267</xmax>
			<ymax>331</ymax>
		</bndbox>
	</object>
	<object>
		<name>monkey</name>
		<pose>Unspecified</pose>
		<truncated>0</truncated>
		<difficult>0</difficult>
		<bndbox>
			<xmin>239</xmin>
			<ymin>89</ymin>
			<xmax>386</xmax>
			<ymax>281</ymax>
		</bndbox>
	</object>
	<object>
		<name>monkey</name>
		<pose>Unspecified</pose>
		<truncated>0</truncated>
		<difficult>0</difficult>
		<bndbox>
			<xmin>360</xmin>
			<ymin>129</ymin>
			<xmax>466</xmax>
			<ymax>292</ymax>
		</bndbox>
	</object>
</annotation>
