<annotation>
	<folder>ITI107_Assignment_dataset</folder>
	<filename>Image075.jpg</filename>
	<path>/home/yapjingyang/Desktop/ITI107_Assignment_dataset/Image075.jpg</path>
	<source>
		<database>Unknown</database>
	</source>
	<size>
		<width>275</width>
		<height>183</height>
		<depth>3</depth>
	</size>
	<segmented>0</segmented>
	<object>
		<name>monkey</name>
		<pose>Unspecified</pose>
		<truncated>0</truncated>
		<difficult>0</difficult>
		<bndbox>
			<xmin>8</xmin>
			<ymin>35</ymin>
			<xmax>81</xmax>
			<ymax>130</ymax>
		</bndbox>
	</object>
</annotation>
