<annotation>
	<folder></folder>
	<filename>panda_00004_jpg.rf.faa27c0bf8fe2ce4e19882f0fdf7d5c2.jpg</filename>
	<path>panda_00004_jpg.rf.faa27c0bf8fe2ce4e19882f0fdf7d5c2.jpg</path>
	<source>
		<database>roboflow.ai</database>
	</source>
	<size>
		<width>416</width>
		<height>416</height>
		<depth>3</depth>
	</size>
	<segmented>0</segmented>
	<object>
		<name>panda</name>
		<pose>Unspecified</pose>
		<truncated>0</truncated>
		<difficult>0</difficult>
		<occluded>0</occluded>
		<bndbox>
			<xmin>24</xmin>
			<xmax>416</xmax>
			<ymin>42</ymin>
			<ymax>405</ymax>
		</bndbox>
	</object>
</annotation>
