<annotation>
	<folder>ITI107_Assignment_dataset</folder>
	<filename>Image011.jpg</filename>
	<path>/home/yapjingyang/Desktop/ITI107_Assignment_dataset/Image011.jpg</path>
	<source>
		<database>Unknown</database>
	</source>
	<size>
		<width>275</width>
		<height>183</height>
		<depth>3</depth>
	</size>
	<segmented>0</segmented>
	<object>
		<name>monkey</name>
		<pose>Unspecified</pose>
		<truncated>0</truncated>
		<difficult>0</difficult>
		<bndbox>
			<xmin>29</xmin>
			<ymin>21</ymin>
			<xmax>105</xmax>
			<ymax>117</ymax>
		</bndbox>
	</object>
	<object>
		<name>monkey</name>
		<pose>Unspecified</pose>
		<truncated>0</truncated>
		<difficult>0</difficult>
		<bndbox>
			<xmin>144</xmin>
			<ymin>32</ymin>
			<xmax>218</xmax>
			<ymax>118</ymax>
		</bndbox>
	</object>
</annotation>
