<annotation>
	<folder>ITI107_Assignment_dataset</folder>
	<filename>Image156.jpg</filename>
	<path>/home/yapjingyang/Desktop/ITI107_Assignment_dataset/Image156.jpg</path>
	<source>
		<database>Unknown</database>
	</source>
	<size>
		<width>498</width>
		<height>750</height>
		<depth>3</depth>
	</size>
	<segmented>0</segmented>
	<object>
		<name>monkey</name>
		<pose>Unspecified</pose>
		<truncated>0</truncated>
		<difficult>0</difficult>
		<bndbox>
			<xmin>87</xmin>
			<ymin>105</ymin>
			<xmax>466</xmax>
			<ymax>711</ymax>
		</bndbox>
	</object>
</annotation>
