<annotation>
	<folder></folder>
	<filename>panda_00028_jpg.rf.9387493d9f01e4fa9cfb1cbdcb712c5f.jpg</filename>
	<path>panda_00028_jpg.rf.9387493d9f01e4fa9cfb1cbdcb712c5f.jpg</path>
	<source>
		<database>roboflow.ai</database>
	</source>
	<size>
		<width>416</width>
		<height>416</height>
		<depth>3</depth>
	</size>
	<segmented>0</segmented>
	<object>
		<name>panda</name>
		<pose>Unspecified</pose>
		<truncated>0</truncated>
		<difficult>0</difficult>
		<occluded>0</occluded>
		<bndbox>
			<xmin>123</xmin>
			<xmax>362</xmax>
			<ymin>54</ymin>
			<ymax>316</ymax>
		</bndbox>
	</object>
</annotation>
