<annotation>
	<folder>ITI107_Assignment_dataset</folder>
	<filename>Image068.jpg</filename>
	<path>/home/yapjingyang/Desktop/ITI107_Assignment_dataset/Image068.jpg</path>
	<source>
		<database>Unknown</database>
	</source>
	<size>
		<width>268</width>
		<height>188</height>
		<depth>3</depth>
	</size>
	<segmented>0</segmented>
	<object>
		<name>monkey</name>
		<pose>Unspecified</pose>
		<truncated>0</truncated>
		<difficult>0</difficult>
		<bndbox>
			<xmin>33</xmin>
			<ymin>9</ymin>
			<xmax>194</xmax>
			<ymax>182</ymax>
		</bndbox>
	</object>
</annotation>
