<annotation>
	<folder></folder>
	<filename>panda_00173_jpg.rf.11517303fa78e4fb118e119ada45bb27.jpg</filename>
	<path>panda_00173_jpg.rf.11517303fa78e4fb118e119ada45bb27.jpg</path>
	<source>
		<database>roboflow.ai</database>
	</source>
	<size>
		<width>416</width>
		<height>416</height>
		<depth>3</depth>
	</size>
	<segmented>0</segmented>
	<object>
		<name>panda</name>
		<pose>Unspecified</pose>
		<truncated>0</truncated>
		<difficult>0</difficult>
		<occluded>0</occluded>
		<bndbox>
			<xmin>99</xmin>
			<xmax>345</xmax>
			<ymin>36</ymin>
			<ymax>398</ymax>
		</bndbox>
	</object>
</annotation>
