<annotation>
	<folder>ITI107_Assignment_dataset</folder>
	<filename>Image053.jpg</filename>
	<path>/home/yapjingyang/Desktop/ITI107_Assignment_dataset/Image053.jpg</path>
	<source>
		<database>Unknown</database>
	</source>
	<size>
		<width>800</width>
		<height>532</height>
		<depth>3</depth>
	</size>
	<segmented>0</segmented>
	<object>
		<name>monkey</name>
		<pose>Unspecified</pose>
		<truncated>0</truncated>
		<difficult>0</difficult>
		<bndbox>
			<xmin>152</xmin>
			<ymin>134</ymin>
			<xmax>350</xmax>
			<ymax>489</ymax>
		</bndbox>
	</object>
	<object>
		<name>monkey</name>
		<pose>Unspecified</pose>
		<truncated>0</truncated>
		<difficult>0</difficult>
		<bndbox>
			<xmin>319</xmin>
			<ymin>130</ymin>
			<xmax>541</xmax>
			<ymax>416</ymax>
		</bndbox>
	</object>
</annotation>
