<annotation>
	<folder></folder>
	<filename>panda_00030_jpg.rf.ce23b79966679ded383cd927e60cee6a.jpg</filename>
	<path>panda_00030_jpg.rf.ce23b79966679ded383cd927e60cee6a.jpg</path>
	<source>
		<database>roboflow.ai</database>
	</source>
	<size>
		<width>416</width>
		<height>416</height>
		<depth>3</depth>
	</size>
	<segmented>0</segmented>
	<object>
		<name>panda</name>
		<pose>Unspecified</pose>
		<truncated>0</truncated>
		<difficult>0</difficult>
		<occluded>0</occluded>
		<bndbox>
			<xmin>206</xmin>
			<xmax>275</xmax>
			<ymin>117</ymin>
			<ymax>269</ymax>
		</bndbox>
	</object>
	<object>
		<name>panda</name>
		<pose>Unspecified</pose>
		<truncated>0</truncated>
		<difficult>0</difficult>
		<occluded>0</occluded>
		<bndbox>
			<xmin>153</xmin>
			<xmax>202</xmax>
			<ymin>213</ymin>
			<ymax>360</ymax>
		</bndbox>
	</object>
</annotation>
