<annotation>
	<folder>ITI107_Assignment_dataset</folder>
	<filename>Image099.jpg</filename>
	<path>/home/yapjingyang/Desktop/ITI107_Assignment_dataset/Image099.jpg</path>
	<source>
		<database>Unknown</database>
	</source>
	<size>
		<width>1800</width>
		<height>1109</height>
		<depth>3</depth>
	</size>
	<segmented>0</segmented>
	<object>
		<name>monkey</name>
		<pose>Unspecified</pose>
		<truncated>0</truncated>
		<difficult>0</difficult>
		<bndbox>
			<xmin>33</xmin>
			<ymin>193</ymin>
			<xmax>974</xmax>
			<ymax>1068</ymax>
		</bndbox>
	</object>
	<object>
		<name>monkey</name>
		<pose>Unspecified</pose>
		<truncated>0</truncated>
		<difficult>0</difficult>
		<bndbox>
			<xmin>946</xmin>
			<ymin>129</ymin>
			<xmax>1578</xmax>
			<ymax>1038</ymax>
		</bndbox>
	</object>
</annotation>
