<annotation>
	<folder>ITI107_Assignment_dataset</folder>
	<filename>Image041.jpg</filename>
	<path>/home/yapjingyang/Desktop/ITI107_Assignment_dataset/Image041.jpg</path>
	<source>
		<database>Unknown</database>
	</source>
	<size>
		<width>1908</width>
		<height>570</height>
		<depth>3</depth>
	</size>
	<segmented>0</segmented>
	<object>
		<name>monkey</name>
		<pose>Unspecified</pose>
		<truncated>1</truncated>
		<difficult>0</difficult>
		<bndbox>
			<xmin>889</xmin>
			<ymin>124</ymin>
			<xmax>1270</xmax>
			<ymax>570</ymax>
		</bndbox>
	</object>
	<object>
		<name>monkey</name>
		<pose>Unspecified</pose>
		<truncated>1</truncated>
		<difficult>0</difficult>
		<bndbox>
			<xmin>1155</xmin>
			<ymin>102</ymin>
			<xmax>1777</xmax>
			<ymax>570</ymax>
		</bndbox>
	</object>
</annotation>
