<annotation>
	<folder>ITI107_Assignment_dataset</folder>
	<filename>Image138.jpg</filename>
	<path>/home/yapjingyang/Desktop/ITI107_Assignment_dataset/Image138.jpg</path>
	<source>
		<database>Unknown</database>
	</source>
	<size>
		<width>1920</width>
		<height>1280</height>
		<depth>3</depth>
	</size>
	<segmented>0</segmented>
	<object>
		<name>monkey</name>
		<pose>Unspecified</pose>
		<truncated>0</truncated>
		<difficult>0</difficult>
		<bndbox>
			<xmin>337</xmin>
			<ymin>333</ymin>
			<xmax>1086</xmax>
			<ymax>1174</ymax>
		</bndbox>
	</object>
	<object>
		<name>monkey</name>
		<pose>Unspecified</pose>
		<truncated>0</truncated>
		<difficult>0</difficult>
		<bndbox>
			<xmin>756</xmin>
			<ymin>40</ymin>
			<xmax>1620</xmax>
			<ymax>1072</ymax>
		</bndbox>
	</object>
	<object>
		<name>monkey</name>
		<pose>Unspecified</pose>
		<truncated>1</truncated>
		<difficult>0</difficult>
		<bndbox>
			<xmin>1464</xmin>
			<ymin>101</ymin>
			<xmax>1920</xmax>
			<ymax>674</ymax>
		</bndbox>
	</object>
</annotation>
