<annotation>
	<folder></folder>
	<filename>panda_00146_jpg.rf.c962c459f26603f820efc2c80db960c9.jpg</filename>
	<path>panda_00146_jpg.rf.c962c459f26603f820efc2c80db960c9.jpg</path>
	<source>
		<database>roboflow.ai</database>
	</source>
	<size>
		<width>416</width>
		<height>416</height>
		<depth>3</depth>
	</size>
	<segmented>0</segmented>
	<object>
		<name>panda</name>
		<pose>Unspecified</pose>
		<truncated>0</truncated>
		<difficult>0</difficult>
		<occluded>0</occluded>
		<bndbox>
			<xmin>113</xmin>
			<xmax>303</xmax>
			<ymin>79</ymin>
			<ymax>416</ymax>
		</bndbox>
	</object>
</annotation>
