<annotation>
	<folder>ITI107_Assignment_dataset</folder>
	<filename>Image118.jpg</filename>
	<path>/home/yapjingyang/Desktop/ITI107_Assignment_dataset/Image118.jpg</path>
	<source>
		<database>Unknown</database>
	</source>
	<size>
		<width>650</width>
		<height>423</height>
		<depth>3</depth>
	</size>
	<segmented>0</segmented>
	<object>
		<name>monkey</name>
		<pose>Unspecified</pose>
		<truncated>0</truncated>
		<difficult>0</difficult>
		<bndbox>
			<xmin>159</xmin>
			<ymin>49</ymin>
			<xmax>391</xmax>
			<ymax>399</ymax>
		</bndbox>
	</object>
	<object>
		<name>monkey</name>
		<pose>Unspecified</pose>
		<truncated>0</truncated>
		<difficult>0</difficult>
		<bndbox>
			<xmin>329</xmin>
			<ymin>52</ymin>
			<xmax>571</xmax>
			<ymax>392</ymax>
		</bndbox>
	</object>
</annotation>
