<annotation>
	<folder></folder>
	<filename>panda_00018_jpg.rf.7a0d2a98d6e501be190a7d5b84ad2bb8.jpg</filename>
	<path>panda_00018_jpg.rf.7a0d2a98d6e501be190a7d5b84ad2bb8.jpg</path>
	<source>
		<database>roboflow.ai</database>
	</source>
	<size>
		<width>416</width>
		<height>416</height>
		<depth>3</depth>
	</size>
	<segmented>0</segmented>
	<object>
		<name>panda</name>
		<pose>Unspecified</pose>
		<truncated>0</truncated>
		<difficult>0</difficult>
		<occluded>0</occluded>
		<bndbox>
			<xmin>187</xmin>
			<xmax>416</xmax>
			<ymin>82</ymin>
			<ymax>350</ymax>
		</bndbox>
	</object>
</annotation>
