<annotation>
	<folder>ITI107_Assignment_dataset</folder>
	<filename>Image121.jpg</filename>
	<path>/home/yapjingyang/Desktop/ITI107_Assignment_dataset/Image121.jpg</path>
	<source>
		<database>Unknown</database>
	</source>
	<size>
		<width>951</width>
		<height>1275</height>
		<depth>3</depth>
	</size>
	<segmented>0</segmented>
	<object>
		<name>monkey</name>
		<pose>Unspecified</pose>
		<truncated>0</truncated>
		<difficult>0</difficult>
		<bndbox>
			<xmin>39</xmin>
			<ymin>45</ymin>
			<xmax>923</xmax>
			<ymax>1266</ymax>
		</bndbox>
	</object>
</annotation>
