<annotation>
	<folder></folder>
	<filename>panda_00182_jpg.rf.d278dc29928788a2b49f784f07d3cb6f.jpg</filename>
	<path>panda_00182_jpg.rf.d278dc29928788a2b49f784f07d3cb6f.jpg</path>
	<source>
		<database>roboflow.ai</database>
	</source>
	<size>
		<width>416</width>
		<height>416</height>
		<depth>3</depth>
	</size>
	<segmented>0</segmented>
	<object>
		<name>panda</name>
		<pose>Unspecified</pose>
		<truncated>0</truncated>
		<difficult>0</difficult>
		<occluded>0</occluded>
		<bndbox>
			<xmin>109</xmin>
			<xmax>368</xmax>
			<ymin>21</ymin>
			<ymax>416</ymax>
		</bndbox>
	</object>
</annotation>
