<annotation>
	<folder></folder>
	<filename>panda_00071_jpg.rf.9ac345da1155301082cfac19d41206ec.jpg</filename>
	<path>panda_00071_jpg.rf.9ac345da1155301082cfac19d41206ec.jpg</path>
	<source>
		<database>roboflow.ai</database>
	</source>
	<size>
		<width>416</width>
		<height>416</height>
		<depth>3</depth>
	</size>
	<segmented>0</segmented>
	<object>
		<name>panda</name>
		<pose>Unspecified</pose>
		<truncated>0</truncated>
		<difficult>0</difficult>
		<occluded>0</occluded>
		<bndbox>
			<xmin>44</xmin>
			<xmax>364</xmax>
			<ymin>23</ymin>
			<ymax>415</ymax>
		</bndbox>
	</object>
</annotation>
