<annotation>
	<folder></folder>
	<filename>panda_00039_jpg.rf.2e4148223089b0b1cd6d7ce5b09a7967.jpg</filename>
	<path>panda_00039_jpg.rf.2e4148223089b0b1cd6d7ce5b09a7967.jpg</path>
	<source>
		<database>roboflow.ai</database>
	</source>
	<size>
		<width>416</width>
		<height>416</height>
		<depth>3</depth>
	</size>
	<segmented>0</segmented>
	<object>
		<name>panda</name>
		<pose>Unspecified</pose>
		<truncated>0</truncated>
		<difficult>0</difficult>
		<occluded>0</occluded>
		<bndbox>
			<xmin>1</xmin>
			<xmax>375</xmax>
			<ymin>40</ymin>
			<ymax>398</ymax>
		</bndbox>
	</object>
</annotation>
