<annotation>
	<folder>ITI107_Assignment_dataset</folder>
	<filename>Image113.jpg</filename>
	<path>/home/yapjingyang/Desktop/ITI107_Assignment_dataset/Image113.jpg</path>
	<source>
		<database>Unknown</database>
	</source>
	<size>
		<width>1024</width>
		<height>768</height>
		<depth>3</depth>
	</size>
	<segmented>0</segmented>
	<object>
		<name>monkey</name>
		<pose>Unspecified</pose>
		<truncated>0</truncated>
		<difficult>0</difficult>
		<bndbox>
			<xmin>21</xmin>
			<ymin>139</ymin>
			<xmax>324</xmax>
			<ymax>552</ymax>
		</bndbox>
	</object>
	<object>
		<name>monkey</name>
		<pose>Unspecified</pose>
		<truncated>0</truncated>
		<difficult>0</difficult>
		<bndbox>
			<xmin>703</xmin>
			<ymin>252</ymin>
			<xmax>1020</xmax>
			<ymax>603</ymax>
		</bndbox>
	</object>
</annotation>
