<annotation>
	<folder>ITI107_Assignment_dataset</folder>
	<filename>Image166.jpg</filename>
	<path>/home/yapjingyang/Desktop/ITI107_Assignment_dataset/Image166.jpg</path>
	<source>
		<database>Unknown</database>
	</source>
	<size>
		<width>597</width>
		<height>425</height>
		<depth>3</depth>
	</size>
	<segmented>0</segmented>
	<object>
		<name>monkey</name>
		<pose>Unspecified</pose>
		<truncated>0</truncated>
		<difficult>0</difficult>
		<bndbox>
			<xmin>83</xmin>
			<ymin>17</ymin>
			<xmax>572</xmax>
			<ymax>414</ymax>
		</bndbox>
	</object>
</annotation>
