<annotation>
	<folder>ITI107_Assignment_dataset</folder>
	<filename>Image190.jpg</filename>
	<path>/home/yapjingyang/Desktop/ITI107_Assignment_dataset/Image190.jpg</path>
	<source>
		<database>Unknown</database>
	</source>
	<size>
		<width>1024</width>
		<height>574</height>
		<depth>3</depth>
	</size>
	<segmented>0</segmented>
	<object>
		<name>monkey</name>
		<pose>Unspecified</pose>
		<truncated>1</truncated>
		<difficult>0</difficult>
		<bndbox>
			<xmin>230</xmin>
			<ymin>61</ymin>
			<xmax>782</xmax>
			<ymax>574</ymax>
		</bndbox>
	</object>
</annotation>
