<annotation>
	<folder>ITI107_Assignment_dataset</folder>
	<filename>Image094.jpg</filename>
	<path>/home/yapjingyang/Desktop/ITI107_Assignment_dataset/Image094.jpg</path>
	<source>
		<database>Unknown</database>
	</source>
	<size>
		<width>500</width>
		<height>769</height>
		<depth>3</depth>
	</size>
	<segmented>0</segmented>
	<object>
		<name>monkey</name>
		<pose>Unspecified</pose>
		<truncated>0</truncated>
		<difficult>0</difficult>
		<bndbox>
			<xmin>14</xmin>
			<ymin>250</ymin>
			<xmax>435</xmax>
			<ymax>717</ymax>
		</bndbox>
	</object>
</annotation>
