<annotation>
	<folder></folder>
	<filename>panda_00062_jpg.rf.47498a1f811b1509503cbe3711071f11.jpg</filename>
	<path>panda_00062_jpg.rf.47498a1f811b1509503cbe3711071f11.jpg</path>
	<source>
		<database>roboflow.ai</database>
	</source>
	<size>
		<width>416</width>
		<height>416</height>
		<depth>3</depth>
	</size>
	<segmented>0</segmented>
	<object>
		<name>panda</name>
		<pose>Unspecified</pose>
		<truncated>0</truncated>
		<difficult>0</difficult>
		<occluded>0</occluded>
		<bndbox>
			<xmin>34</xmin>
			<xmax>207</xmax>
			<ymin>10</ymin>
			<ymax>250</ymax>
		</bndbox>
	</object>
</annotation>
