<annotation>
	<folder></folder>
	<filename>panda_00036_jpg.rf.324cae03bc05e83f5be8eb75da145ad2.jpg</filename>
	<path>panda_00036_jpg.rf.324cae03bc05e83f5be8eb75da145ad2.jpg</path>
	<source>
		<database>roboflow.ai</database>
	</source>
	<size>
		<width>416</width>
		<height>416</height>
		<depth>3</depth>
	</size>
	<segmented>0</segmented>
	<object>
		<name>panda</name>
		<pose>Unspecified</pose>
		<truncated>0</truncated>
		<difficult>0</difficult>
		<occluded>0</occluded>
		<bndbox>
			<xmin>106</xmin>
			<xmax>330</xmax>
			<ymin>55</ymin>
			<ymax>416</ymax>
		</bndbox>
	</object>
</annotation>
