<annotation>
	<folder>ITI107_Assignment_dataset</folder>
	<filename>Image066.jpg</filename>
	<path>/home/yapjingyang/Desktop/ITI107_Assignment_dataset/Image066.jpg</path>
	<source>
		<database>Unknown</database>
	</source>
	<size>
		<width>1000</width>
		<height>627</height>
		<depth>3</depth>
	</size>
	<segmented>0</segmented>
	<object>
		<name>monkey</name>
		<pose>Unspecified</pose>
		<truncated>0</truncated>
		<difficult>0</difficult>
		<bndbox>
			<xmin>53</xmin>
			<ymin>24</ymin>
			<xmax>605</xmax>
			<ymax>560</ymax>
		</bndbox>
	</object>
</annotation>
