<annotation>
	<folder>ITI107_Assignment_dataset</folder>
	<filename>Image171.jpg</filename>
	<path>/home/yapjingyang/Desktop/ITI107_Assignment_dataset/Image171.jpg</path>
	<source>
		<database>Unknown</database>
	</source>
	<size>
		<width>704</width>
		<height>374</height>
		<depth>3</depth>
	</size>
	<segmented>0</segmented>
	<object>
		<name>monkey</name>
		<pose>Unspecified</pose>
		<truncated>1</truncated>
		<difficult>0</difficult>
		<bndbox>
			<xmin>129</xmin>
			<ymin>35</ymin>
			<xmax>609</xmax>
			<ymax>374</ymax>
		</bndbox>
	</object>
</annotation>
