<annotation>
	<folder></folder>
	<filename>panda_00110_jpg.rf.1cc4fdc58fa16dcd2b875a02fc7287ca.jpg</filename>
	<path>panda_00110_jpg.rf.1cc4fdc58fa16dcd2b875a02fc7287ca.jpg</path>
	<source>
		<database>roboflow.ai</database>
	</source>
	<size>
		<width>416</width>
		<height>416</height>
		<depth>3</depth>
	</size>
	<segmented>0</segmented>
	<object>
		<name>panda</name>
		<pose>Unspecified</pose>
		<truncated>0</truncated>
		<difficult>0</difficult>
		<occluded>0</occluded>
		<bndbox>
			<xmin>4</xmin>
			<xmax>410</xmax>
			<ymin>20</ymin>
			<ymax>416</ymax>
		</bndbox>
	</object>
</annotation>
