<annotation>
	<folder>ITI107_Assignment_dataset</folder>
	<filename>Image061.jpg</filename>
	<path>/home/yapjingyang/Desktop/ITI107_Assignment_dataset/Image061.jpg</path>
	<source>
		<database>Unknown</database>
	</source>
	<size>
		<width>952</width>
		<height>460</height>
		<depth>3</depth>
	</size>
	<segmented>0</segmented>
	<object>
		<name>monkey</name>
		<pose>Unspecified</pose>
		<truncated>1</truncated>
		<difficult>0</difficult>
		<bndbox>
			<xmin>237</xmin>
			<ymin>5</ymin>
			<xmax>660</xmax>
			<ymax>460</ymax>
		</bndbox>
	</object>
</annotation>
