<annotation>
	<folder>ITI107_Assignment_dataset</folder>
	<filename>Image095.jpg</filename>
	<path>/home/yapjingyang/Desktop/ITI107_Assignment_dataset/Image095.jpg</path>
	<source>
		<database>Unknown</database>
	</source>
	<size>
		<width>1800</width>
		<height>1198</height>
		<depth>3</depth>
	</size>
	<segmented>0</segmented>
	<object>
		<name>monkey</name>
		<pose>Unspecified</pose>
		<truncated>0</truncated>
		<difficult>0</difficult>
		<bndbox>
			<xmin>376</xmin>
			<ymin>367</ymin>
			<xmax>835</xmax>
			<ymax>919</ymax>
		</bndbox>
	</object>
	<object>
		<name>monkey</name>
		<pose>Unspecified</pose>
		<truncated>0</truncated>
		<difficult>0</difficult>
		<bndbox>
			<xmin>674</xmin>
			<ymin>251</ymin>
			<xmax>1105</xmax>
			<ymax>872</ymax>
		</bndbox>
	</object>
	<object>
		<name>monkey</name>
		<pose>Unspecified</pose>
		<truncated>0</truncated>
		<difficult>0</difficult>
		<bndbox>
			<xmin>942</xmin>
			<ymin>149</ymin>
			<xmax>1405</xmax>
			<ymax>1172</ymax>
		</bndbox>
	</object>
</annotation>
