<annotation>
	<folder></folder>
	<filename>panda_00114_jpg.rf.3529b14ec6e6b210d6c606ee9352e185.jpg</filename>
	<path>panda_00114_jpg.rf.3529b14ec6e6b210d6c606ee9352e185.jpg</path>
	<source>
		<database>roboflow.ai</database>
	</source>
	<size>
		<width>416</width>
		<height>416</height>
		<depth>3</depth>
	</size>
	<segmented>0</segmented>
	<object>
		<name>panda</name>
		<pose>Unspecified</pose>
		<truncated>0</truncated>
		<difficult>0</difficult>
		<occluded>0</occluded>
		<bndbox>
			<xmin>40</xmin>
			<xmax>416</xmax>
			<ymin>10</ymin>
			<ymax>416</ymax>
		</bndbox>
	</object>
</annotation>
