<annotation>
	<folder>ITI107_Assignment_dataset</folder>
	<filename>Image172.jpg</filename>
	<path>/home/yapjingyang/Desktop/ITI107_Assignment_dataset/Image172.jpg</path>
	<source>
		<database>Unknown</database>
	</source>
	<size>
		<width>600</width>
		<height>900</height>
		<depth>3</depth>
	</size>
	<segmented>0</segmented>
	<object>
		<name>monkey</name>
		<pose>Unspecified</pose>
		<truncated>1</truncated>
		<difficult>0</difficult>
		<bndbox>
			<xmin>25</xmin>
			<ymin>68</ymin>
			<xmax>600</xmax>
			<ymax>748</ymax>
		</bndbox>
	</object>
</annotation>
