<annotation>
	<folder>ITI107_Assignment_dataset</folder>
	<filename>Image159.jpg</filename>
	<path>/home/yapjingyang/Desktop/ITI107_Assignment_dataset/Image159.jpg</path>
	<source>
		<database>Unknown</database>
	</source>
	<size>
		<width>1200</width>
		<height>869</height>
		<depth>3</depth>
	</size>
	<segmented>0</segmented>
	<object>
		<name>monkey</name>
		<pose>Unspecified</pose>
		<truncated>0</truncated>
		<difficult>0</difficult>
		<bndbox>
			<xmin>160</xmin>
			<ymin>93</ymin>
			<xmax>1058</xmax>
			<ymax>664</ymax>
		</bndbox>
	</object>
</annotation>
