<annotation>
	<folder>ITI107_Assignment_dataset</folder>
	<filename>Image054.jpg</filename>
	<path>/home/yapjingyang/Desktop/ITI107_Assignment_dataset/Image054.jpg</path>
	<source>
		<database>Unknown</database>
	</source>
	<size>
		<width>1280</width>
		<height>857</height>
		<depth>3</depth>
	</size>
	<segmented>0</segmented>
	<object>
		<name>monkey</name>
		<pose>Unspecified</pose>
		<truncated>0</truncated>
		<difficult>0</difficult>
		<bndbox>
			<xmin>781</xmin>
			<ymin>283</ymin>
			<xmax>1278</xmax>
			<ymax>801</ymax>
		</bndbox>
	</object>
	<object>
		<name>monkey</name>
		<pose>Unspecified</pose>
		<truncated>0</truncated>
		<difficult>0</difficult>
		<bndbox>
			<xmin>321</xmin>
			<ymin>104</ymin>
			<xmax>697</xmax>
			<ymax>767</ymax>
		</bndbox>
	</object>
	<object>
		<name>monkey</name>
		<pose>Unspecified</pose>
		<truncated>0</truncated>
		<difficult>0</difficult>
		<bndbox>
			<xmin>47</xmin>
			<ymin>194</ymin>
			<xmax>420</xmax>
			<ymax>814</ymax>
		</bndbox>
	</object>
</annotation>
