<annotation>
	<folder>ITI107_Assignment_dataset</folder>
	<filename>Image154.jpg</filename>
	<path>/home/yapjingyang/Desktop/ITI107_Assignment_dataset/Image154.jpg</path>
	<source>
		<database>Unknown</database>
	</source>
	<size>
		<width>402</width>
		<height>325</height>
		<depth>3</depth>
	</size>
	<segmented>0</segmented>
	<object>
		<name>monkey</name>
		<pose>Unspecified</pose>
		<truncated>0</truncated>
		<difficult>0</difficult>
		<bndbox>
			<xmin>131</xmin>
			<ymin>81</ymin>
			<xmax>331</xmax>
			<ymax>321</ymax>
		</bndbox>
	</object>
	<object>
		<name>monkey</name>
		<pose>Unspecified</pose>
		<truncated>0</truncated>
		<difficult>0</difficult>
		<bndbox>
			<xmin>29</xmin>
			<ymin>19</ymin>
			<xmax>129</xmax>
			<ymax>125</ymax>
		</bndbox>
	</object>
</annotation>
