<annotation>
	<folder>ITI107_Assignment_dataset</folder>
	<filename>Image183.jpg</filename>
	<path>/home/yapjingyang/Desktop/ITI107_Assignment_dataset/Image183.jpg</path>
	<source>
		<database>Unknown</database>
	</source>
	<size>
		<width>660</width>
		<height>369</height>
		<depth>3</depth>
	</size>
	<segmented>0</segmented>
	<object>
		<name>monkey</name>
		<pose>Unspecified</pose>
		<truncated>0</truncated>
		<difficult>0</difficult>
		<bndbox>
			<xmin>47</xmin>
			<ymin>82</ymin>
			<xmax>463</xmax>
			<ymax>323</ymax>
		</bndbox>
	</object>
</annotation>
