<annotation>
	<folder></folder>
	<filename>panda_00178_jpg.rf.ef12a2de0f00021f9e01978ac62d3654.jpg</filename>
	<path>panda_00178_jpg.rf.ef12a2de0f00021f9e01978ac62d3654.jpg</path>
	<source>
		<database>roboflow.ai</database>
	</source>
	<size>
		<width>416</width>
		<height>416</height>
		<depth>3</depth>
	</size>
	<segmented>0</segmented>
	<object>
		<name>panda</name>
		<pose>Unspecified</pose>
		<truncated>0</truncated>
		<difficult>0</difficult>
		<occluded>0</occluded>
		<bndbox>
			<xmin>19</xmin>
			<xmax>416</xmax>
			<ymin>101</ymin>
			<ymax>343</ymax>
		</bndbox>
	</object>
</annotation>
