<annotation>
	<folder></folder>
	<filename>panda_00074_jpg.rf.07ae5b4e33bdd368bb38c955b574f692.jpg</filename>
	<path>panda_00074_jpg.rf.07ae5b4e33bdd368bb38c955b574f692.jpg</path>
	<source>
		<database>roboflow.ai</database>
	</source>
	<size>
		<width>416</width>
		<height>416</height>
		<depth>3</depth>
	</size>
	<segmented>0</segmented>
	<object>
		<name>panda</name>
		<pose>Unspecified</pose>
		<truncated>0</truncated>
		<difficult>0</difficult>
		<occluded>0</occluded>
		<bndbox>
			<xmin>89</xmin>
			<xmax>352</xmax>
			<ymin>71</ymin>
			<ymax>411</ymax>
		</bndbox>
	</object>
</annotation>
