<annotation>
	<folder>ITI107_Assignment_dataset</folder>
	<filename>Image150.jpg</filename>
	<path>/home/yapjingyang/Desktop/ITI107_Assignment_dataset/Image150.jpg</path>
	<source>
		<database>Unknown</database>
	</source>
	<size>
		<width>1300</width>
		<height>928</height>
		<depth>3</depth>
	</size>
	<segmented>0</segmented>
	<object>
		<name>monkey</name>
		<pose>Unspecified</pose>
		<truncated>0</truncated>
		<difficult>0</difficult>
		<bndbox>
			<xmin>235</xmin>
			<ymin>25</ymin>
			<xmax>1027</xmax>
			<ymax>838</ymax>
		</bndbox>
	</object>
</annotation>
