<annotation>
	<folder></folder>
	<filename>panda_00164_jpg.rf.e5f9443fa2493de40d06f88e327d1ca1.jpg</filename>
	<path>panda_00164_jpg.rf.e5f9443fa2493de40d06f88e327d1ca1.jpg</path>
	<source>
		<database>roboflow.ai</database>
	</source>
	<size>
		<width>416</width>
		<height>416</height>
		<depth>3</depth>
	</size>
	<segmented>0</segmented>
	<object>
		<name>panda</name>
		<pose>Unspecified</pose>
		<truncated>0</truncated>
		<difficult>0</difficult>
		<occluded>0</occluded>
		<bndbox>
			<xmin>192</xmin>
			<xmax>233</xmax>
			<ymin>198</ymin>
			<ymax>230</ymax>
		</bndbox>
	</object>
</annotation>
