<annotation>
	<folder>ITI107_Assignment_dataset</folder>
	<filename>Image136.jpg</filename>
	<path>/home/yapjingyang/Desktop/ITI107_Assignment_dataset/Image136.jpg</path>
	<source>
		<database>Unknown</database>
	</source>
	<size>
		<width>464</width>
		<height>520</height>
		<depth>3</depth>
	</size>
	<segmented>0</segmented>
	<object>
		<name>monkey</name>
		<pose>Unspecified</pose>
		<truncated>1</truncated>
		<difficult>0</difficult>
		<bndbox>
			<xmin>7</xmin>
			<ymin>34</ymin>
			<xmax>458</xmax>
			<ymax>520</ymax>
		</bndbox>
	</object>
</annotation>
