<annotation>
	<folder>ITI107_Assignment_dataset</folder>
	<filename>Image177.jpg</filename>
	<path>/home/yapjingyang/Desktop/ITI107_Assignment_dataset/Image177.jpg</path>
	<source>
		<database>Unknown</database>
	</source>
	<size>
		<width>2808</width>
		<height>1928</height>
		<depth>3</depth>
	</size>
	<segmented>0</segmented>
	<object>
		<name>monkey</name>
		<pose>Unspecified</pose>
		<truncated>1</truncated>
		<difficult>0</difficult>
		<bndbox>
			<xmin>376</xmin>
			<ymin>335</ymin>
			<xmax>2808</xmax>
			<ymax>1874</ymax>
		</bndbox>
	</object>
</annotation>
