<annotation>
	<folder>ITI107_Assignment_dataset</folder>
	<filename>Image152.jpg</filename>
	<path>/home/yapjingyang/Desktop/ITI107_Assignment_dataset/Image152.jpg</path>
	<source>
		<database>Unknown</database>
	</source>
	<size>
		<width>351</width>
		<height>199</height>
		<depth>3</depth>
	</size>
	<segmented>0</segmented>
	<object>
		<name>monkey</name>
		<pose>Unspecified</pose>
		<truncated>1</truncated>
		<difficult>0</difficult>
		<bndbox>
			<xmin>28</xmin>
			<ymin>3</ymin>
			<xmax>338</xmax>
			<ymax>199</ymax>
		</bndbox>
	</object>
</annotation>
