<annotation>
	<folder>ITI107_Assignment_dataset</folder>
	<filename>Image083.jpg</filename>
	<path>/home/yapjingyang/Desktop/ITI107_Assignment_dataset/Image083.jpg</path>
	<source>
		<database>Unknown</database>
	</source>
	<size>
		<width>820</width>
		<height>466</height>
		<depth>3</depth>
	</size>
	<segmented>0</segmented>
	<object>
		<name>monkey</name>
		<pose>Unspecified</pose>
		<truncated>0</truncated>
		<difficult>0</difficult>
		<bndbox>
			<xmin>75</xmin>
			<ymin>181</ymin>
			<xmax>211</xmax>
			<ymax>427</ymax>
		</bndbox>
	</object>
	<object>
		<name>monkey</name>
		<pose>Unspecified</pose>
		<truncated>0</truncated>
		<difficult>0</difficult>
		<bndbox>
			<xmin>159</xmin>
			<ymin>165</ymin>
			<xmax>324</xmax>
			<ymax>443</ymax>
		</bndbox>
	</object>
	<object>
		<name>monkey</name>
		<pose>Unspecified</pose>
		<truncated>0</truncated>
		<difficult>0</difficult>
		<bndbox>
			<xmin>286</xmin>
			<ymin>145</ymin>
			<xmax>457</xmax>
			<ymax>431</ymax>
		</bndbox>
	</object>
	<object>
		<name>monkey</name>
		<pose>Unspecified</pose>
		<truncated>0</truncated>
		<difficult>0</difficult>
		<bndbox>
			<xmin>392</xmin>
			<ymin>67</ymin>
			<xmax>595</xmax>
			<ymax>352</ymax>
		</bndbox>
	</object>
	<object>
		<name>monkey</name>
		<pose>Unspecified</pose>
		<truncated>0</truncated>
		<difficult>0</difficult>
		<bndbox>
			<xmin>560</xmin>
			<ymin>41</ymin>
			<xmax>818</xmax>
			<ymax>455</ymax>
		</bndbox>
	</object>
</annotation>
