<annotation>
	<folder></folder>
	<filename>panda_00121_jpg.rf.41cdc7cff30b2b3e1a0dff87f4f216f4.jpg</filename>
	<path>panda_00121_jpg.rf.41cdc7cff30b2b3e1a0dff87f4f216f4.jpg</path>
	<source>
		<database>roboflow.ai</database>
	</source>
	<size>
		<width>416</width>
		<height>416</height>
		<depth>3</depth>
	</size>
	<segmented>0</segmented>
	<object>
		<name>panda</name>
		<pose>Unspecified</pose>
		<truncated>0</truncated>
		<difficult>0</difficult>
		<occluded>0</occluded>
		<bndbox>
			<xmin>40</xmin>
			<xmax>391</xmax>
			<ymin>104</ymin>
			<ymax>398</ymax>
		</bndbox>
	</object>
</annotation>
