<annotation>
	<folder>ITI107_Assignment_dataset</folder>
	<filename>Image015.jpg</filename>
	<path>/home/yapjingyang/Desktop/ITI107_Assignment_dataset/Image015.jpg</path>
	<source>
		<database>Unknown</database>
	</source>
	<size>
		<width>3000</width>
		<height>2000</height>
		<depth>3</depth>
	</size>
	<segmented>0</segmented>
	<object>
		<name>monkey</name>
		<pose>Unspecified</pose>
		<truncated>0</truncated>
		<difficult>0</difficult>
		<bndbox>
			<xmin>1329</xmin>
			<ymin>580</ymin>
			<xmax>2413</xmax>
			<ymax>1503</ymax>
		</bndbox>
	</object>
</annotation>
