<annotation>
	<folder></folder>
	<filename>panda_00024_jpg.rf.4a729756e3fc9b23c77b0d1bf7e0dc03.jpg</filename>
	<path>panda_00024_jpg.rf.4a729756e3fc9b23c77b0d1bf7e0dc03.jpg</path>
	<source>
		<database>roboflow.ai</database>
	</source>
	<size>
		<width>416</width>
		<height>416</height>
		<depth>3</depth>
	</size>
	<segmented>0</segmented>
	<object>
		<name>panda</name>
		<pose>Unspecified</pose>
		<truncated>0</truncated>
		<difficult>0</difficult>
		<occluded>0</occluded>
		<bndbox>
			<xmin>1</xmin>
			<xmax>416</xmax>
			<ymin>82</ymin>
			<ymax>313</ymax>
		</bndbox>
	</object>
</annotation>
