<annotation>
	<folder></folder>
	<filename>panda_00082_jpg.rf.226fc1043123b283db9015f2b099efcd.jpg</filename>
	<path>panda_00082_jpg.rf.226fc1043123b283db9015f2b099efcd.jpg</path>
	<source>
		<database>roboflow.ai</database>
	</source>
	<size>
		<width>416</width>
		<height>416</height>
		<depth>3</depth>
	</size>
	<segmented>0</segmented>
	<object>
		<name>panda</name>
		<pose>Unspecified</pose>
		<truncated>0</truncated>
		<difficult>0</difficult>
		<occluded>0</occluded>
		<bndbox>
			<xmin>14</xmin>
			<xmax>379</xmax>
			<ymin>31</ymin>
			<ymax>416</ymax>
		</bndbox>
	</object>
</annotation>
