<annotation>
	<folder></folder>
	<filename>panda_00023_jpg.rf.36aa4787a52dd0a75c098ab1d18637f4.jpg</filename>
	<path>panda_00023_jpg.rf.36aa4787a52dd0a75c098ab1d18637f4.jpg</path>
	<source>
		<database>roboflow.ai</database>
	</source>
	<size>
		<width>416</width>
		<height>416</height>
		<depth>3</depth>
	</size>
	<segmented>0</segmented>
	<object>
		<name>panda</name>
		<pose>Unspecified</pose>
		<truncated>0</truncated>
		<difficult>0</difficult>
		<occluded>0</occluded>
		<bndbox>
			<xmin>1</xmin>
			<xmax>400</xmax>
			<ymin>24</ymin>
			<ymax>416</ymax>
		</bndbox>
	</object>
</annotation>
