<annotation>
	<folder>ITI107_Assignment_dataset</folder>
	<filename>Image016.jpg</filename>
	<path>/home/yapjingyang/Desktop/ITI107_Assignment_dataset/Image016.jpg</path>
	<source>
		<database>Unknown</database>
	</source>
	<size>
		<width>275</width>
		<height>183</height>
		<depth>3</depth>
	</size>
	<segmented>0</segmented>
	<object>
		<name>monkey</name>
		<pose>Unspecified</pose>
		<truncated>0</truncated>
		<difficult>0</difficult>
		<bndbox>
			<xmin>36</xmin>
			<ymin>34</ymin>
			<xmax>139</xmax>
			<ymax>176</ymax>
		</bndbox>
	</object>
</annotation>
