<annotation>
	<folder></folder>
	<filename>panda_00025_jpg.rf.6400f9187412f7625c8c0b35e54097cd.jpg</filename>
	<path>panda_00025_jpg.rf.6400f9187412f7625c8c0b35e54097cd.jpg</path>
	<source>
		<database>roboflow.ai</database>
	</source>
	<size>
		<width>416</width>
		<height>416</height>
		<depth>3</depth>
	</size>
	<segmented>0</segmented>
	<object>
		<name>panda</name>
		<pose>Unspecified</pose>
		<truncated>0</truncated>
		<difficult>0</difficult>
		<occluded>0</occluded>
		<bndbox>
			<xmin>94</xmin>
			<xmax>380</xmax>
			<ymin>66</ymin>
			<ymax>416</ymax>
		</bndbox>
	</object>
</annotation>
