<annotation>
	<folder>ITI107_Assignment_dataset</folder>
	<filename>Image131.jpg</filename>
	<path>/home/yapjingyang/Desktop/ITI107_Assignment_dataset/Image131.jpg</path>
	<source>
		<database>Unknown</database>
	</source>
	<size>
		<width>1298</width>
		<height>867</height>
		<depth>3</depth>
	</size>
	<segmented>0</segmented>
	<object>
		<name>monkey</name>
		<pose>Unspecified</pose>
		<truncated>1</truncated>
		<difficult>0</difficult>
		<bndbox>
			<xmin>188</xmin>
			<ymin>18</ymin>
			<xmax>1225</xmax>
			<ymax>867</ymax>
		</bndbox>
	</object>
</annotation>
