<annotation>
	<folder></folder>
	<filename>panda_00063_jpg.rf.68ec8b4ce8aeabd2ed64c994bab9e725.jpg</filename>
	<path>panda_00063_jpg.rf.68ec8b4ce8aeabd2ed64c994bab9e725.jpg</path>
	<source>
		<database>roboflow.ai</database>
	</source>
	<size>
		<width>416</width>
		<height>416</height>
		<depth>3</depth>
	</size>
	<segmented>0</segmented>
	<object>
		<name>panda</name>
		<pose>Unspecified</pose>
		<truncated>0</truncated>
		<difficult>0</difficult>
		<occluded>0</occluded>
		<bndbox>
			<xmin>1</xmin>
			<xmax>371</xmax>
			<ymin>68</ymin>
			<ymax>315</ymax>
		</bndbox>
	</object>
</annotation>
