<annotation>
	<folder></folder>
	<filename>panda_00072_jpg.rf.3e8ecb625b5c3708834a81ba8c48eee4.jpg</filename>
	<path>panda_00072_jpg.rf.3e8ecb625b5c3708834a81ba8c48eee4.jpg</path>
	<source>
		<database>roboflow.ai</database>
	</source>
	<size>
		<width>416</width>
		<height>416</height>
		<depth>3</depth>
	</size>
	<segmented>0</segmented>
	<object>
		<name>panda</name>
		<pose>Unspecified</pose>
		<truncated>0</truncated>
		<difficult>0</difficult>
		<occluded>0</occluded>
		<bndbox>
			<xmin>103</xmin>
			<xmax>416</xmax>
			<ymin>57</ymin>
			<ymax>416</ymax>
		</bndbox>
	</object>
</annotation>
