<annotation>
	<folder></folder>
	<filename>panda_00053_jpg.rf.78b4b396585b6cb05821eedaba3887b1.jpg</filename>
	<path>panda_00053_jpg.rf.78b4b396585b6cb05821eedaba3887b1.jpg</path>
	<source>
		<database>roboflow.ai</database>
	</source>
	<size>
		<width>416</width>
		<height>416</height>
		<depth>3</depth>
	</size>
	<segmented>0</segmented>
	<object>
		<name>panda</name>
		<pose>Unspecified</pose>
		<truncated>0</truncated>
		<difficult>0</difficult>
		<occluded>0</occluded>
		<bndbox>
			<xmin>7</xmin>
			<xmax>295</xmax>
			<ymin>142</ymin>
			<ymax>416</ymax>
		</bndbox>
	</object>
</annotation>
