<annotation>
	<folder></folder>
	<filename>panda_00058_jpg.rf.5e19b573461345c5bd1a82db5c509053.jpg</filename>
	<path>panda_00058_jpg.rf.5e19b573461345c5bd1a82db5c509053.jpg</path>
	<source>
		<database>roboflow.ai</database>
	</source>
	<size>
		<width>416</width>
		<height>416</height>
		<depth>3</depth>
	</size>
	<segmented>0</segmented>
	<object>
		<name>panda</name>
		<pose>Unspecified</pose>
		<truncated>0</truncated>
		<difficult>0</difficult>
		<occluded>0</occluded>
		<bndbox>
			<xmin>28</xmin>
			<xmax>291</xmax>
			<ymin>74</ymin>
			<ymax>416</ymax>
		</bndbox>
	</object>
</annotation>
