<annotation>
	<folder></folder>
	<filename>panda_00016_jpg.rf.255728c4d54a82bbf60504778b1bb17c.jpg</filename>
	<path>panda_00016_jpg.rf.255728c4d54a82bbf60504778b1bb17c.jpg</path>
	<source>
		<database>roboflow.ai</database>
	</source>
	<size>
		<width>416</width>
		<height>416</height>
		<depth>3</depth>
	</size>
	<segmented>0</segmented>
	<object>
		<name>panda</name>
		<pose>Unspecified</pose>
		<truncated>0</truncated>
		<difficult>0</difficult>
		<occluded>0</occluded>
		<bndbox>
			<xmin>1</xmin>
			<xmax>402</xmax>
			<ymin>11</ymin>
			<ymax>417</ymax>
		</bndbox>
	</object>
</annotation>
