<annotation>
	<folder>ITI107_Assignment_dataset</folder>
	<filename>Image039.jpg</filename>
	<path>/home/yapjingyang/Desktop/ITI107_Assignment_dataset/Image039.jpg</path>
	<source>
		<database>Unknown</database>
	</source>
	<size>
		<width>1024</width>
		<height>535</height>
		<depth>3</depth>
	</size>
	<segmented>0</segmented>
	<object>
		<name>monkey</name>
		<pose>Unspecified</pose>
		<truncated>0</truncated>
		<difficult>0</difficult>
		<bndbox>
			<xmin>297</xmin>
			<ymin>90</ymin>
			<xmax>489</xmax>
			<ymax>386</ymax>
		</bndbox>
	</object>
	<object>
		<name>monkey</name>
		<pose>Unspecified</pose>
		<truncated>0</truncated>
		<difficult>0</difficult>
		<bndbox>
			<xmin>463</xmin>
			<ymin>133</ymin>
			<xmax>620</xmax>
			<ymax>400</ymax>
		</bndbox>
	</object>
	<object>
		<name>monkey</name>
		<pose>Unspecified</pose>
		<truncated>0</truncated>
		<difficult>0</difficult>
		<bndbox>
			<xmin>560</xmin>
			<ymin>207</ymin>
			<xmax>752</xmax>
			<ymax>430</ymax>
		</bndbox>
	</object>
</annotation>
