<annotation>
	<folder>ITI107_Assignment_dataset</folder>
	<filename>Image157.jpg</filename>
	<path>/home/yapjingyang/Desktop/ITI107_Assignment_dataset/Image157.jpg</path>
	<source>
		<database>Unknown</database>
	</source>
	<size>
		<width>1500</width>
		<height>999</height>
		<depth>3</depth>
	</size>
	<segmented>0</segmented>
	<object>
		<name>monkey</name>
		<pose>Unspecified</pose>
		<truncated>0</truncated>
		<difficult>0</difficult>
		<bndbox>
			<xmin>173</xmin>
			<ymin>53</ymin>
			<xmax>738</xmax>
			<ymax>827</ymax>
		</bndbox>
	</object>
	<object>
		<name>monkey</name>
		<pose>Unspecified</pose>
		<truncated>0</truncated>
		<difficult>0</difficult>
		<bndbox>
			<xmin>673</xmin>
			<ymin>85</ymin>
			<xmax>975</xmax>
			<ymax>589</ymax>
		</bndbox>
	</object>
	<object>
		<name>monkey</name>
		<pose>Unspecified</pose>
		<truncated>0</truncated>
		<difficult>0</difficult>
		<bndbox>
			<xmin>889</xmin>
			<ymin>140</ymin>
			<xmax>1136</xmax>
			<ymax>491</ymax>
		</bndbox>
	</object>
</annotation>
