<annotation>
	<folder>ITI107_Assignment_dataset</folder>
	<filename>Image082.jpg</filename>
	<path>/home/yapjingyang/Desktop/ITI107_Assignment_dataset/Image082.jpg</path>
	<source>
		<database>Unknown</database>
	</source>
	<size>
		<width>272</width>
		<height>185</height>
		<depth>3</depth>
	</size>
	<segmented>0</segmented>
	<object>
		<name>monkey</name>
		<pose>Unspecified</pose>
		<truncated>0</truncated>
		<difficult>0</difficult>
		<bndbox>
			<xmin>133</xmin>
			<ymin>21</ymin>
			<xmax>212</xmax>
			<ymax>160</ymax>
		</bndbox>
	</object>
</annotation>
