<annotation>
	<folder>ITI107_Assignment_dataset</folder>
	<filename>Image182.jpg</filename>
	<path>/home/yapjingyang/Desktop/ITI107_Assignment_dataset/Image182.jpg</path>
	<source>
		<database>Unknown</database>
	</source>
	<size>
		<width>1995</width>
		<height>1325</height>
		<depth>3</depth>
	</size>
	<segmented>0</segmented>
	<object>
		<name>monkey</name>
		<pose>Unspecified</pose>
		<truncated>0</truncated>
		<difficult>0</difficult>
		<bndbox>
			<xmin>116</xmin>
			<ymin>334</ymin>
			<xmax>960</xmax>
			<ymax>1306</ymax>
		</bndbox>
	</object>
	<object>
		<name>monkey</name>
		<pose>Unspecified</pose>
		<truncated>0</truncated>
		<difficult>0</difficult>
		<bndbox>
			<xmin>790</xmin>
			<ymin>316</ymin>
			<xmax>1352</xmax>
			<ymax>1083</ymax>
		</bndbox>
	</object>
	<object>
		<name>monkey</name>
		<pose>Unspecified</pose>
		<truncated>0</truncated>
		<difficult>0</difficult>
		<bndbox>
			<xmin>1180</xmin>
			<ymin>578</ymin>
			<xmax>1796</xmax>
			<ymax>1060</ymax>
		</bndbox>
	</object>
</annotation>
