<annotation>
	<folder>ITI107_Assignment_dataset</folder>
	<filename>Image051.jpg</filename>
	<path>/home/yapjingyang/Desktop/ITI107_Assignment_dataset/Image051.jpg</path>
	<source>
		<database>Unknown</database>
	</source>
	<size>
		<width>800</width>
		<height>502</height>
		<depth>3</depth>
	</size>
	<segmented>0</segmented>
	<object>
		<name>monkey</name>
		<pose>Unspecified</pose>
		<truncated>1</truncated>
		<difficult>0</difficult>
		<bndbox>
			<xmin>105</xmin>
			<ymin>29</ymin>
			<xmax>350</xmax>
			<ymax>502</ymax>
		</bndbox>
	</object>
	<object>
		<name>monkey</name>
		<pose>Unspecified</pose>
		<truncated>0</truncated>
		<difficult>0</difficult>
		<bndbox>
			<xmin>387</xmin>
			<ymin>41</ymin>
			<xmax>677</xmax>
			<ymax>393</ymax>
		</bndbox>
	</object>
</annotation>
