<annotation>
	<folder></folder>
	<filename>panda_00003_jpg.rf.32b4fd48eb08764a5ec3ddd8dc2dd48f.jpg</filename>
	<path>panda_00003_jpg.rf.32b4fd48eb08764a5ec3ddd8dc2dd48f.jpg</path>
	<source>
		<database>roboflow.ai</database>
	</source>
	<size>
		<width>416</width>
		<height>416</height>
		<depth>3</depth>
	</size>
	<segmented>0</segmented>
	<object>
		<name>panda</name>
		<pose>Unspecified</pose>
		<truncated>0</truncated>
		<difficult>0</difficult>
		<occluded>0</occluded>
		<bndbox>
			<xmin>76</xmin>
			<xmax>330</xmax>
			<ymin>57</ymin>
			<ymax>416</ymax>
		</bndbox>
	</object>
</annotation>
