<annotation>
	<folder>ITI107_Assignment_dataset</folder>
	<filename>Image076.jpg</filename>
	<path>/home/yapjingyang/Desktop/ITI107_Assignment_dataset/Image076.jpg</path>
	<source>
		<database>Unknown</database>
	</source>
	<size>
		<width>2500</width>
		<height>1875</height>
		<depth>3</depth>
	</size>
	<segmented>0</segmented>
	<object>
		<name>monkey</name>
		<pose>Unspecified</pose>
		<truncated>0</truncated>
		<difficult>0</difficult>
		<bndbox>
			<xmin>974</xmin>
			<ymin>517</ymin>
			<xmax>1961</xmax>
			<ymax>1704</ymax>
		</bndbox>
	</object>
</annotation>
