<annotation>
	<folder>ITI107_Assignment_dataset</folder>
	<filename>Image046.jpg</filename>
	<path>/home/yapjingyang/Desktop/ITI107_Assignment_dataset/Image046.jpg</path>
	<source>
		<database>Unknown</database>
	</source>
	<size>
		<width>500</width>
		<height>334</height>
		<depth>3</depth>
	</size>
	<segmented>0</segmented>
	<object>
		<name>monkey</name>
		<pose>Unspecified</pose>
		<truncated>0</truncated>
		<difficult>0</difficult>
		<bndbox>
			<xmin>56</xmin>
			<ymin>58</ymin>
			<xmax>163</xmax>
			<ymax>264</ymax>
		</bndbox>
	</object>
	<object>
		<name>monkey</name>
		<pose>Unspecified</pose>
		<truncated>0</truncated>
		<difficult>0</difficult>
		<bndbox>
			<xmin>113</xmin>
			<ymin>65</ymin>
			<xmax>214</xmax>
			<ymax>264</ymax>
		</bndbox>
	</object>
	<object>
		<name>monkey</name>
		<pose>Unspecified</pose>
		<truncated>0</truncated>
		<difficult>0</difficult>
		<bndbox>
			<xmin>171</xmin>
			<ymin>73</ymin>
			<xmax>297</xmax>
			<ymax>268</ymax>
		</bndbox>
	</object>
</annotation>
