<annotation>
	<folder>ITI107_Assignment_dataset</folder>
	<filename>Image176.jpg</filename>
	<path>/home/yapjingyang/Desktop/ITI107_Assignment_dataset/Image176.jpg</path>
	<source>
		<database>Unknown</database>
	</source>
	<size>
		<width>1300</width>
		<height>866</height>
		<depth>3</depth>
	</size>
	<segmented>0</segmented>
	<object>
		<name>monkey</name>
		<pose>Unspecified</pose>
		<truncated>0</truncated>
		<difficult>0</difficult>
		<bndbox>
			<xmin>60</xmin>
			<ymin>66</ymin>
			<xmax>883</xmax>
			<ymax>810</ymax>
		</bndbox>
	</object>
</annotation>
