<annotation>
	<folder></folder>
	<filename>panda_00080_jpg.rf.9552882967bca82e3d70c9257c6406f1.jpg</filename>
	<path>panda_00080_jpg.rf.9552882967bca82e3d70c9257c6406f1.jpg</path>
	<source>
		<database>roboflow.ai</database>
	</source>
	<size>
		<width>416</width>
		<height>416</height>
		<depth>3</depth>
	</size>
	<segmented>0</segmented>
	<object>
		<name>panda</name>
		<pose>Unspecified</pose>
		<truncated>0</truncated>
		<difficult>0</difficult>
		<occluded>0</occluded>
		<bndbox>
			<xmin>45</xmin>
			<xmax>194</xmax>
			<ymin>108</ymin>
			<ymax>327</ymax>
		</bndbox>
	</object>
	<object>
		<name>panda</name>
		<pose>Unspecified</pose>
		<truncated>0</truncated>
		<difficult>0</difficult>
		<occluded>0</occluded>
		<bndbox>
			<xmin>260</xmin>
			<xmax>365</xmax>
			<ymin>206</ymin>
			<ymax>320</ymax>
		</bndbox>
	</object>
</annotation>
