<annotation>
	<folder>ITI107_Assignment_dataset</folder>
	<filename>Image037.jpg</filename>
	<path>/home/yapjingyang/Desktop/ITI107_Assignment_dataset/Image037.jpg</path>
	<source>
		<database>Unknown</database>
	</source>
	<size>
		<width>299</width>
		<height>168</height>
		<depth>3</depth>
	</size>
	<segmented>0</segmented>
	<object>
		<name>monkey</name>
		<pose>Unspecified</pose>
		<truncated>1</truncated>
		<difficult>0</difficult>
		<bndbox>
			<xmin>27</xmin>
			<ymin>69</ymin>
			<xmax>90</xmax>
			<ymax>168</ymax>
		</bndbox>
	</object>
	<object>
		<name>monkey</name>
		<pose>Unspecified</pose>
		<truncated>0</truncated>
		<difficult>0</difficult>
		<bndbox>
			<xmin>75</xmin>
			<ymin>57</ymin>
			<xmax>140</xmax>
			<ymax>162</ymax>
		</bndbox>
	</object>
	<object>
		<name>monkey</name>
		<pose>Unspecified</pose>
		<truncated>0</truncated>
		<difficult>0</difficult>
		<bndbox>
			<xmin>146</xmin>
			<ymin>27</ymin>
			<xmax>220</xmax>
			<ymax>165</ymax>
		</bndbox>
	</object>
	<object>
		<name>monkey</name>
		<pose>Unspecified</pose>
		<truncated>1</truncated>
		<difficult>0</difficult>
		<bndbox>
			<xmin>201</xmin>
			<ymin>65</ymin>
			<xmax>273</xmax>
			<ymax>168</ymax>
		</bndbox>
	</object>
</annotation>
