<annotation>
	<folder></folder>
	<filename>panda_00154_jpg.rf.b7864f4ededc8722c74e9bb346306b4e.jpg</filename>
	<path>panda_00154_jpg.rf.b7864f4ededc8722c74e9bb346306b4e.jpg</path>
	<source>
		<database>roboflow.ai</database>
	</source>
	<size>
		<width>416</width>
		<height>416</height>
		<depth>3</depth>
	</size>
	<segmented>0</segmented>
	<object>
		<name>panda</name>
		<pose>Unspecified</pose>
		<truncated>0</truncated>
		<difficult>0</difficult>
		<occluded>0</occluded>
		<bndbox>
			<xmin>90</xmin>
			<xmax>265</xmax>
			<ymin>60</ymin>
			<ymax>327</ymax>
		</bndbox>
	</object>
</annotation>
