<annotation>
	<folder></folder>
	<filename>panda_00166_jpg.rf.230576f5268df9002a8c7540c1db6422.jpg</filename>
	<path>panda_00166_jpg.rf.230576f5268df9002a8c7540c1db6422.jpg</path>
	<source>
		<database>roboflow.ai</database>
	</source>
	<size>
		<width>416</width>
		<height>416</height>
		<depth>3</depth>
	</size>
	<segmented>0</segmented>
	<object>
		<name>panda</name>
		<pose>Unspecified</pose>
		<truncated>0</truncated>
		<difficult>0</difficult>
		<occluded>0</occluded>
		<bndbox>
			<xmin>118</xmin>
			<xmax>320</xmax>
			<ymin>105</ymin>
			<ymax>364</ymax>
		</bndbox>
	</object>
</annotation>
