<annotation>
	<folder>ITI107_Assignment_dataset</folder>
	<filename>Image200.jpg</filename>
	<path>/home/yapjingyang/Desktop/ITI107_Assignment_dataset/Image200.jpg</path>
	<source>
		<database>Unknown</database>
	</source>
	<size>
		<width>800</width>
		<height>450</height>
		<depth>3</depth>
	</size>
	<segmented>0</segmented>
	<object>
		<name>monkey</name>
		<pose>Unspecified</pose>
		<truncated>0</truncated>
		<difficult>0</difficult>
		<bndbox>
			<xmin>194</xmin>
			<ymin>160</ymin>
			<xmax>346</xmax>
			<ymax>376</ymax>
		</bndbox>
	</object>
</annotation>
