<annotation>
	<folder>ITI107_Assignment_dataset</folder>
	<filename>Image007.jpg</filename>
	<path>/home/yapjingyang/Desktop/ITI107_Assignment_dataset/Image007.jpg</path>
	<source>
		<database>Unknown</database>
	</source>
	<size>
		<width>1200</width>
		<height>782</height>
		<depth>3</depth>
	</size>
	<segmented>0</segmented>
	<object>
		<name>monkey</name>
		<pose>Unspecified</pose>
		<truncated>0</truncated>
		<difficult>0</difficult>
		<bndbox>
			<xmin>216</xmin>
			<ymin>67</ymin>
			<xmax>540</xmax>
			<ymax>620</ymax>
		</bndbox>
	</object>
	<object>
		<name>monkey</name>
		<pose>Unspecified</pose>
		<truncated>0</truncated>
		<difficult>0</difficult>
		<bndbox>
			<xmin>452</xmin>
			<ymin>100</ymin>
			<xmax>805</xmax>
			<ymax>677</ymax>
		</bndbox>
	</object>
	<object>
		<name>monkey</name>
		<pose>Unspecified</pose>
		<truncated>0</truncated>
		<difficult>0</difficult>
		<bndbox>
			<xmin>705</xmin>
			<ymin>153</ymin>
			<xmax>1029</xmax>
			<ymax>673</ymax>
		</bndbox>
	</object>
</annotation>
