<annotation>
	<folder></folder>
	<filename>panda_00084_jpg.rf.d13bf60f237a17cc389333b6480aad3b.jpg</filename>
	<path>panda_00084_jpg.rf.d13bf60f237a17cc389333b6480aad3b.jpg</path>
	<source>
		<database>roboflow.ai</database>
	</source>
	<size>
		<width>416</width>
		<height>416</height>
		<depth>3</depth>
	</size>
	<segmented>0</segmented>
	<object>
		<name>panda</name>
		<pose>Unspecified</pose>
		<truncated>0</truncated>
		<difficult>0</difficult>
		<occluded>0</occluded>
		<bndbox>
			<xmin>139</xmin>
			<xmax>301</xmax>
			<ymin>119</ymin>
			<ymax>333</ymax>
		</bndbox>
	</object>
</annotation>
