<annotation>
	<folder>ITI107_Assignment_dataset</folder>
	<filename>Image013.jpg</filename>
	<path>/home/yapjingyang/Desktop/ITI107_Assignment_dataset/Image013.jpg</path>
	<source>
		<database>Unknown</database>
	</source>
	<size>
		<width>1200</width>
		<height>800</height>
		<depth>3</depth>
	</size>
	<segmented>0</segmented>
	<object>
		<name>monkey</name>
		<pose>Unspecified</pose>
		<truncated>1</truncated>
		<difficult>0</difficult>
		<bndbox>
			<xmin>279</xmin>
			<ymin>33</ymin>
			<xmax>767</xmax>
			<ymax>800</ymax>
		</bndbox>
	</object>
</annotation>
