<annotation>
	<folder></folder>
	<filename>panda_00077_jpg.rf.5d778d5ca363f2578ff055728de41bd8.jpg</filename>
	<path>panda_00077_jpg.rf.5d778d5ca363f2578ff055728de41bd8.jpg</path>
	<source>
		<database>roboflow.ai</database>
	</source>
	<size>
		<width>416</width>
		<height>416</height>
		<depth>3</depth>
	</size>
	<segmented>0</segmented>
	<object>
		<name>panda</name>
		<pose>Unspecified</pose>
		<truncated>0</truncated>
		<difficult>0</difficult>
		<occluded>0</occluded>
		<bndbox>
			<xmin>82</xmin>
			<xmax>257</xmax>
			<ymin>125</ymin>
			<ymax>389</ymax>
		</bndbox>
	</object>
</annotation>
