<annotation>
	<folder>ITI107_Assignment_dataset</folder>
	<filename>Image115.jpg</filename>
	<path>/home/yapjingyang/Desktop/ITI107_Assignment_dataset/Image115.jpg</path>
	<source>
		<database>Unknown</database>
	</source>
	<size>
		<width>312</width>
		<height>449</height>
		<depth>3</depth>
	</size>
	<segmented>0</segmented>
	<object>
		<name>monkey</name>
		<pose>Unspecified</pose>
		<truncated>0</truncated>
		<difficult>0</difficult>
		<bndbox>
			<xmin>19</xmin>
			<ymin>58</ymin>
			<xmax>260</xmax>
			<ymax>406</ymax>
		</bndbox>
	</object>
</annotation>
