<annotation>
	<folder></folder>
	<filename>panda_00014_jpg.rf.9d259ddf0d4905cb37430061e976708d.jpg</filename>
	<path>panda_00014_jpg.rf.9d259ddf0d4905cb37430061e976708d.jpg</path>
	<source>
		<database>roboflow.ai</database>
	</source>
	<size>
		<width>416</width>
		<height>416</height>
		<depth>3</depth>
	</size>
	<segmented>0</segmented>
	<object>
		<name>panda</name>
		<pose>Unspecified</pose>
		<truncated>0</truncated>
		<difficult>0</difficult>
		<occluded>0</occluded>
		<bndbox>
			<xmin>185</xmin>
			<xmax>229</xmax>
			<ymin>188</ymin>
			<ymax>250</ymax>
		</bndbox>
	</object>
</annotation>
