<annotation>
	<folder>ITI107_Assignment_dataset</folder>
	<filename>Image147.jpg</filename>
	<path>/home/yapjingyang/Desktop/ITI107_Assignment_dataset/Image147.jpg</path>
	<source>
		<database>Unknown</database>
	</source>
	<size>
		<width>450</width>
		<height>336</height>
		<depth>3</depth>
	</size>
	<segmented>0</segmented>
	<object>
		<name>monkey</name>
		<pose>Unspecified</pose>
		<truncated>0</truncated>
		<difficult>0</difficult>
		<bndbox>
			<xmin>89</xmin>
			<ymin>22</ymin>
			<xmax>319</xmax>
			<ymax>245</ymax>
		</bndbox>
	</object>
</annotation>
