<annotation>
	<folder></folder>
	<filename>panda_00042_jpg.rf.2e7310ee39c66dc898cd9f57bb99bd02.jpg</filename>
	<path>panda_00042_jpg.rf.2e7310ee39c66dc898cd9f57bb99bd02.jpg</path>
	<source>
		<database>roboflow.ai</database>
	</source>
	<size>
		<width>416</width>
		<height>416</height>
		<depth>3</depth>
	</size>
	<segmented>0</segmented>
	<object>
		<name>panda</name>
		<pose>Unspecified</pose>
		<truncated>0</truncated>
		<difficult>0</difficult>
		<occluded>0</occluded>
		<bndbox>
			<xmin>80</xmin>
			<xmax>416</xmax>
			<ymin>85</ymin>
			<ymax>416</ymax>
		</bndbox>
	</object>
</annotation>
