<annotation>
	<folder>ITI107_Assignment_dataset</folder>
	<filename>Image126.jpg</filename>
	<path>/home/yapjingyang/Desktop/ITI107_Assignment_dataset/Image126.jpg</path>
	<source>
		<database>Unknown</database>
	</source>
	<size>
		<width>864</width>
		<height>1302</height>
		<depth>3</depth>
	</size>
	<segmented>0</segmented>
	<object>
		<name>monkey</name>
		<pose>Unspecified</pose>
		<truncated>1</truncated>
		<difficult>0</difficult>
		<bndbox>
			<xmin>57</xmin>
			<ymin>71</ymin>
			<xmax>864</xmax>
			<ymax>1037</ymax>
		</bndbox>
	</object>
</annotation>
